assignment_id,student_id,subject,total_assignments,submitted_assignments,completion_percentage,average_assignment_score
ASG00001,STU00001,Big Data Analytics,11,7,63.64,35.12
ASG00002,STU00001,Computer Networks,12,4,33.33,37.29
ASG00003,STU00001,Database Management,11,7,63.64,53.18
ASG00004,STU00001,Machine Learning,8,5,62.5,54.58
ASG00005,STU00001,Operating Systems,8,7,87.5,51.46
ASG00006,STU00002,Big Data Analytics,12,5,41.67,66.53
ASG00007,STU00002,Computer Networks,9,5,55.56,70.49
ASG00008,STU00002,Database Management,11,10,90.91,71.37
ASG00009,STU00002,Machine Learning,8,3,37.5,86.91
ASG00010,STU00002,Operating Systems,11,5,45.45,39.83
ASG00011,STU00003,Big Data Analytics,8,8,100.0,97.05
ASG00012,STU00003,Computer Networks,8,3,37.5,40.2
ASG00013,STU00003,Database Management,12,6,50.0,84.96
ASG00014,STU00003,Machine Learning,8,7,87.5,71.24
ASG00015,STU00003,Operating Systems,11,9,81.82,36.66
ASG00016,STU00004,Big Data Analytics,9,8,88.89,50.34
ASG00017,STU00004,Computer Networks,12,9,75.0,74.64
ASG00018,STU00004,Database Management,12,5,41.67,61.42
ASG00019,STU00004,Machine Learning,11,6,54.55,69.13
ASG00020,STU00004,Operating Systems,9,8,88.89,50.53
ASG00021,STU00005,Big Data Analytics,11,5,45.45,93.66
ASG00022,STU00005,Computer Networks,8,4,50.0,85.47
ASG00023,STU00005,Database Management,10,3,30.0,95.03
ASG00024,STU00005,Machine Learning,8,6,75.0,89.8
ASG00025,STU00005,Operating Systems,11,4,36.36,71.14
ASG00026,STU00006,Big Data Analytics,11,3,27.27,72.54
ASG00027,STU00006,Computer Networks,10,10,100.0,37.46
ASG00028,STU00006,Database Management,11,7,63.64,73.96
ASG00029,STU00006,Machine Learning,9,7,77.78,88.25
ASG00030,STU00006,Operating Systems,10,5,50.0,35.63
ASG00031,STU00007,Big Data Analytics,8,7,87.5,86.86
ASG00032,STU00007,Computer Networks,10,3,30.0,66.7
ASG00033,STU00007,Database Management,11,3,27.27,38.53
ASG00034,STU00007,Machine Learning,10,7,70.0,76.6
ASG00035,STU00007,Operating Systems,8,7,87.5,78.2
ASG00036,STU00008,Big Data Analytics,10,6,60.0,68.46
ASG00037,STU00008,Computer Networks,9,8,88.89,50.83
ASG00038,STU00008,Database Management,8,4,50.0,52.22
ASG00039,STU00008,Machine Learning,11,3,27.27,69.76
ASG00040,STU00008,Operating Systems,12,9,75.0,46.88
ASG00041,STU00009,Big Data Analytics,8,4,50.0,95.04
ASG00042,STU00009,Computer Networks,8,8,100.0,38.28
ASG00043,STU00009,Database Management,10,8,80.0,54.51
ASG00044,STU00009,Machine Learning,12,11,91.67,88.62
ASG00045,STU00009,Operating Systems,11,4,36.36,78.69
ASG00046,STU00010,Big Data Analytics,8,4,50.0,51.03
ASG00047,STU00010,Computer Networks,12,10,83.33,47.05
ASG00048,STU00010,Database Management,9,7,77.78,78.14
ASG00049,STU00010,Machine Learning,10,8,80.0,94.12
ASG00050,STU00010,Operating Systems,8,8,100.0,88.51
ASG00051,STU00011,Big Data Analytics,8,8,100.0,84.81
ASG00052,STU00011,Computer Networks,10,8,80.0,46.75
ASG00053,STU00011,Database Management,8,5,62.5,93.52
ASG00054,STU00011,Machine Learning,12,11,91.67,88.25
ASG00055,STU00011,Operating Systems,10,6,60.0,45.41
ASG00056,STU00012,Big Data Analytics,11,8,72.73,49.93
ASG00057,STU00012,Computer Networks,8,6,75.0,50.81
ASG00058,STU00012,Database Management,12,10,83.33,46.95
ASG00059,STU00012,Machine Learning,8,6,75.0,87.04
ASG00060,STU00012,Operating Systems,8,6,75.0,69.79
ASG00061,STU00013,Big Data Analytics,8,8,100.0,79.84
ASG00062,STU00013,Computer Networks,9,9,100.0,87.6
ASG00063,STU00013,Database Management,12,8,66.67,70.41
ASG00064,STU00013,Machine Learning,12,7,58.33,66.55
ASG00065,STU00013,Operating Systems,11,5,45.45,38.19
ASG00066,STU00014,Big Data Analytics,11,11,100.0,69.85
ASG00067,STU00014,Computer Networks,12,8,66.67,62.18
ASG00068,STU00014,Database Management,10,6,60.0,39.13
ASG00069,STU00014,Machine Learning,11,10,90.91,86.87
ASG00070,STU00014,Operating Systems,8,4,50.0,85.29
ASG00071,STU00015,Big Data Analytics,8,8,100.0,58.11
ASG00072,STU00015,Computer Networks,12,9,75.0,78.89
ASG00073,STU00015,Database Management,11,5,45.45,60.58
ASG00074,STU00015,Machine Learning,12,9,75.0,77.57
ASG00075,STU00015,Operating Systems,11,9,81.82,39.4
ASG00076,STU00016,Big Data Analytics,11,5,45.45,62.39
ASG00077,STU00016,Computer Networks,10,9,90.0,70.92
ASG00078,STU00016,Database Management,11,10,90.91,38.59
ASG00079,STU00016,Machine Learning,9,3,33.33,89.19
ASG00080,STU00016,Operating Systems,10,10,100.0,40.17
ASG00081,STU00017,Big Data Analytics,8,4,50.0,55.59
ASG00082,STU00017,Computer Networks,10,5,50.0,53.84
ASG00083,STU00017,Database Management,11,4,36.36,58.38
ASG00084,STU00017,Machine Learning,11,3,27.27,40.23
ASG00085,STU00017,Operating Systems,11,5,45.45,46.51
ASG00086,STU00018,Big Data Analytics,11,11,100.0,57.64
ASG00087,STU00018,Computer Networks,9,8,88.89,77.89
ASG00088,STU00018,Database Management,8,7,87.5,77.24
ASG00089,STU00018,Machine Learning,8,5,62.5,55.38
ASG00090,STU00018,Operating Systems,12,3,25.0,45.64
ASG00091,STU00019,Big Data Analytics,9,4,44.44,77.01
ASG00092,STU00019,Computer Networks,8,3,37.5,35.72
ASG00093,STU00019,Database Management,10,10,100.0,77.05
ASG00094,STU00019,Machine Learning,9,8,88.89,75.07
ASG00095,STU00019,Operating Systems,10,7,70.0,61.65
ASG00096,STU00020,Big Data Analytics,11,4,36.36,74.93
ASG00097,STU00020,Computer Networks,11,7,63.64,52.9
ASG00098,STU00020,Database Management,12,11,91.67,73.2
ASG00099,STU00020,Machine Learning,9,7,77.78,50.35
ASG00100,STU00020,Operating Systems,8,6,75.0,90.03
ASG00101,STU00021,Big Data Analytics,9,4,44.44,47.71
ASG00102,STU00021,Computer Networks,9,7,77.78,98.74
ASG00103,STU00021,Database Management,12,12,100.0,35.15
ASG00104,STU00021,Machine Learning,12,12,100.0,58.56
ASG00105,STU00021,Operating Systems,10,9,90.0,83.24
ASG00106,STU00022,Big Data Analytics,9,6,66.67,95.25
ASG00107,STU00022,Computer Networks,11,9,81.82,85.65
ASG00108,STU00022,Database Management,10,8,80.0,55.01
ASG00109,STU00022,Machine Learning,12,12,100.0,55.61
ASG00110,STU00022,Operating Systems,11,10,90.91,77.62
ASG00111,STU00023,Big Data Analytics,10,6,60.0,56.68
ASG00112,STU00023,Computer Networks,9,6,66.67,95.68
ASG00113,STU00023,Database Management,9,6,66.67,47.17
ASG00114,STU00023,Machine Learning,9,8,88.89,92.54
ASG00115,STU00023,Operating Systems,8,8,100.0,74.22
ASG00116,STU00024,Big Data Analytics,9,8,88.89,59.97
ASG00117,STU00024,Computer Networks,10,4,40.0,89.27
ASG00118,STU00024,Database Management,11,11,100.0,48.11
ASG00119,STU00024,Machine Learning,12,12,100.0,78.78
ASG00120,STU00024,Operating Systems,11,3,27.27,53.75
ASG00121,STU00025,Big Data Analytics,8,6,75.0,40.95
ASG00122,STU00025,Computer Networks,11,9,81.82,89.88
ASG00123,STU00025,Database Management,12,5,41.67,65.55
ASG00124,STU00025,Machine Learning,12,6,50.0,71.2
ASG00125,STU00025,Operating Systems,9,3,33.33,96.75
ASG00126,STU00026,Big Data Analytics,10,4,40.0,49.43
ASG00127,STU00026,Computer Networks,8,4,50.0,43.77
ASG00128,STU00026,Database Management,11,3,27.27,97.63
ASG00129,STU00026,Machine Learning,12,8,66.67,53.34
ASG00130,STU00026,Operating Systems,11,7,63.64,52.73
ASG00131,STU00027,Big Data Analytics,9,5,55.56,47.87
ASG00132,STU00027,Computer Networks,11,6,54.55,54.92
ASG00133,STU00027,Database Management,11,4,36.36,55.0
ASG00134,STU00027,Machine Learning,8,7,87.5,41.64
ASG00135,STU00027,Operating Systems,12,8,66.67,47.13
ASG00136,STU00028,Big Data Analytics,10,7,70.0,40.93
ASG00137,STU00028,Computer Networks,10,8,80.0,84.63
ASG00138,STU00028,Database Management,9,8,88.89,53.65
ASG00139,STU00028,Machine Learning,9,4,44.44,93.01
ASG00140,STU00028,Operating Systems,10,6,60.0,48.56
ASG00141,STU00029,Big Data Analytics,12,8,66.67,81.26
ASG00142,STU00029,Computer Networks,8,3,37.5,77.24
ASG00143,STU00029,Database Management,11,4,36.36,96.63
ASG00144,STU00029,Machine Learning,11,9,81.82,84.67
ASG00145,STU00029,Operating Systems,11,5,45.45,96.07
ASG00146,STU00030,Big Data Analytics,9,3,33.33,53.63
ASG00147,STU00030,Computer Networks,8,4,50.0,50.84
ASG00148,STU00030,Database Management,12,11,91.67,48.3
ASG00149,STU00030,Machine Learning,12,11,91.67,64.75
ASG00150,STU00030,Operating Systems,9,4,44.44,49.59
ASG00151,STU00031,Big Data Analytics,9,6,66.67,92.92
ASG00152,STU00031,Computer Networks,11,10,90.91,41.71
ASG00153,STU00031,Database Management,10,9,90.0,36.3
ASG00154,STU00031,Machine Learning,12,6,50.0,85.63
ASG00155,STU00031,Operating Systems,10,7,70.0,85.55
ASG00156,STU00032,Big Data Analytics,8,6,75.0,41.76
ASG00157,STU00032,Computer Networks,9,3,33.33,82.49
ASG00158,STU00032,Database Management,8,8,100.0,78.71
ASG00159,STU00032,Machine Learning,8,8,100.0,42.67
ASG00160,STU00032,Operating Systems,9,9,100.0,37.82
ASG00161,STU00033,Big Data Analytics,8,4,50.0,87.24
ASG00162,STU00033,Computer Networks,11,6,54.55,78.55
ASG00163,STU00033,Database Management,8,7,87.5,71.43
ASG00164,STU00033,Machine Learning,11,7,63.64,61.47
ASG00165,STU00033,Operating Systems,8,6,75.0,68.8
ASG00166,STU00034,Big Data Analytics,8,3,37.5,92.37
ASG00167,STU00034,Computer Networks,12,9,75.0,60.92
ASG00168,STU00034,Database Management,11,7,63.64,60.11
ASG00169,STU00034,Machine Learning,10,4,40.0,87.56
ASG00170,STU00034,Operating Systems,12,3,25.0,93.71
ASG00171,STU00035,Big Data Analytics,10,9,90.0,55.35
ASG00172,STU00035,Computer Networks,9,8,88.89,51.66
ASG00173,STU00035,Database Management,10,9,90.0,93.22
ASG00174,STU00035,Machine Learning,11,5,45.45,75.83
ASG00175,STU00035,Operating Systems,12,12,100.0,61.09
ASG00176,STU00036,Big Data Analytics,12,4,33.33,69.72
ASG00177,STU00036,Computer Networks,9,9,100.0,84.76
ASG00178,STU00036,Database Management,9,8,88.89,55.08
ASG00179,STU00036,Machine Learning,9,9,100.0,87.82
ASG00180,STU00036,Operating Systems,11,4,36.36,57.31
ASG00181,STU00037,Big Data Analytics,10,10,100.0,76.94
ASG00182,STU00037,Computer Networks,9,5,55.56,48.18
ASG00183,STU00037,Database Management,9,4,44.44,65.18
ASG00184,STU00037,Machine Learning,8,4,50.0,39.42
ASG00185,STU00037,Operating Systems,11,8,72.73,78.44
ASG00186,STU00038,Big Data Analytics,10,5,50.0,93.71
ASG00187,STU00038,Computer Networks,9,5,55.56,54.24
ASG00188,STU00038,Database Management,10,5,50.0,73.83
ASG00189,STU00038,Machine Learning,11,3,27.27,54.06
ASG00190,STU00038,Operating Systems,8,8,100.0,48.24
ASG00191,STU00039,Big Data Analytics,10,8,80.0,35.03
ASG00192,STU00039,Computer Networks,10,4,40.0,72.82
ASG00193,STU00039,Database Management,8,8,100.0,59.29
ASG00194,STU00039,Machine Learning,8,3,37.5,63.84
ASG00195,STU00039,Operating Systems,9,7,77.78,70.08
ASG00196,STU00040,Big Data Analytics,11,8,72.73,39.27
ASG00197,STU00040,Computer Networks,12,11,91.67,98.55
ASG00198,STU00040,Database Management,10,9,90.0,93.2
ASG00199,STU00040,Machine Learning,12,9,75.0,43.26
ASG00200,STU00040,Operating Systems,9,9,100.0,65.13
ASG00201,STU00041,Big Data Analytics,12,10,83.33,64.34
ASG00202,STU00041,Computer Networks,8,7,87.5,73.49
ASG00203,STU00041,Database Management,11,8,72.73,84.57
ASG00204,STU00041,Machine Learning,12,8,66.67,86.75
ASG00205,STU00041,Operating Systems,11,11,100.0,55.23
ASG00206,STU00042,Big Data Analytics,8,3,37.5,75.14
ASG00207,STU00042,Computer Networks,11,3,27.27,97.91
ASG00208,STU00042,Database Management,9,8,88.89,44.25
ASG00209,STU00042,Machine Learning,10,6,60.0,46.22
ASG00210,STU00042,Operating Systems,12,4,33.33,47.64
ASG00211,STU00043,Big Data Analytics,11,6,54.55,89.81
ASG00212,STU00043,Computer Networks,8,7,87.5,75.71
ASG00213,STU00043,Database Management,10,6,60.0,69.15
ASG00214,STU00043,Machine Learning,12,4,33.33,55.9
ASG00215,STU00043,Operating Systems,8,7,87.5,81.48
ASG00216,STU00044,Big Data Analytics,9,3,33.33,58.33
ASG00217,STU00044,Computer Networks,11,11,100.0,41.09
ASG00218,STU00044,Database Management,11,11,100.0,87.65
ASG00219,STU00044,Machine Learning,10,8,80.0,43.75
ASG00220,STU00044,Operating Systems,12,7,58.33,60.03
ASG00221,STU00045,Big Data Analytics,11,7,63.64,97.6
ASG00222,STU00045,Computer Networks,11,6,54.55,44.46
ASG00223,STU00045,Database Management,12,10,83.33,95.48
ASG00224,STU00045,Machine Learning,8,6,75.0,96.68
ASG00225,STU00045,Operating Systems,10,5,50.0,97.03
ASG00226,STU00046,Big Data Analytics,11,9,81.82,89.9
ASG00227,STU00046,Computer Networks,11,10,90.91,78.61
ASG00228,STU00046,Database Management,12,11,91.67,75.7
ASG00229,STU00046,Machine Learning,10,10,100.0,62.19
ASG00230,STU00046,Operating Systems,12,12,100.0,50.18
ASG00231,STU00047,Big Data Analytics,12,7,58.33,96.78
ASG00232,STU00047,Computer Networks,12,8,66.67,47.14
ASG00233,STU00047,Database Management,8,5,62.5,37.88
ASG00234,STU00047,Machine Learning,11,6,54.55,78.81
ASG00235,STU00047,Operating Systems,8,8,100.0,58.96
ASG00236,STU00048,Big Data Analytics,11,9,81.82,50.21
ASG00237,STU00048,Computer Networks,12,11,91.67,39.48
ASG00238,STU00048,Database Management,10,7,70.0,76.76
ASG00239,STU00048,Machine Learning,9,3,33.33,64.34
ASG00240,STU00048,Operating Systems,11,8,72.73,79.83
ASG00241,STU00049,Big Data Analytics,9,6,66.67,44.81
ASG00242,STU00049,Computer Networks,10,10,100.0,61.31
ASG00243,STU00049,Database Management,11,4,36.36,42.49
ASG00244,STU00049,Machine Learning,8,4,50.0,59.48
ASG00245,STU00049,Operating Systems,11,9,81.82,51.71
ASG00246,STU00050,Big Data Analytics,8,7,87.5,69.27
ASG00247,STU00050,Computer Networks,12,6,50.0,60.75
ASG00248,STU00050,Database Management,8,8,100.0,43.34
ASG00249,STU00050,Machine Learning,11,9,81.82,99.49
ASG00250,STU00050,Operating Systems,12,11,91.67,83.16
ASG00251,STU00051,Big Data Analytics,12,5,41.67,67.92
ASG00252,STU00051,Computer Networks,8,6,75.0,65.55
ASG00253,STU00051,Database Management,10,5,50.0,83.83
ASG00254,STU00051,Machine Learning,9,4,44.44,66.63
ASG00255,STU00051,Operating Systems,12,8,66.67,96.91
ASG00256,STU00052,Big Data Analytics,11,9,81.82,73.85
ASG00257,STU00052,Computer Networks,11,11,100.0,88.59
ASG00258,STU00052,Database Management,11,9,81.82,50.24
ASG00259,STU00052,Machine Learning,10,8,80.0,79.67
ASG00260,STU00052,Operating Systems,8,4,50.0,93.92
ASG00261,STU00053,Big Data Analytics,12,6,50.0,50.92
ASG00262,STU00053,Computer Networks,9,8,88.89,97.16
ASG00263,STU00053,Database Management,8,4,50.0,59.19
ASG00264,STU00053,Machine Learning,11,9,81.82,97.21
ASG00265,STU00053,Operating Systems,12,5,41.67,44.5
ASG00266,STU00054,Big Data Analytics,9,9,100.0,64.68
ASG00267,STU00054,Computer Networks,8,4,50.0,83.02
ASG00268,STU00054,Database Management,8,3,37.5,55.57
ASG00269,STU00054,Machine Learning,11,7,63.64,43.86
ASG00270,STU00054,Operating Systems,8,8,100.0,81.35
ASG00271,STU00055,Big Data Analytics,11,5,45.45,86.59
ASG00272,STU00055,Computer Networks,12,10,83.33,88.16
ASG00273,STU00055,Database Management,11,6,54.55,86.52
ASG00274,STU00055,Machine Learning,10,8,80.0,87.64
ASG00275,STU00055,Operating Systems,11,7,63.64,49.23
ASG00276,STU00056,Big Data Analytics,8,6,75.0,99.1
ASG00277,STU00056,Computer Networks,8,8,100.0,62.0
ASG00278,STU00056,Database Management,12,12,100.0,71.76
ASG00279,STU00056,Machine Learning,10,9,90.0,39.35
ASG00280,STU00056,Operating Systems,12,5,41.67,48.61
ASG00281,STU00057,Big Data Analytics,8,5,62.5,39.73
ASG00282,STU00057,Computer Networks,10,5,50.0,93.66
ASG00283,STU00057,Database Management,10,10,100.0,64.09
ASG00284,STU00057,Machine Learning,9,9,100.0,49.05
ASG00285,STU00057,Operating Systems,8,6,75.0,71.42
ASG00286,STU00058,Big Data Analytics,12,7,58.33,45.44
ASG00287,STU00058,Computer Networks,11,11,100.0,66.35
ASG00288,STU00058,Database Management,8,7,87.5,46.76
ASG00289,STU00058,Machine Learning,9,5,55.56,40.64
ASG00290,STU00058,Operating Systems,11,3,27.27,48.42
ASG00291,STU00059,Big Data Analytics,12,8,66.67,75.63
ASG00292,STU00059,Computer Networks,12,10,83.33,84.61
ASG00293,STU00059,Database Management,10,9,90.0,74.45
ASG00294,STU00059,Machine Learning,12,4,33.33,63.44
ASG00295,STU00059,Operating Systems,9,5,55.56,66.69
ASG00296,STU00060,Big Data Analytics,11,3,27.27,55.35
ASG00297,STU00060,Computer Networks,8,3,37.5,82.98
ASG00298,STU00060,Database Management,9,8,88.89,76.0
ASG00299,STU00060,Machine Learning,12,3,25.0,88.46
ASG00300,STU00060,Operating Systems,8,7,87.5,45.21
ASG00301,STU00061,Big Data Analytics,9,4,44.44,70.41
ASG00302,STU00061,Computer Networks,9,6,66.67,74.56
ASG00303,STU00061,Database Management,9,4,44.44,54.21
ASG00304,STU00061,Machine Learning,9,3,33.33,48.65
ASG00305,STU00061,Operating Systems,10,10,100.0,89.06
ASG00306,STU00062,Big Data Analytics,10,8,80.0,70.91
ASG00307,STU00062,Computer Networks,9,7,77.78,70.78
ASG00308,STU00062,Database Management,8,4,50.0,42.56
ASG00309,STU00062,Machine Learning,11,6,54.55,49.1
ASG00310,STU00062,Operating Systems,8,7,87.5,88.32
ASG00311,STU00063,Big Data Analytics,9,8,88.89,35.32
ASG00312,STU00063,Computer Networks,12,9,75.0,48.05
ASG00313,STU00063,Database Management,12,10,83.33,86.76
ASG00314,STU00063,Machine Learning,10,3,30.0,39.4
ASG00315,STU00063,Operating Systems,12,8,66.67,96.95
ASG00316,STU00064,Big Data Analytics,12,3,25.0,90.28
ASG00317,STU00064,Computer Networks,11,6,54.55,42.14
ASG00318,STU00064,Database Management,9,4,44.44,66.83
ASG00319,STU00064,Machine Learning,11,4,36.36,45.63
ASG00320,STU00064,Operating Systems,8,8,100.0,69.27
ASG00321,STU00065,Big Data Analytics,9,8,88.89,57.8
ASG00322,STU00065,Computer Networks,11,10,90.91,81.74
ASG00323,STU00065,Database Management,12,6,50.0,66.61
ASG00324,STU00065,Machine Learning,8,8,100.0,60.05
ASG00325,STU00065,Operating Systems,9,3,33.33,83.15
ASG00326,STU00066,Big Data Analytics,8,5,62.5,53.87
ASG00327,STU00066,Computer Networks,12,8,66.67,92.76
ASG00328,STU00066,Database Management,8,8,100.0,46.83
ASG00329,STU00066,Machine Learning,12,6,50.0,59.87
ASG00330,STU00066,Operating Systems,8,6,75.0,65.29
ASG00331,STU00067,Big Data Analytics,11,3,27.27,94.24
ASG00332,STU00067,Computer Networks,9,9,100.0,38.4
ASG00333,STU00067,Database Management,12,12,100.0,35.27
ASG00334,STU00067,Machine Learning,12,3,25.0,92.41
ASG00335,STU00067,Operating Systems,8,3,37.5,64.59
ASG00336,STU00068,Big Data Analytics,11,3,27.27,93.64
ASG00337,STU00068,Computer Networks,11,10,90.91,60.54
ASG00338,STU00068,Database Management,12,7,58.33,70.57
ASG00339,STU00068,Machine Learning,12,9,75.0,60.59
ASG00340,STU00068,Operating Systems,9,3,33.33,38.94
ASG00341,STU00069,Big Data Analytics,8,7,87.5,68.38
ASG00342,STU00069,Computer Networks,11,5,45.45,36.63
ASG00343,STU00069,Database Management,9,7,77.78,94.94
ASG00344,STU00069,Machine Learning,11,8,72.73,35.04
ASG00345,STU00069,Operating Systems,12,11,91.67,82.37
ASG00346,STU00070,Big Data Analytics,12,11,91.67,35.67
ASG00347,STU00070,Computer Networks,9,5,55.56,51.41
ASG00348,STU00070,Database Management,8,3,37.5,38.65
ASG00349,STU00070,Machine Learning,9,5,55.56,81.84
ASG00350,STU00070,Operating Systems,11,7,63.64,91.2
ASG00351,STU00071,Big Data Analytics,11,6,54.55,64.27
ASG00352,STU00071,Computer Networks,9,8,88.89,63.44
ASG00353,STU00071,Database Management,10,6,60.0,58.19
ASG00354,STU00071,Machine Learning,12,4,33.33,42.01
ASG00355,STU00071,Operating Systems,9,3,33.33,39.73
ASG00356,STU00072,Big Data Analytics,10,3,30.0,81.29
ASG00357,STU00072,Computer Networks,11,5,45.45,92.31
ASG00358,STU00072,Database Management,9,8,88.89,43.52
ASG00359,STU00072,Machine Learning,12,7,58.33,90.53
ASG00360,STU00072,Operating Systems,12,3,25.0,81.01
ASG00361,STU00073,Big Data Analytics,9,3,33.33,55.32
ASG00362,STU00073,Computer Networks,10,9,90.0,69.33
ASG00363,STU00073,Database Management,9,6,66.67,56.66
ASG00364,STU00073,Machine Learning,8,8,100.0,92.07
ASG00365,STU00073,Operating Systems,10,6,60.0,49.79
ASG00366,STU00074,Big Data Analytics,8,8,100.0,94.65
ASG00367,STU00074,Computer Networks,9,5,55.56,51.46
ASG00368,STU00074,Database Management,9,7,77.78,41.7
ASG00369,STU00074,Machine Learning,12,5,41.67,76.14
ASG00370,STU00074,Operating Systems,12,5,41.67,72.63
ASG00371,STU00075,Big Data Analytics,9,9,100.0,50.25
ASG00372,STU00075,Computer Networks,8,4,50.0,98.37
ASG00373,STU00075,Database Management,8,8,100.0,84.48
ASG00374,STU00075,Machine Learning,11,8,72.73,39.43
ASG00375,STU00075,Operating Systems,12,7,58.33,73.49
ASG00376,STU00076,Big Data Analytics,12,4,33.33,63.94
ASG00377,STU00076,Computer Networks,9,7,77.78,54.63
ASG00378,STU00076,Database Management,10,8,80.0,63.64
ASG00379,STU00076,Machine Learning,10,3,30.0,74.28
ASG00380,STU00076,Operating Systems,12,6,50.0,41.89
ASG00381,STU00077,Big Data Analytics,8,4,50.0,98.58
ASG00382,STU00077,Computer Networks,10,3,30.0,96.87
ASG00383,STU00077,Database Management,12,4,33.33,82.31
ASG00384,STU00077,Machine Learning,12,9,75.0,51.37
ASG00385,STU00077,Operating Systems,8,6,75.0,72.45
ASG00386,STU00078,Big Data Analytics,12,9,75.0,48.0
ASG00387,STU00078,Computer Networks,11,11,100.0,60.31
ASG00388,STU00078,Database Management,8,4,50.0,62.84
ASG00389,STU00078,Machine Learning,12,7,58.33,89.48
ASG00390,STU00078,Operating Systems,10,7,70.0,41.85
ASG00391,STU00079,Big Data Analytics,8,4,50.0,72.77
ASG00392,STU00079,Computer Networks,9,7,77.78,57.2
ASG00393,STU00079,Database Management,11,8,72.73,92.61
ASG00394,STU00079,Machine Learning,10,8,80.0,75.27
ASG00395,STU00079,Operating Systems,8,6,75.0,51.25
ASG00396,STU00080,Big Data Analytics,10,6,60.0,61.3
ASG00397,STU00080,Computer Networks,8,7,87.5,56.57
ASG00398,STU00080,Database Management,9,8,88.89,41.17
ASG00399,STU00080,Machine Learning,9,9,100.0,70.35
ASG00400,STU00080,Operating Systems,12,11,91.67,53.37
ASG00401,STU00081,Big Data Analytics,10,5,50.0,84.52
ASG00402,STU00081,Computer Networks,9,8,88.89,56.47
ASG00403,STU00081,Database Management,11,3,27.27,80.93
ASG00404,STU00081,Machine Learning,11,4,36.36,72.72
ASG00405,STU00081,Operating Systems,11,11,100.0,85.61
ASG00406,STU00082,Big Data Analytics,12,5,41.67,59.56
ASG00407,STU00082,Computer Networks,11,9,81.82,60.74
ASG00408,STU00082,Database Management,8,4,50.0,45.26
ASG00409,STU00082,Machine Learning,10,5,50.0,82.82
ASG00410,STU00082,Operating Systems,10,6,60.0,97.87
ASG00411,STU00083,Big Data Analytics,9,8,88.89,51.46
ASG00412,STU00083,Computer Networks,11,9,81.82,99.14
ASG00413,STU00083,Database Management,12,4,33.33,75.03
ASG00414,STU00083,Machine Learning,9,8,88.89,50.97
ASG00415,STU00083,Operating Systems,11,8,72.73,68.46
ASG00416,STU00084,Big Data Analytics,11,6,54.55,41.71
ASG00417,STU00084,Computer Networks,9,6,66.67,85.76
ASG00418,STU00084,Database Management,8,5,62.5,80.29
ASG00419,STU00084,Machine Learning,10,6,60.0,65.84
ASG00420,STU00084,Operating Systems,10,7,70.0,87.17
ASG00421,STU00085,Big Data Analytics,10,7,70.0,55.43
ASG00422,STU00085,Computer Networks,9,5,55.56,77.5
ASG00423,STU00085,Database Management,10,7,70.0,60.36
ASG00424,STU00085,Machine Learning,9,9,100.0,77.2
ASG00425,STU00085,Operating Systems,11,8,72.73,46.77
ASG00426,STU00086,Big Data Analytics,9,3,33.33,55.18
ASG00427,STU00086,Computer Networks,9,9,100.0,91.68
ASG00428,STU00086,Database Management,10,4,40.0,86.06
ASG00429,STU00086,Machine Learning,9,8,88.89,35.79
ASG00430,STU00086,Operating Systems,10,10,100.0,65.07
ASG00431,STU00087,Big Data Analytics,10,9,90.0,43.65
ASG00432,STU00087,Computer Networks,12,5,41.67,90.97
ASG00433,STU00087,Database Management,10,4,40.0,69.17
ASG00434,STU00087,Machine Learning,8,5,62.5,78.3
ASG00435,STU00087,Operating Systems,10,9,90.0,50.63
ASG00436,STU00088,Big Data Analytics,10,9,90.0,71.73
ASG00437,STU00088,Computer Networks,11,6,54.55,50.71
ASG00438,STU00088,Database Management,8,8,100.0,66.04
ASG00439,STU00088,Machine Learning,9,8,88.89,92.59
ASG00440,STU00088,Operating Systems,8,4,50.0,84.37
ASG00441,STU00089,Big Data Analytics,8,8,100.0,60.17
ASG00442,STU00089,Computer Networks,10,10,100.0,85.53
ASG00443,STU00089,Database Management,12,8,66.67,86.68
ASG00444,STU00089,Machine Learning,12,3,25.0,75.2
ASG00445,STU00089,Operating Systems,12,7,58.33,85.24
ASG00446,STU00090,Big Data Analytics,8,7,87.5,55.63
ASG00447,STU00090,Computer Networks,10,7,70.0,83.46
ASG00448,STU00090,Database Management,12,7,58.33,94.45
ASG00449,STU00090,Machine Learning,11,3,27.27,72.72
ASG00450,STU00090,Operating Systems,11,5,45.45,41.99
ASG00451,STU00091,Big Data Analytics,12,10,83.33,80.37
ASG00452,STU00091,Computer Networks,12,6,50.0,62.06
ASG00453,STU00091,Database Management,8,5,62.5,46.05
ASG00454,STU00091,Machine Learning,10,7,70.0,64.75
ASG00455,STU00091,Operating Systems,10,10,100.0,44.39
ASG00456,STU00092,Big Data Analytics,10,5,50.0,98.29
ASG00457,STU00092,Computer Networks,8,5,62.5,65.65
ASG00458,STU00092,Database Management,10,5,50.0,71.36
ASG00459,STU00092,Machine Learning,12,6,50.0,60.42
ASG00460,STU00092,Operating Systems,11,8,72.73,76.23
ASG00461,STU00093,Big Data Analytics,11,5,45.45,81.32
ASG00462,STU00093,Computer Networks,11,10,90.91,42.09
ASG00463,STU00093,Database Management,8,6,75.0,90.37
ASG00464,STU00093,Machine Learning,11,8,72.73,58.99
ASG00465,STU00093,Operating Systems,10,7,70.0,86.76
ASG00466,STU00094,Big Data Analytics,10,6,60.0,54.83
ASG00467,STU00094,Computer Networks,11,3,27.27,70.58
ASG00468,STU00094,Database Management,10,10,100.0,99.24
ASG00469,STU00094,Machine Learning,11,9,81.82,58.39
ASG00470,STU00094,Operating Systems,10,3,30.0,94.5
ASG00471,STU00095,Big Data Analytics,12,6,50.0,75.71
ASG00472,STU00095,Computer Networks,10,4,40.0,38.37
ASG00473,STU00095,Database Management,8,8,100.0,93.35
ASG00474,STU00095,Machine Learning,11,9,81.82,90.71
ASG00475,STU00095,Operating Systems,8,5,62.5,52.26
ASG00476,STU00096,Big Data Analytics,8,6,75.0,79.39
ASG00477,STU00096,Computer Networks,12,8,66.67,42.48
ASG00478,STU00096,Database Management,10,10,100.0,43.21
ASG00479,STU00096,Machine Learning,12,12,100.0,62.82
ASG00480,STU00096,Operating Systems,11,8,72.73,87.05
ASG00481,STU00097,Big Data Analytics,10,5,50.0,78.6
ASG00482,STU00097,Computer Networks,9,6,66.67,60.31
ASG00483,STU00097,Database Management,12,3,25.0,97.01
ASG00484,STU00097,Machine Learning,10,6,60.0,67.3
ASG00485,STU00097,Operating Systems,10,10,100.0,97.16
ASG00486,STU00098,Big Data Analytics,9,4,44.44,98.32
ASG00487,STU00098,Computer Networks,12,11,91.67,70.73
ASG00488,STU00098,Database Management,12,12,100.0,81.27
ASG00489,STU00098,Machine Learning,10,9,90.0,66.32
ASG00490,STU00098,Operating Systems,11,10,90.91,58.69
ASG00491,STU00099,Big Data Analytics,11,3,27.27,71.02
ASG00492,STU00099,Computer Networks,8,7,87.5,78.85
ASG00493,STU00099,Database Management,10,8,80.0,85.75
ASG00494,STU00099,Machine Learning,12,8,66.67,78.67
ASG00495,STU00099,Operating Systems,8,3,37.5,79.95
ASG00496,STU00100,Big Data Analytics,12,11,91.67,49.86
ASG00497,STU00100,Computer Networks,12,9,75.0,73.73
ASG00498,STU00100,Database Management,9,5,55.56,70.22
ASG00499,STU00100,Machine Learning,9,4,44.44,56.5
ASG00500,STU00100,Operating Systems,9,4,44.44,44.51
ASG00501,STU00101,Big Data Analytics,10,3,30.0,74.23
ASG00502,STU00101,Computer Networks,12,6,50.0,45.38
ASG00503,STU00101,Database Management,11,8,72.73,67.48
ASG00504,STU00101,Machine Learning,10,6,60.0,65.85
ASG00505,STU00101,Operating Systems,9,8,88.89,59.01
ASG00506,STU00102,Big Data Analytics,11,8,72.73,78.26
ASG00507,STU00102,Computer Networks,9,9,100.0,72.86
ASG00508,STU00102,Database Management,12,5,41.67,80.78
ASG00509,STU00102,Machine Learning,11,8,72.73,54.52
ASG00510,STU00102,Operating Systems,8,6,75.0,41.58
ASG00511,STU00103,Big Data Analytics,10,3,30.0,84.4
ASG00512,STU00103,Computer Networks,12,6,50.0,39.82
ASG00513,STU00103,Database Management,12,3,25.0,58.37
ASG00514,STU00103,Machine Learning,12,8,66.67,73.5
ASG00515,STU00103,Operating Systems,8,3,37.5,62.45
ASG00516,STU00104,Big Data Analytics,9,3,33.33,58.21
ASG00517,STU00104,Computer Networks,9,8,88.89,47.2
ASG00518,STU00104,Database Management,9,7,77.78,54.89
ASG00519,STU00104,Machine Learning,10,7,70.0,72.38
ASG00520,STU00104,Operating Systems,10,5,50.0,66.42
ASG00521,STU00105,Big Data Analytics,10,3,30.0,82.53
ASG00522,STU00105,Computer Networks,8,7,87.5,77.21
ASG00523,STU00105,Database Management,12,11,91.67,99.76
ASG00524,STU00105,Machine Learning,9,8,88.89,59.98
ASG00525,STU00105,Operating Systems,12,10,83.33,45.44
ASG00526,STU00106,Big Data Analytics,9,9,100.0,78.05
ASG00527,STU00106,Computer Networks,10,6,60.0,67.41
ASG00528,STU00106,Database Management,12,10,83.33,52.51
ASG00529,STU00106,Machine Learning,8,5,62.5,76.81
ASG00530,STU00106,Operating Systems,9,6,66.67,54.54
ASG00531,STU00107,Big Data Analytics,9,7,77.78,62.16
ASG00532,STU00107,Computer Networks,9,6,66.67,63.76
ASG00533,STU00107,Database Management,9,4,44.44,40.35
ASG00534,STU00107,Machine Learning,9,9,100.0,73.32
ASG00535,STU00107,Operating Systems,10,9,90.0,82.49
ASG00536,STU00108,Big Data Analytics,9,3,33.33,52.04
ASG00537,STU00108,Computer Networks,8,4,50.0,91.67
ASG00538,STU00108,Database Management,10,9,90.0,64.81
ASG00539,STU00108,Machine Learning,9,5,55.56,75.9
ASG00540,STU00108,Operating Systems,11,7,63.64,67.03
ASG00541,STU00109,Big Data Analytics,9,5,55.56,84.92
ASG00542,STU00109,Computer Networks,9,6,66.67,90.48
ASG00543,STU00109,Database Management,11,9,81.82,74.75
ASG00544,STU00109,Machine Learning,12,6,50.0,46.97
ASG00545,STU00109,Operating Systems,10,4,40.0,68.21
ASG00546,STU00110,Big Data Analytics,11,6,54.55,68.72
ASG00547,STU00110,Computer Networks,8,7,87.5,88.77
ASG00548,STU00110,Database Management,10,3,30.0,49.56
ASG00549,STU00110,Machine Learning,9,4,44.44,81.9
ASG00550,STU00110,Operating Systems,9,7,77.78,93.15
ASG00551,STU00111,Big Data Analytics,12,6,50.0,77.69
ASG00552,STU00111,Computer Networks,8,5,62.5,62.02
ASG00553,STU00111,Database Management,12,9,75.0,91.69
ASG00554,STU00111,Machine Learning,8,5,62.5,46.54
ASG00555,STU00111,Operating Systems,11,6,54.55,79.33
ASG00556,STU00112,Big Data Analytics,8,4,50.0,99.23
ASG00557,STU00112,Computer Networks,12,9,75.0,70.64
ASG00558,STU00112,Database Management,9,5,55.56,69.07
ASG00559,STU00112,Machine Learning,10,10,100.0,54.86
ASG00560,STU00112,Operating Systems,8,7,87.5,45.23
ASG00561,STU00113,Big Data Analytics,11,5,45.45,97.84
ASG00562,STU00113,Computer Networks,8,7,87.5,79.55
ASG00563,STU00113,Database Management,8,4,50.0,40.51
ASG00564,STU00113,Machine Learning,10,7,70.0,94.42
ASG00565,STU00113,Operating Systems,8,4,50.0,47.21
ASG00566,STU00114,Big Data Analytics,12,6,50.0,87.74
ASG00567,STU00114,Computer Networks,8,6,75.0,52.05
ASG00568,STU00114,Database Management,8,3,37.5,71.48
ASG00569,STU00114,Machine Learning,12,10,83.33,81.95
ASG00570,STU00114,Operating Systems,9,4,44.44,95.63
ASG00571,STU00115,Big Data Analytics,8,8,100.0,97.05
ASG00572,STU00115,Computer Networks,8,5,62.5,69.45
ASG00573,STU00115,Database Management,11,4,36.36,87.37
ASG00574,STU00115,Machine Learning,9,3,33.33,74.99
ASG00575,STU00115,Operating Systems,11,7,63.64,69.17
ASG00576,STU00116,Big Data Analytics,10,5,50.0,62.69
ASG00577,STU00116,Computer Networks,8,8,100.0,93.6
ASG00578,STU00116,Database Management,12,6,50.0,80.9
ASG00579,STU00116,Machine Learning,12,9,75.0,91.21
ASG00580,STU00116,Operating Systems,11,6,54.55,85.51
ASG00581,STU00117,Big Data Analytics,9,7,77.78,53.73
ASG00582,STU00117,Computer Networks,9,6,66.67,66.81
ASG00583,STU00117,Database Management,10,6,60.0,47.38
ASG00584,STU00117,Machine Learning,11,7,63.64,61.17
ASG00585,STU00117,Operating Systems,12,4,33.33,95.29
ASG00586,STU00118,Big Data Analytics,8,8,100.0,44.3
ASG00587,STU00118,Computer Networks,11,6,54.55,98.03
ASG00588,STU00118,Database Management,8,6,75.0,46.92
ASG00589,STU00118,Machine Learning,12,11,91.67,86.27
ASG00590,STU00118,Operating Systems,9,7,77.78,54.45
ASG00591,STU00119,Big Data Analytics,8,5,62.5,88.55
ASG00592,STU00119,Computer Networks,9,6,66.67,63.54
ASG00593,STU00119,Database Management,10,10,100.0,79.96
ASG00594,STU00119,Machine Learning,10,6,60.0,88.89
ASG00595,STU00119,Operating Systems,8,6,75.0,73.42
ASG00596,STU00120,Big Data Analytics,9,6,66.67,74.18
ASG00597,STU00120,Computer Networks,11,5,45.45,89.89
ASG00598,STU00120,Database Management,12,5,41.67,76.98
ASG00599,STU00120,Machine Learning,8,3,37.5,35.09
ASG00600,STU00120,Operating Systems,9,4,44.44,81.08
ASG00601,STU00121,Big Data Analytics,11,4,36.36,54.8
ASG00602,STU00121,Computer Networks,9,8,88.89,95.08
ASG00603,STU00121,Database Management,10,6,60.0,94.2
ASG00604,STU00121,Machine Learning,8,3,37.5,72.29
ASG00605,STU00121,Operating Systems,9,8,88.89,49.06
ASG00606,STU00122,Big Data Analytics,12,6,50.0,83.33
ASG00607,STU00122,Computer Networks,12,10,83.33,47.24
ASG00608,STU00122,Database Management,10,7,70.0,42.49
ASG00609,STU00122,Machine Learning,9,3,33.33,68.91
ASG00610,STU00122,Operating Systems,12,3,25.0,85.72
ASG00611,STU00123,Big Data Analytics,12,8,66.67,99.88
ASG00612,STU00123,Computer Networks,10,6,60.0,37.01
ASG00613,STU00123,Database Management,12,7,58.33,73.95
ASG00614,STU00123,Machine Learning,10,6,60.0,64.51
ASG00615,STU00123,Operating Systems,10,9,90.0,74.45
ASG00616,STU00124,Big Data Analytics,12,8,66.67,84.52
ASG00617,STU00124,Computer Networks,11,5,45.45,96.75
ASG00618,STU00124,Database Management,8,4,50.0,42.22
ASG00619,STU00124,Machine Learning,9,4,44.44,78.23
ASG00620,STU00124,Operating Systems,10,3,30.0,68.63
ASG00621,STU00125,Big Data Analytics,10,3,30.0,52.28
ASG00622,STU00125,Computer Networks,10,8,80.0,81.66
ASG00623,STU00125,Database Management,11,4,36.36,52.16
ASG00624,STU00125,Machine Learning,10,7,70.0,46.96
ASG00625,STU00125,Operating Systems,10,3,30.0,99.73
ASG00626,STU00126,Big Data Analytics,11,10,90.91,36.37
ASG00627,STU00126,Computer Networks,9,5,55.56,64.84
ASG00628,STU00126,Database Management,8,6,75.0,64.68
ASG00629,STU00126,Machine Learning,8,5,62.5,71.57
ASG00630,STU00126,Operating Systems,8,8,100.0,93.03
ASG00631,STU00127,Big Data Analytics,9,9,100.0,37.76
ASG00632,STU00127,Computer Networks,12,10,83.33,89.14
ASG00633,STU00127,Database Management,10,9,90.0,63.53
ASG00634,STU00127,Machine Learning,10,7,70.0,98.9
ASG00635,STU00127,Operating Systems,12,4,33.33,93.04
ASG00636,STU00128,Big Data Analytics,11,6,54.55,37.24
ASG00637,STU00128,Computer Networks,9,9,100.0,71.98
ASG00638,STU00128,Database Management,11,7,63.64,49.99
ASG00639,STU00128,Machine Learning,9,8,88.89,61.46
ASG00640,STU00128,Operating Systems,11,4,36.36,67.75
ASG00641,STU00129,Big Data Analytics,10,7,70.0,65.65
ASG00642,STU00129,Computer Networks,9,8,88.89,73.87
ASG00643,STU00129,Database Management,11,5,45.45,45.81
ASG00644,STU00129,Machine Learning,9,7,77.78,77.43
ASG00645,STU00129,Operating Systems,10,3,30.0,96.14
ASG00646,STU00130,Big Data Analytics,10,9,90.0,46.76
ASG00647,STU00130,Computer Networks,8,4,50.0,77.19
ASG00648,STU00130,Database Management,10,5,50.0,94.95
ASG00649,STU00130,Machine Learning,12,8,66.67,41.62
ASG00650,STU00130,Operating Systems,11,11,100.0,58.31
ASG00651,STU00131,Big Data Analytics,12,3,25.0,67.51
ASG00652,STU00131,Computer Networks,9,9,100.0,63.95
ASG00653,STU00131,Database Management,9,5,55.56,80.78
ASG00654,STU00131,Machine Learning,10,4,40.0,67.44
ASG00655,STU00131,Operating Systems,8,7,87.5,45.46
ASG00656,STU00132,Big Data Analytics,11,9,81.82,71.02
ASG00657,STU00132,Computer Networks,11,6,54.55,44.17
ASG00658,STU00132,Database Management,12,9,75.0,75.21
ASG00659,STU00132,Machine Learning,10,6,60.0,68.21
ASG00660,STU00132,Operating Systems,9,3,33.33,90.32
ASG00661,STU00133,Big Data Analytics,10,6,60.0,76.92
ASG00662,STU00133,Computer Networks,8,6,75.0,95.26
ASG00663,STU00133,Database Management,11,10,90.91,39.21
ASG00664,STU00133,Machine Learning,8,4,50.0,50.99
ASG00665,STU00133,Operating Systems,10,7,70.0,85.53
ASG00666,STU00134,Big Data Analytics,11,7,63.64,50.28
ASG00667,STU00134,Computer Networks,9,8,88.89,93.58
ASG00668,STU00134,Database Management,11,8,72.73,83.64
ASG00669,STU00134,Machine Learning,9,8,88.89,57.72
ASG00670,STU00134,Operating Systems,10,5,50.0,89.19
ASG00671,STU00135,Big Data Analytics,11,4,36.36,61.88
ASG00672,STU00135,Computer Networks,8,5,62.5,98.03
ASG00673,STU00135,Database Management,8,3,37.5,76.94
ASG00674,STU00135,Machine Learning,12,3,25.0,76.85
ASG00675,STU00135,Operating Systems,10,4,40.0,75.92
ASG00676,STU00136,Big Data Analytics,12,5,41.67,50.22
ASG00677,STU00136,Computer Networks,9,4,44.44,95.49
ASG00678,STU00136,Database Management,12,5,41.67,99.71
ASG00679,STU00136,Machine Learning,12,10,83.33,48.94
ASG00680,STU00136,Operating Systems,10,6,60.0,44.21
ASG00681,STU00137,Big Data Analytics,10,10,100.0,86.6
ASG00682,STU00137,Computer Networks,9,4,44.44,73.78
ASG00683,STU00137,Database Management,11,3,27.27,85.51
ASG00684,STU00137,Machine Learning,11,8,72.73,86.93
ASG00685,STU00137,Operating Systems,11,8,72.73,66.29
ASG00686,STU00138,Big Data Analytics,9,8,88.89,88.1
ASG00687,STU00138,Computer Networks,8,6,75.0,66.68
ASG00688,STU00138,Database Management,11,8,72.73,48.04
ASG00689,STU00138,Machine Learning,10,7,70.0,51.91
ASG00690,STU00138,Operating Systems,9,6,66.67,37.17
ASG00691,STU00139,Big Data Analytics,8,7,87.5,94.11
ASG00692,STU00139,Computer Networks,11,8,72.73,35.27
ASG00693,STU00139,Database Management,12,6,50.0,91.36
ASG00694,STU00139,Machine Learning,10,9,90.0,63.06
ASG00695,STU00139,Operating Systems,11,6,54.55,43.22
ASG00696,STU00140,Big Data Analytics,11,10,90.91,70.67
ASG00697,STU00140,Computer Networks,12,5,41.67,89.16
ASG00698,STU00140,Database Management,10,6,60.0,79.17
ASG00699,STU00140,Machine Learning,8,3,37.5,44.76
ASG00700,STU00140,Operating Systems,10,7,70.0,78.88
ASG00701,STU00141,Big Data Analytics,12,12,100.0,54.96
ASG00702,STU00141,Computer Networks,12,12,100.0,95.44
ASG00703,STU00141,Database Management,11,7,63.64,39.05
ASG00704,STU00141,Machine Learning,8,8,100.0,98.87
ASG00705,STU00141,Operating Systems,10,5,50.0,58.4
ASG00706,STU00142,Big Data Analytics,12,6,50.0,62.51
ASG00707,STU00142,Computer Networks,9,5,55.56,40.26
ASG00708,STU00142,Database Management,12,9,75.0,40.01
ASG00709,STU00142,Machine Learning,12,5,41.67,79.7
ASG00710,STU00142,Operating Systems,11,10,90.91,82.74
ASG00711,STU00143,Big Data Analytics,10,3,30.0,40.04
ASG00712,STU00143,Computer Networks,9,9,100.0,68.59
ASG00713,STU00143,Database Management,11,4,36.36,81.91
ASG00714,STU00143,Machine Learning,10,9,90.0,79.92
ASG00715,STU00143,Operating Systems,10,9,90.0,40.62
ASG00716,STU00144,Big Data Analytics,12,8,66.67,88.12
ASG00717,STU00144,Computer Networks,12,3,25.0,65.76
ASG00718,STU00144,Database Management,11,6,54.55,84.13
ASG00719,STU00144,Machine Learning,11,9,81.82,93.78
ASG00720,STU00144,Operating Systems,10,8,80.0,81.8
ASG00721,STU00145,Big Data Analytics,12,9,75.0,36.93
ASG00722,STU00145,Computer Networks,12,11,91.67,82.78
ASG00723,STU00145,Database Management,9,3,33.33,93.93
ASG00724,STU00145,Machine Learning,10,7,70.0,71.09
ASG00725,STU00145,Operating Systems,10,9,90.0,95.05
ASG00726,STU00146,Big Data Analytics,11,3,27.27,89.01
ASG00727,STU00146,Computer Networks,12,5,41.67,85.39
ASG00728,STU00146,Database Management,10,6,60.0,59.16
ASG00729,STU00146,Machine Learning,8,5,62.5,84.46
ASG00730,STU00146,Operating Systems,9,5,55.56,88.69
ASG00731,STU00147,Big Data Analytics,10,6,60.0,67.38
ASG00732,STU00147,Computer Networks,8,6,75.0,89.74
ASG00733,STU00147,Database Management,10,10,100.0,68.34
ASG00734,STU00147,Machine Learning,9,6,66.67,71.38
ASG00735,STU00147,Operating Systems,8,6,75.0,82.18
ASG00736,STU00148,Big Data Analytics,8,3,37.5,96.96
ASG00737,STU00148,Computer Networks,8,5,62.5,69.46
ASG00738,STU00148,Database Management,10,7,70.0,88.65
ASG00739,STU00148,Machine Learning,11,4,36.36,71.23
ASG00740,STU00148,Operating Systems,8,6,75.0,59.79
ASG00741,STU00149,Big Data Analytics,12,7,58.33,38.42
ASG00742,STU00149,Computer Networks,8,6,75.0,45.68
ASG00743,STU00149,Database Management,9,3,33.33,66.93
ASG00744,STU00149,Machine Learning,11,5,45.45,60.68
ASG00745,STU00149,Operating Systems,9,5,55.56,96.1
ASG00746,STU00150,Big Data Analytics,8,3,37.5,84.71
ASG00747,STU00150,Computer Networks,9,6,66.67,93.39
ASG00748,STU00150,Database Management,8,8,100.0,71.2
ASG00749,STU00150,Machine Learning,8,6,75.0,73.34
ASG00750,STU00150,Operating Systems,9,8,88.89,75.29
ASG00751,STU00151,Big Data Analytics,11,6,54.55,80.64
ASG00752,STU00151,Computer Networks,10,3,30.0,66.33
ASG00753,STU00151,Database Management,8,6,75.0,37.87
ASG00754,STU00151,Machine Learning,11,10,90.91,73.41
ASG00755,STU00151,Operating Systems,9,8,88.89,54.26
ASG00756,STU00152,Big Data Analytics,9,5,55.56,62.59
ASG00757,STU00152,Computer Networks,10,5,50.0,62.72
ASG00758,STU00152,Database Management,10,8,80.0,81.59
ASG00759,STU00152,Machine Learning,9,6,66.67,70.38
ASG00760,STU00152,Operating Systems,12,6,50.0,41.82
ASG00761,STU00153,Big Data Analytics,10,4,40.0,59.68
ASG00762,STU00153,Computer Networks,8,7,87.5,52.65
ASG00763,STU00153,Database Management,12,7,58.33,81.73
ASG00764,STU00153,Machine Learning,8,5,62.5,93.08
ASG00765,STU00153,Operating Systems,11,8,72.73,44.32
ASG00766,STU00154,Big Data Analytics,12,12,100.0,84.24
ASG00767,STU00154,Computer Networks,10,4,40.0,58.5
ASG00768,STU00154,Database Management,9,5,55.56,79.89
ASG00769,STU00154,Machine Learning,8,4,50.0,91.82
ASG00770,STU00154,Operating Systems,8,5,62.5,50.81
ASG00771,STU00155,Big Data Analytics,8,5,62.5,94.22
ASG00772,STU00155,Computer Networks,10,10,100.0,55.75
ASG00773,STU00155,Database Management,12,10,83.33,95.11
ASG00774,STU00155,Machine Learning,11,9,81.82,93.93
ASG00775,STU00155,Operating Systems,11,3,27.27,80.4
ASG00776,STU00156,Big Data Analytics,8,7,87.5,95.16
ASG00777,STU00156,Computer Networks,8,3,37.5,57.82
ASG00778,STU00156,Database Management,10,6,60.0,75.14
ASG00779,STU00156,Machine Learning,11,7,63.64,45.44
ASG00780,STU00156,Operating Systems,9,7,77.78,57.75
ASG00781,STU00157,Big Data Analytics,8,5,62.5,82.19
ASG00782,STU00157,Computer Networks,9,9,100.0,69.91
ASG00783,STU00157,Database Management,12,3,25.0,50.45
ASG00784,STU00157,Machine Learning,8,3,37.5,54.53
ASG00785,STU00157,Operating Systems,11,8,72.73,74.07
ASG00786,STU00158,Big Data Analytics,8,4,50.0,78.19
ASG00787,STU00158,Computer Networks,10,3,30.0,99.51
ASG00788,STU00158,Database Management,8,8,100.0,39.93
ASG00789,STU00158,Machine Learning,8,3,37.5,97.45
ASG00790,STU00158,Operating Systems,10,4,40.0,98.1
ASG00791,STU00159,Big Data Analytics,12,5,41.67,82.15
ASG00792,STU00159,Computer Networks,9,5,55.56,95.0
ASG00793,STU00159,Database Management,12,6,50.0,55.31
ASG00794,STU00159,Machine Learning,12,4,33.33,84.74
ASG00795,STU00159,Operating Systems,10,7,70.0,48.64
ASG00796,STU00160,Big Data Analytics,8,8,100.0,36.52
ASG00797,STU00160,Computer Networks,12,7,58.33,58.98
ASG00798,STU00160,Database Management,9,8,88.89,45.34
ASG00799,STU00160,Machine Learning,11,7,63.64,51.83
ASG00800,STU00160,Operating Systems,11,5,45.45,43.9
ASG00801,STU00161,Big Data Analytics,9,8,88.89,40.96
ASG00802,STU00161,Computer Networks,11,8,72.73,36.74
ASG00803,STU00161,Database Management,11,7,63.64,88.04
ASG00804,STU00161,Machine Learning,11,5,45.45,69.09
ASG00805,STU00161,Operating Systems,9,4,44.44,80.62
ASG00806,STU00162,Big Data Analytics,8,4,50.0,55.47
ASG00807,STU00162,Computer Networks,11,8,72.73,49.63
ASG00808,STU00162,Database Management,12,10,83.33,65.7
ASG00809,STU00162,Machine Learning,8,4,50.0,72.1
ASG00810,STU00162,Operating Systems,9,7,77.78,80.1
ASG00811,STU00163,Big Data Analytics,10,10,100.0,56.69
ASG00812,STU00163,Computer Networks,10,8,80.0,53.0
ASG00813,STU00163,Database Management,11,4,36.36,57.84
ASG00814,STU00163,Machine Learning,9,9,100.0,86.5
ASG00815,STU00163,Operating Systems,9,9,100.0,98.03
ASG00816,STU00164,Big Data Analytics,8,7,87.5,58.51
ASG00817,STU00164,Computer Networks,12,11,91.67,92.28
ASG00818,STU00164,Database Management,8,7,87.5,82.57
ASG00819,STU00164,Machine Learning,11,5,45.45,65.69
ASG00820,STU00164,Operating Systems,11,3,27.27,55.69
ASG00821,STU00165,Big Data Analytics,8,8,100.0,43.17
ASG00822,STU00165,Computer Networks,10,9,90.0,89.08
ASG00823,STU00165,Database Management,11,11,100.0,56.94
ASG00824,STU00165,Machine Learning,8,7,87.5,36.33
ASG00825,STU00165,Operating Systems,10,4,40.0,86.39
ASG00826,STU00166,Big Data Analytics,11,11,100.0,75.01
ASG00827,STU00166,Computer Networks,8,5,62.5,65.68
ASG00828,STU00166,Database Management,9,4,44.44,90.76
ASG00829,STU00166,Machine Learning,10,7,70.0,61.88
ASG00830,STU00166,Operating Systems,10,4,40.0,78.34
ASG00831,STU00167,Big Data Analytics,8,4,50.0,45.91
ASG00832,STU00167,Computer Networks,12,4,33.33,93.13
ASG00833,STU00167,Database Management,12,12,100.0,80.24
ASG00834,STU00167,Machine Learning,9,8,88.89,60.63
ASG00835,STU00167,Operating Systems,9,8,88.89,63.36
ASG00836,STU00168,Big Data Analytics,12,11,91.67,90.12
ASG00837,STU00168,Computer Networks,12,4,33.33,98.84
ASG00838,STU00168,Database Management,10,7,70.0,53.97
ASG00839,STU00168,Machine Learning,11,5,45.45,61.03
ASG00840,STU00168,Operating Systems,11,9,81.82,73.82
ASG00841,STU00169,Big Data Analytics,12,11,91.67,66.2
ASG00842,STU00169,Computer Networks,12,10,83.33,86.43
ASG00843,STU00169,Database Management,12,10,83.33,70.64
ASG00844,STU00169,Machine Learning,11,3,27.27,54.46
ASG00845,STU00169,Operating Systems,11,10,90.91,79.02
ASG00846,STU00170,Big Data Analytics,8,4,50.0,38.93
ASG00847,STU00170,Computer Networks,9,3,33.33,47.63
ASG00848,STU00170,Database Management,9,7,77.78,43.94
ASG00849,STU00170,Machine Learning,12,6,50.0,86.65
ASG00850,STU00170,Operating Systems,8,3,37.5,38.76
ASG00851,STU00171,Big Data Analytics,8,6,75.0,74.94
ASG00852,STU00171,Computer Networks,8,3,37.5,90.57
ASG00853,STU00171,Database Management,8,7,87.5,93.35
ASG00854,STU00171,Machine Learning,8,8,100.0,39.33
ASG00855,STU00171,Operating Systems,12,4,33.33,63.46
ASG00856,STU00172,Big Data Analytics,12,10,83.33,81.47
ASG00857,STU00172,Computer Networks,11,4,36.36,97.92
ASG00858,STU00172,Database Management,10,10,100.0,46.52
ASG00859,STU00172,Machine Learning,10,10,100.0,88.2
ASG00860,STU00172,Operating Systems,10,7,70.0,63.48
ASG00861,STU00173,Big Data Analytics,12,3,25.0,46.67
ASG00862,STU00173,Computer Networks,9,4,44.44,99.99
ASG00863,STU00173,Database Management,12,6,50.0,71.84
ASG00864,STU00173,Machine Learning,12,3,25.0,75.99
ASG00865,STU00173,Operating Systems,11,10,90.91,88.48
ASG00866,STU00174,Big Data Analytics,12,5,41.67,37.73
ASG00867,STU00174,Computer Networks,9,3,33.33,73.64
ASG00868,STU00174,Database Management,11,7,63.64,48.76
ASG00869,STU00174,Machine Learning,9,8,88.89,56.59
ASG00870,STU00174,Operating Systems,10,3,30.0,95.8
ASG00871,STU00175,Big Data Analytics,9,9,100.0,48.36
ASG00872,STU00175,Computer Networks,10,5,50.0,35.29
ASG00873,STU00175,Database Management,11,9,81.82,88.38
ASG00874,STU00175,Machine Learning,9,6,66.67,63.33
ASG00875,STU00175,Operating Systems,8,4,50.0,95.18
ASG00876,STU00176,Big Data Analytics,9,8,88.89,82.42
ASG00877,STU00176,Computer Networks,8,6,75.0,67.15
ASG00878,STU00176,Database Management,9,8,88.89,74.04
ASG00879,STU00176,Machine Learning,9,3,33.33,66.53
ASG00880,STU00176,Operating Systems,11,4,36.36,84.26
ASG00881,STU00177,Big Data Analytics,10,3,30.0,58.18
ASG00882,STU00177,Computer Networks,9,9,100.0,93.36
ASG00883,STU00177,Database Management,9,4,44.44,53.98
ASG00884,STU00177,Machine Learning,11,4,36.36,67.38
ASG00885,STU00177,Operating Systems,10,9,90.0,56.8
ASG00886,STU00178,Big Data Analytics,11,5,45.45,49.49
ASG00887,STU00178,Computer Networks,10,9,90.0,74.42
ASG00888,STU00178,Database Management,9,6,66.67,75.02
ASG00889,STU00178,Machine Learning,12,6,50.0,86.02
ASG00890,STU00178,Operating Systems,8,5,62.5,70.58
ASG00891,STU00179,Big Data Analytics,8,7,87.5,67.07
ASG00892,STU00179,Computer Networks,10,9,90.0,97.57
ASG00893,STU00179,Database Management,8,5,62.5,78.91
ASG00894,STU00179,Machine Learning,12,11,91.67,80.12
ASG00895,STU00179,Operating Systems,9,5,55.56,99.57
ASG00896,STU00180,Big Data Analytics,11,8,72.73,66.59
ASG00897,STU00180,Computer Networks,8,6,75.0,50.29
ASG00898,STU00180,Database Management,12,11,91.67,92.84
ASG00899,STU00180,Machine Learning,9,7,77.78,43.6
ASG00900,STU00180,Operating Systems,10,5,50.0,77.21
ASG00901,STU00181,Big Data Analytics,12,7,58.33,58.12
ASG00902,STU00181,Computer Networks,10,6,60.0,77.31
ASG00903,STU00181,Database Management,12,12,100.0,49.43
ASG00904,STU00181,Machine Learning,9,3,33.33,84.16
ASG00905,STU00181,Operating Systems,12,6,50.0,93.13
ASG00906,STU00182,Big Data Analytics,10,9,90.0,57.07
ASG00907,STU00182,Computer Networks,9,4,44.44,59.76
ASG00908,STU00182,Database Management,8,3,37.5,79.1
ASG00909,STU00182,Machine Learning,12,8,66.67,38.25
ASG00910,STU00182,Operating Systems,8,7,87.5,39.31
ASG00911,STU00183,Big Data Analytics,12,4,33.33,46.91
ASG00912,STU00183,Computer Networks,10,9,90.0,40.05
ASG00913,STU00183,Database Management,11,5,45.45,62.32
ASG00914,STU00183,Machine Learning,10,9,90.0,49.83
ASG00915,STU00183,Operating Systems,9,7,77.78,92.21
ASG00916,STU00184,Big Data Analytics,11,3,27.27,36.56
ASG00917,STU00184,Computer Networks,11,6,54.55,63.7
ASG00918,STU00184,Database Management,11,3,27.27,59.66
ASG00919,STU00184,Machine Learning,10,9,90.0,50.01
ASG00920,STU00184,Operating Systems,10,8,80.0,96.48
ASG00921,STU00185,Big Data Analytics,11,8,72.73,89.29
ASG00922,STU00185,Computer Networks,9,7,77.78,84.09
ASG00923,STU00185,Database Management,11,11,100.0,53.09
ASG00924,STU00185,Machine Learning,11,10,90.91,79.54
ASG00925,STU00185,Operating Systems,11,3,27.27,36.4
ASG00926,STU00186,Big Data Analytics,9,4,44.44,68.58
ASG00927,STU00186,Computer Networks,8,4,50.0,42.25
ASG00928,STU00186,Database Management,12,3,25.0,68.24
ASG00929,STU00186,Machine Learning,8,4,50.0,54.55
ASG00930,STU00186,Operating Systems,10,5,50.0,74.05
ASG00931,STU00187,Big Data Analytics,11,6,54.55,60.01
ASG00932,STU00187,Computer Networks,9,8,88.89,73.41
ASG00933,STU00187,Database Management,8,5,62.5,65.62
ASG00934,STU00187,Machine Learning,10,3,30.0,88.23
ASG00935,STU00187,Operating Systems,8,3,37.5,79.96
ASG00936,STU00188,Big Data Analytics,9,5,55.56,92.5
ASG00937,STU00188,Computer Networks,10,7,70.0,89.94
ASG00938,STU00188,Database Management,8,3,37.5,77.7
ASG00939,STU00188,Machine Learning,8,8,100.0,79.61
ASG00940,STU00188,Operating Systems,9,6,66.67,42.02
ASG00941,STU00189,Big Data Analytics,9,4,44.44,99.84
ASG00942,STU00189,Computer Networks,8,3,37.5,88.68
ASG00943,STU00189,Database Management,12,10,83.33,95.25
ASG00944,STU00189,Machine Learning,8,4,50.0,52.48
ASG00945,STU00189,Operating Systems,9,5,55.56,70.33
ASG00946,STU00190,Big Data Analytics,9,6,66.67,56.68
ASG00947,STU00190,Computer Networks,11,7,63.64,56.27
ASG00948,STU00190,Database Management,11,7,63.64,35.14
ASG00949,STU00190,Machine Learning,12,9,75.0,40.45
ASG00950,STU00190,Operating Systems,12,10,83.33,94.14
ASG00951,STU00191,Big Data Analytics,11,10,90.91,52.84
ASG00952,STU00191,Computer Networks,12,6,50.0,89.93
ASG00953,STU00191,Database Management,10,5,50.0,61.17
ASG00954,STU00191,Machine Learning,11,6,54.55,58.21
ASG00955,STU00191,Operating Systems,12,10,83.33,43.19
ASG00956,STU00192,Big Data Analytics,10,3,30.0,40.35
ASG00957,STU00192,Computer Networks,8,4,50.0,67.62
ASG00958,STU00192,Database Management,9,5,55.56,44.49
ASG00959,STU00192,Machine Learning,11,5,45.45,73.97
ASG00960,STU00192,Operating Systems,11,4,36.36,74.72
ASG00961,STU00193,Big Data Analytics,12,3,25.0,95.44
ASG00962,STU00193,Computer Networks,10,3,30.0,78.43
ASG00963,STU00193,Database Management,8,5,62.5,73.41
ASG00964,STU00193,Machine Learning,9,7,77.78,62.55
ASG00965,STU00193,Operating Systems,8,7,87.5,96.73
ASG00966,STU00194,Big Data Analytics,9,4,44.44,94.02
ASG00967,STU00194,Computer Networks,9,8,88.89,40.94
ASG00968,STU00194,Database Management,11,11,100.0,93.84
ASG00969,STU00194,Machine Learning,12,3,25.0,61.36
ASG00970,STU00194,Operating Systems,10,6,60.0,36.12
ASG00971,STU00195,Big Data Analytics,12,10,83.33,45.62
ASG00972,STU00195,Computer Networks,11,5,45.45,79.06
ASG00973,STU00195,Database Management,11,6,54.55,40.68
ASG00974,STU00195,Machine Learning,9,3,33.33,39.12
ASG00975,STU00195,Operating Systems,11,4,36.36,38.54
ASG00976,STU00196,Big Data Analytics,12,4,33.33,91.48
ASG00977,STU00196,Computer Networks,12,8,66.67,86.55
ASG00978,STU00196,Database Management,12,5,41.67,85.58
ASG00979,STU00196,Machine Learning,10,6,60.0,82.75
ASG00980,STU00196,Operating Systems,11,10,90.91,52.91
ASG00981,STU00197,Big Data Analytics,12,10,83.33,64.0
ASG00982,STU00197,Computer Networks,12,9,75.0,68.52
ASG00983,STU00197,Database Management,8,3,37.5,35.71
ASG00984,STU00197,Machine Learning,9,5,55.56,98.14
ASG00985,STU00197,Operating Systems,10,4,40.0,41.41
ASG00986,STU00198,Big Data Analytics,10,5,50.0,80.98
ASG00987,STU00198,Computer Networks,8,5,62.5,58.44
ASG00988,STU00198,Database Management,12,5,41.67,47.85
ASG00989,STU00198,Machine Learning,11,9,81.82,98.11
ASG00990,STU00198,Operating Systems,8,6,75.0,71.61
ASG00991,STU00199,Big Data Analytics,11,3,27.27,96.07
ASG00992,STU00199,Computer Networks,9,9,100.0,46.58
ASG00993,STU00199,Database Management,8,8,100.0,87.71
ASG00994,STU00199,Machine Learning,8,8,100.0,80.08
ASG00995,STU00199,Operating Systems,12,6,50.0,92.53
ASG00996,STU00200,Big Data Analytics,11,7,63.64,86.57
ASG00997,STU00200,Computer Networks,10,7,70.0,68.29
ASG00998,STU00200,Database Management,9,6,66.67,72.39
ASG00999,STU00200,Machine Learning,9,7,77.78,54.62
ASG01000,STU00200,Operating Systems,11,6,54.55,69.74
ASG01001,STU00201,Big Data Analytics,12,5,41.67,65.84
ASG01002,STU00201,Computer Networks,11,9,81.82,65.32
ASG01003,STU00201,Database Management,12,6,50.0,55.95
ASG01004,STU00201,Machine Learning,9,7,77.78,56.34
ASG01005,STU00201,Operating Systems,9,6,66.67,48.55
ASG01006,STU00202,Big Data Analytics,10,7,70.0,88.97
ASG01007,STU00202,Computer Networks,8,6,75.0,71.79
ASG01008,STU00202,Database Management,9,5,55.56,74.23
ASG01009,STU00202,Machine Learning,11,11,100.0,99.86
ASG01010,STU00202,Operating Systems,10,3,30.0,42.43
ASG01011,STU00203,Big Data Analytics,11,5,45.45,80.03
ASG01012,STU00203,Computer Networks,10,3,30.0,53.89
ASG01013,STU00203,Database Management,11,9,81.82,68.58
ASG01014,STU00203,Machine Learning,10,4,40.0,40.67
ASG01015,STU00203,Operating Systems,8,4,50.0,56.18
ASG01016,STU00204,Big Data Analytics,12,6,50.0,53.71
ASG01017,STU00204,Computer Networks,9,7,77.78,85.51
ASG01018,STU00204,Database Management,12,5,41.67,56.07
ASG01019,STU00204,Machine Learning,9,3,33.33,86.11
ASG01020,STU00204,Operating Systems,9,3,33.33,77.37
ASG01021,STU00205,Big Data Analytics,11,6,54.55,42.01
ASG01022,STU00205,Computer Networks,11,7,63.64,93.63
ASG01023,STU00205,Database Management,8,3,37.5,86.32
ASG01024,STU00205,Machine Learning,11,10,90.91,93.53
ASG01025,STU00205,Operating Systems,12,3,25.0,95.05
ASG01026,STU00206,Big Data Analytics,11,10,90.91,64.15
ASG01027,STU00206,Computer Networks,10,8,80.0,91.44
ASG01028,STU00206,Database Management,11,10,90.91,96.18
ASG01029,STU00206,Machine Learning,8,7,87.5,42.62
ASG01030,STU00206,Operating Systems,11,3,27.27,78.16
ASG01031,STU00207,Big Data Analytics,12,12,100.0,37.36
ASG01032,STU00207,Computer Networks,11,7,63.64,80.57
ASG01033,STU00207,Database Management,11,4,36.36,59.71
ASG01034,STU00207,Machine Learning,8,3,37.5,44.44
ASG01035,STU00207,Operating Systems,12,11,91.67,76.0
ASG01036,STU00208,Big Data Analytics,9,3,33.33,84.91
ASG01037,STU00208,Computer Networks,8,5,62.5,55.72
ASG01038,STU00208,Database Management,12,10,83.33,41.63
ASG01039,STU00208,Machine Learning,9,7,77.78,87.35
ASG01040,STU00208,Operating Systems,8,5,62.5,48.85
ASG01041,STU00209,Big Data Analytics,9,7,77.78,79.19
ASG01042,STU00209,Computer Networks,10,5,50.0,74.12
ASG01043,STU00209,Database Management,9,3,33.33,75.08
ASG01044,STU00209,Machine Learning,10,9,90.0,36.03
ASG01045,STU00209,Operating Systems,8,6,75.0,84.47
ASG01046,STU00210,Big Data Analytics,8,3,37.5,83.29
ASG01047,STU00210,Computer Networks,9,6,66.67,52.51
ASG01048,STU00210,Database Management,12,10,83.33,68.52
ASG01049,STU00210,Machine Learning,9,5,55.56,96.34
ASG01050,STU00210,Operating Systems,9,3,33.33,79.63
ASG01051,STU00211,Big Data Analytics,10,6,60.0,54.97
ASG01052,STU00211,Computer Networks,9,7,77.78,61.08
ASG01053,STU00211,Database Management,10,9,90.0,37.75
ASG01054,STU00211,Machine Learning,9,5,55.56,41.01
ASG01055,STU00211,Operating Systems,8,6,75.0,71.52
ASG01056,STU00212,Big Data Analytics,9,9,100.0,68.18
ASG01057,STU00212,Computer Networks,8,5,62.5,81.5
ASG01058,STU00212,Database Management,9,4,44.44,78.85
ASG01059,STU00212,Machine Learning,10,4,40.0,59.33
ASG01060,STU00212,Operating Systems,9,4,44.44,86.02
ASG01061,STU00213,Big Data Analytics,10,5,50.0,46.21
ASG01062,STU00213,Computer Networks,10,9,90.0,39.44
ASG01063,STU00213,Database Management,11,10,90.91,85.12
ASG01064,STU00213,Machine Learning,12,10,83.33,59.5
ASG01065,STU00213,Operating Systems,12,9,75.0,97.08
ASG01066,STU00214,Big Data Analytics,8,6,75.0,87.81
ASG01067,STU00214,Computer Networks,12,4,33.33,49.67
ASG01068,STU00214,Database Management,11,11,100.0,69.36
ASG01069,STU00214,Machine Learning,8,7,87.5,36.18
ASG01070,STU00214,Operating Systems,10,8,80.0,38.46
ASG01071,STU00215,Big Data Analytics,12,12,100.0,84.68
ASG01072,STU00215,Computer Networks,10,8,80.0,39.11
ASG01073,STU00215,Database Management,10,4,40.0,66.03
ASG01074,STU00215,Machine Learning,9,5,55.56,47.42
ASG01075,STU00215,Operating Systems,11,4,36.36,71.73
ASG01076,STU00216,Big Data Analytics,9,7,77.78,76.43
ASG01077,STU00216,Computer Networks,12,7,58.33,51.27
ASG01078,STU00216,Database Management,8,5,62.5,89.42
ASG01079,STU00216,Machine Learning,8,7,87.5,42.24
ASG01080,STU00216,Operating Systems,10,5,50.0,74.8
ASG01081,STU00217,Big Data Analytics,8,4,50.0,95.89
ASG01082,STU00217,Computer Networks,8,6,75.0,67.31
ASG01083,STU00217,Database Management,12,9,75.0,36.68
ASG01084,STU00217,Machine Learning,12,12,100.0,40.84
ASG01085,STU00217,Operating Systems,9,4,44.44,38.89
ASG01086,STU00218,Big Data Analytics,10,9,90.0,83.19
ASG01087,STU00218,Computer Networks,10,10,100.0,85.5
ASG01088,STU00218,Database Management,8,6,75.0,97.13
ASG01089,STU00218,Machine Learning,12,10,83.33,56.15
ASG01090,STU00218,Operating Systems,12,11,91.67,36.09
ASG01091,STU00219,Big Data Analytics,9,5,55.56,99.1
ASG01092,STU00219,Computer Networks,12,11,91.67,73.71
ASG01093,STU00219,Database Management,8,7,87.5,69.9
ASG01094,STU00219,Machine Learning,8,8,100.0,94.44
ASG01095,STU00219,Operating Systems,11,7,63.64,71.01
ASG01096,STU00220,Big Data Analytics,12,8,66.67,44.76
ASG01097,STU00220,Computer Networks,12,9,75.0,80.63
ASG01098,STU00220,Database Management,8,5,62.5,60.12
ASG01099,STU00220,Machine Learning,12,8,66.67,56.53
ASG01100,STU00220,Operating Systems,9,4,44.44,60.74
ASG01101,STU00221,Big Data Analytics,9,9,100.0,67.14
ASG01102,STU00221,Computer Networks,9,8,88.89,72.32
ASG01103,STU00221,Database Management,8,4,50.0,96.71
ASG01104,STU00221,Machine Learning,10,8,80.0,64.96
ASG01105,STU00221,Operating Systems,12,10,83.33,60.53
ASG01106,STU00222,Big Data Analytics,12,6,50.0,63.23
ASG01107,STU00222,Computer Networks,9,5,55.56,73.93
ASG01108,STU00222,Database Management,10,6,60.0,96.86
ASG01109,STU00222,Machine Learning,11,9,81.82,42.4
ASG01110,STU00222,Operating Systems,9,6,66.67,67.63
ASG01111,STU00223,Big Data Analytics,10,5,50.0,89.62
ASG01112,STU00223,Computer Networks,10,3,30.0,77.43
ASG01113,STU00223,Database Management,12,7,58.33,63.15
ASG01114,STU00223,Machine Learning,9,4,44.44,58.94
ASG01115,STU00223,Operating Systems,8,8,100.0,49.26
ASG01116,STU00224,Big Data Analytics,9,3,33.33,52.81
ASG01117,STU00224,Computer Networks,11,10,90.91,64.31
ASG01118,STU00224,Database Management,12,3,25.0,59.61
ASG01119,STU00224,Machine Learning,9,7,77.78,85.88
ASG01120,STU00224,Operating Systems,8,8,100.0,97.04
ASG01121,STU00225,Big Data Analytics,11,9,81.82,81.9
ASG01122,STU00225,Computer Networks,8,4,50.0,45.04
ASG01123,STU00225,Database Management,11,4,36.36,98.28
ASG01124,STU00225,Machine Learning,11,8,72.73,89.25
ASG01125,STU00225,Operating Systems,11,5,45.45,49.37
ASG01126,STU00226,Big Data Analytics,9,9,100.0,65.65
ASG01127,STU00226,Computer Networks,9,9,100.0,36.26
ASG01128,STU00226,Database Management,11,9,81.82,49.67
ASG01129,STU00226,Machine Learning,8,3,37.5,79.24
ASG01130,STU00226,Operating Systems,9,7,77.78,37.74
ASG01131,STU00227,Big Data Analytics,8,8,100.0,69.79
ASG01132,STU00227,Computer Networks,8,8,100.0,46.07
ASG01133,STU00227,Database Management,8,7,87.5,99.63
ASG01134,STU00227,Machine Learning,11,4,36.36,95.73
ASG01135,STU00227,Operating Systems,12,9,75.0,44.32
ASG01136,STU00228,Big Data Analytics,10,7,70.0,45.21
ASG01137,STU00228,Computer Networks,8,6,75.0,71.17
ASG01138,STU00228,Database Management,12,7,58.33,66.21
ASG01139,STU00228,Machine Learning,8,7,87.5,79.66
ASG01140,STU00228,Operating Systems,11,10,90.91,62.94
ASG01141,STU00229,Big Data Analytics,11,11,100.0,52.17
ASG01142,STU00229,Computer Networks,11,7,63.64,81.05
ASG01143,STU00229,Database Management,8,8,100.0,93.82
ASG01144,STU00229,Machine Learning,8,7,87.5,44.73
ASG01145,STU00229,Operating Systems,12,11,91.67,91.03
ASG01146,STU00230,Big Data Analytics,9,6,66.67,35.54
ASG01147,STU00230,Computer Networks,10,5,50.0,98.96
ASG01148,STU00230,Database Management,10,8,80.0,84.07
ASG01149,STU00230,Machine Learning,12,3,25.0,75.09
ASG01150,STU00230,Operating Systems,8,3,37.5,85.24
ASG01151,STU00231,Big Data Analytics,12,11,91.67,95.39
ASG01152,STU00231,Computer Networks,8,8,100.0,35.4
ASG01153,STU00231,Database Management,11,7,63.64,54.57
ASG01154,STU00231,Machine Learning,8,7,87.5,59.2
ASG01155,STU00231,Operating Systems,10,7,70.0,88.3
ASG01156,STU00232,Big Data Analytics,11,11,100.0,98.07
ASG01157,STU00232,Computer Networks,9,8,88.89,56.49
ASG01158,STU00232,Database Management,9,9,100.0,39.95
ASG01159,STU00232,Machine Learning,12,8,66.67,55.18
ASG01160,STU00232,Operating Systems,9,8,88.89,39.09
ASG01161,STU00233,Big Data Analytics,11,4,36.36,97.83
ASG01162,STU00233,Computer Networks,11,4,36.36,82.03
ASG01163,STU00233,Database Management,12,6,50.0,89.89
ASG01164,STU00233,Machine Learning,10,4,40.0,51.84
ASG01165,STU00233,Operating Systems,10,3,30.0,44.77
ASG01166,STU00234,Big Data Analytics,9,9,100.0,43.93
ASG01167,STU00234,Computer Networks,12,10,83.33,53.54
ASG01168,STU00234,Database Management,9,5,55.56,81.66
ASG01169,STU00234,Machine Learning,11,7,63.64,66.32
ASG01170,STU00234,Operating Systems,11,8,72.73,36.11
ASG01171,STU00235,Big Data Analytics,11,3,27.27,63.3
ASG01172,STU00235,Computer Networks,11,6,54.55,79.06
ASG01173,STU00235,Database Management,11,4,36.36,69.28
ASG01174,STU00235,Machine Learning,11,4,36.36,37.5
ASG01175,STU00235,Operating Systems,10,7,70.0,36.05
ASG01176,STU00236,Big Data Analytics,8,7,87.5,96.55
ASG01177,STU00236,Computer Networks,8,4,50.0,81.15
ASG01178,STU00236,Database Management,11,6,54.55,93.18
ASG01179,STU00236,Machine Learning,9,8,88.89,46.36
ASG01180,STU00236,Operating Systems,10,4,40.0,45.84
ASG01181,STU00237,Big Data Analytics,11,3,27.27,72.61
ASG01182,STU00237,Computer Networks,8,3,37.5,89.48
ASG01183,STU00237,Database Management,8,3,37.5,35.61
ASG01184,STU00237,Machine Learning,9,4,44.44,72.13
ASG01185,STU00237,Operating Systems,9,4,44.44,57.11
ASG01186,STU00238,Big Data Analytics,8,8,100.0,41.19
ASG01187,STU00238,Computer Networks,11,9,81.82,87.62
ASG01188,STU00238,Database Management,12,5,41.67,71.01
ASG01189,STU00238,Machine Learning,9,5,55.56,96.73
ASG01190,STU00238,Operating Systems,9,7,77.78,74.23
ASG01191,STU00239,Big Data Analytics,12,6,50.0,85.98
ASG01192,STU00239,Computer Networks,12,9,75.0,90.65
ASG01193,STU00239,Database Management,8,6,75.0,51.18
ASG01194,STU00239,Machine Learning,8,8,100.0,53.91
ASG01195,STU00239,Operating Systems,8,8,100.0,77.9
ASG01196,STU00240,Big Data Analytics,10,10,100.0,41.83
ASG01197,STU00240,Computer Networks,8,3,37.5,69.77
ASG01198,STU00240,Database Management,8,4,50.0,46.55
ASG01199,STU00240,Machine Learning,10,4,40.0,54.39
ASG01200,STU00240,Operating Systems,8,4,50.0,81.54
ASG01201,STU00241,Big Data Analytics,11,11,100.0,54.09
ASG01202,STU00241,Computer Networks,11,11,100.0,91.12
ASG01203,STU00241,Database Management,8,3,37.5,68.09
ASG01204,STU00241,Machine Learning,10,6,60.0,53.8
ASG01205,STU00241,Operating Systems,9,8,88.89,38.58
ASG01206,STU00242,Big Data Analytics,10,6,60.0,93.89
ASG01207,STU00242,Computer Networks,9,4,44.44,71.41
ASG01208,STU00242,Database Management,8,7,87.5,85.51
ASG01209,STU00242,Machine Learning,12,7,58.33,57.11
ASG01210,STU00242,Operating Systems,10,9,90.0,56.49
ASG01211,STU00243,Big Data Analytics,9,5,55.56,49.05
ASG01212,STU00243,Computer Networks,9,7,77.78,81.66
ASG01213,STU00243,Database Management,11,7,63.64,78.69
ASG01214,STU00243,Machine Learning,11,6,54.55,67.47
ASG01215,STU00243,Operating Systems,11,10,90.91,91.46
ASG01216,STU00244,Big Data Analytics,12,6,50.0,94.05
ASG01217,STU00244,Computer Networks,8,5,62.5,91.39
ASG01218,STU00244,Database Management,12,9,75.0,85.3
ASG01219,STU00244,Machine Learning,10,10,100.0,89.09
ASG01220,STU00244,Operating Systems,9,3,33.33,58.0
ASG01221,STU00245,Big Data Analytics,12,4,33.33,92.06
ASG01222,STU00245,Computer Networks,12,8,66.67,77.08
ASG01223,STU00245,Database Management,11,7,63.64,67.63
ASG01224,STU00245,Machine Learning,9,6,66.67,53.63
ASG01225,STU00245,Operating Systems,11,4,36.36,90.7
ASG01226,STU00246,Big Data Analytics,9,8,88.89,87.08
ASG01227,STU00246,Computer Networks,12,10,83.33,39.34
ASG01228,STU00246,Database Management,9,7,77.78,54.67
ASG01229,STU00246,Machine Learning,12,8,66.67,56.32
ASG01230,STU00246,Operating Systems,10,8,80.0,68.88
ASG01231,STU00247,Big Data Analytics,12,7,58.33,81.22
ASG01232,STU00247,Computer Networks,12,8,66.67,59.46
ASG01233,STU00247,Database Management,8,5,62.5,74.9
ASG01234,STU00247,Machine Learning,12,4,33.33,95.66
ASG01235,STU00247,Operating Systems,11,4,36.36,81.97
ASG01236,STU00248,Big Data Analytics,11,6,54.55,55.08
ASG01237,STU00248,Computer Networks,9,3,33.33,57.21
ASG01238,STU00248,Database Management,9,3,33.33,42.69
ASG01239,STU00248,Machine Learning,12,7,58.33,61.34
ASG01240,STU00248,Operating Systems,9,8,88.89,96.81
ASG01241,STU00249,Big Data Analytics,10,8,80.0,60.01
ASG01242,STU00249,Computer Networks,12,4,33.33,45.46
ASG01243,STU00249,Database Management,12,11,91.67,78.14
ASG01244,STU00249,Machine Learning,9,3,33.33,48.41
ASG01245,STU00249,Operating Systems,11,3,27.27,56.99
ASG01246,STU00250,Big Data Analytics,9,4,44.44,80.11
ASG01247,STU00250,Computer Networks,9,3,33.33,55.05
ASG01248,STU00250,Database Management,8,4,50.0,77.02
ASG01249,STU00250,Machine Learning,9,3,33.33,49.34
ASG01250,STU00250,Operating Systems,9,7,77.78,75.51
ASG01251,STU00251,Big Data Analytics,10,3,30.0,86.1
ASG01252,STU00251,Computer Networks,12,12,100.0,63.89
ASG01253,STU00251,Database Management,12,11,91.67,37.25
ASG01254,STU00251,Machine Learning,9,9,100.0,93.54
ASG01255,STU00251,Operating Systems,12,11,91.67,61.79
ASG01256,STU00252,Big Data Analytics,11,10,90.91,99.41
ASG01257,STU00252,Computer Networks,8,4,50.0,79.14
ASG01258,STU00252,Database Management,11,5,45.45,45.95
ASG01259,STU00252,Machine Learning,11,9,81.82,63.45
ASG01260,STU00252,Operating Systems,10,7,70.0,63.61
ASG01261,STU00253,Big Data Analytics,9,6,66.67,35.7
ASG01262,STU00253,Computer Networks,11,10,90.91,45.82
ASG01263,STU00253,Database Management,10,10,100.0,36.56
ASG01264,STU00253,Machine Learning,9,4,44.44,95.63
ASG01265,STU00253,Operating Systems,12,3,25.0,86.74
ASG01266,STU00254,Big Data Analytics,8,8,100.0,56.98
ASG01267,STU00254,Computer Networks,10,7,70.0,83.29
ASG01268,STU00254,Database Management,9,9,100.0,71.67
ASG01269,STU00254,Machine Learning,9,9,100.0,59.78
ASG01270,STU00254,Operating Systems,10,10,100.0,57.11
ASG01271,STU00255,Big Data Analytics,8,7,87.5,40.72
ASG01272,STU00255,Computer Networks,10,6,60.0,94.14
ASG01273,STU00255,Database Management,12,7,58.33,50.99
ASG01274,STU00255,Machine Learning,11,11,100.0,88.81
ASG01275,STU00255,Operating Systems,12,3,25.0,99.78
ASG01276,STU00256,Big Data Analytics,9,5,55.56,71.55
ASG01277,STU00256,Computer Networks,12,10,83.33,75.13
ASG01278,STU00256,Database Management,8,5,62.5,84.88
ASG01279,STU00256,Machine Learning,9,4,44.44,40.27
ASG01280,STU00256,Operating Systems,8,8,100.0,95.51
ASG01281,STU00257,Big Data Analytics,12,12,100.0,96.26
ASG01282,STU00257,Computer Networks,8,4,50.0,87.1
ASG01283,STU00257,Database Management,11,5,45.45,70.86
ASG01284,STU00257,Machine Learning,10,5,50.0,63.23
ASG01285,STU00257,Operating Systems,12,7,58.33,48.09
ASG01286,STU00258,Big Data Analytics,11,7,63.64,70.81
ASG01287,STU00258,Computer Networks,12,3,25.0,60.5
ASG01288,STU00258,Database Management,12,4,33.33,42.96
ASG01289,STU00258,Machine Learning,12,6,50.0,60.23
ASG01290,STU00258,Operating Systems,12,5,41.67,60.95
ASG01291,STU00259,Big Data Analytics,8,4,50.0,44.15
ASG01292,STU00259,Computer Networks,9,3,33.33,55.48
ASG01293,STU00259,Database Management,11,11,100.0,84.54
ASG01294,STU00259,Machine Learning,8,6,75.0,92.53
ASG01295,STU00259,Operating Systems,10,4,40.0,97.38
ASG01296,STU00260,Big Data Analytics,8,4,50.0,44.23
ASG01297,STU00260,Computer Networks,9,3,33.33,68.41
ASG01298,STU00260,Database Management,11,3,27.27,95.96
ASG01299,STU00260,Machine Learning,8,7,87.5,57.08
ASG01300,STU00260,Operating Systems,12,12,100.0,39.42
ASG01301,STU00261,Big Data Analytics,9,8,88.89,98.68
ASG01302,STU00261,Computer Networks,9,7,77.78,92.24
ASG01303,STU00261,Database Management,12,7,58.33,97.91
ASG01304,STU00261,Machine Learning,11,4,36.36,48.78
ASG01305,STU00261,Operating Systems,8,8,100.0,75.93
ASG01306,STU00262,Big Data Analytics,12,4,33.33,99.3
ASG01307,STU00262,Computer Networks,8,8,100.0,40.08
ASG01308,STU00262,Database Management,10,9,90.0,75.83
ASG01309,STU00262,Machine Learning,8,4,50.0,61.9
ASG01310,STU00262,Operating Systems,12,9,75.0,76.44
ASG01311,STU00263,Big Data Analytics,11,6,54.55,87.51
ASG01312,STU00263,Computer Networks,11,9,81.82,86.41
ASG01313,STU00263,Database Management,12,10,83.33,37.25
ASG01314,STU00263,Machine Learning,10,3,30.0,63.78
ASG01315,STU00263,Operating Systems,8,5,62.5,59.24
ASG01316,STU00264,Big Data Analytics,11,9,81.82,50.5
ASG01317,STU00264,Computer Networks,11,5,45.45,65.05
ASG01318,STU00264,Database Management,10,4,40.0,58.59
ASG01319,STU00264,Machine Learning,9,5,55.56,88.91
ASG01320,STU00264,Operating Systems,10,7,70.0,66.09
ASG01321,STU00265,Big Data Analytics,10,4,40.0,39.06
ASG01322,STU00265,Computer Networks,9,4,44.44,44.19
ASG01323,STU00265,Database Management,9,7,77.78,77.6
ASG01324,STU00265,Machine Learning,9,5,55.56,63.66
ASG01325,STU00265,Operating Systems,8,7,87.5,43.58
ASG01326,STU00266,Big Data Analytics,8,5,62.5,47.34
ASG01327,STU00266,Computer Networks,10,4,40.0,54.22
ASG01328,STU00266,Database Management,8,3,37.5,93.2
ASG01329,STU00266,Machine Learning,10,6,60.0,67.92
ASG01330,STU00266,Operating Systems,10,3,30.0,46.55
ASG01331,STU00267,Big Data Analytics,12,6,50.0,67.84
ASG01332,STU00267,Computer Networks,8,3,37.5,89.67
ASG01333,STU00267,Database Management,9,9,100.0,57.48
ASG01334,STU00267,Machine Learning,9,8,88.89,71.41
ASG01335,STU00267,Operating Systems,8,3,37.5,77.73
ASG01336,STU00268,Big Data Analytics,8,4,50.0,77.05
ASG01337,STU00268,Computer Networks,10,6,60.0,66.34
ASG01338,STU00268,Database Management,12,7,58.33,47.8
ASG01339,STU00268,Machine Learning,12,11,91.67,40.86
ASG01340,STU00268,Operating Systems,10,5,50.0,71.55
ASG01341,STU00269,Big Data Analytics,8,8,100.0,52.08
ASG01342,STU00269,Computer Networks,8,3,37.5,36.5
ASG01343,STU00269,Database Management,8,3,37.5,79.79
ASG01344,STU00269,Machine Learning,8,7,87.5,38.38
ASG01345,STU00269,Operating Systems,11,10,90.91,96.71
ASG01346,STU00270,Big Data Analytics,9,7,77.78,84.36
ASG01347,STU00270,Computer Networks,12,11,91.67,35.25
ASG01348,STU00270,Database Management,9,5,55.56,68.04
ASG01349,STU00270,Machine Learning,10,8,80.0,88.33
ASG01350,STU00270,Operating Systems,10,6,60.0,49.94
ASG01351,STU00271,Big Data Analytics,12,5,41.67,75.48
ASG01352,STU00271,Computer Networks,10,3,30.0,69.5
ASG01353,STU00271,Database Management,10,10,100.0,59.82
ASG01354,STU00271,Machine Learning,11,7,63.64,73.04
ASG01355,STU00271,Operating Systems,10,6,60.0,36.08
ASG01356,STU00272,Big Data Analytics,9,7,77.78,44.57
ASG01357,STU00272,Computer Networks,8,5,62.5,53.42
ASG01358,STU00272,Database Management,12,9,75.0,62.22
ASG01359,STU00272,Machine Learning,8,8,100.0,42.45
ASG01360,STU00272,Operating Systems,12,4,33.33,75.63
ASG01361,STU00273,Big Data Analytics,9,4,44.44,71.52
ASG01362,STU00273,Computer Networks,9,3,33.33,48.08
ASG01363,STU00273,Database Management,11,11,100.0,96.97
ASG01364,STU00273,Machine Learning,12,4,33.33,54.25
ASG01365,STU00273,Operating Systems,9,4,44.44,86.5
ASG01366,STU00274,Big Data Analytics,9,6,66.67,98.6
ASG01367,STU00274,Computer Networks,11,7,63.64,69.06
ASG01368,STU00274,Database Management,11,5,45.45,53.46
ASG01369,STU00274,Machine Learning,9,5,55.56,56.02
ASG01370,STU00274,Operating Systems,12,4,33.33,66.18
ASG01371,STU00275,Big Data Analytics,10,9,90.0,57.02
ASG01372,STU00275,Computer Networks,12,7,58.33,67.56
ASG01373,STU00275,Database Management,8,4,50.0,73.13
ASG01374,STU00275,Machine Learning,9,4,44.44,68.43
ASG01375,STU00275,Operating Systems,11,5,45.45,35.79
ASG01376,STU00276,Big Data Analytics,10,3,30.0,92.74
ASG01377,STU00276,Computer Networks,10,9,90.0,88.82
ASG01378,STU00276,Database Management,12,6,50.0,57.31
ASG01379,STU00276,Machine Learning,12,9,75.0,36.65
ASG01380,STU00276,Operating Systems,9,8,88.89,80.96
ASG01381,STU00277,Big Data Analytics,8,6,75.0,91.57
ASG01382,STU00277,Computer Networks,11,5,45.45,80.19
ASG01383,STU00277,Database Management,9,9,100.0,75.11
ASG01384,STU00277,Machine Learning,10,6,60.0,72.23
ASG01385,STU00277,Operating Systems,8,4,50.0,68.67
ASG01386,STU00278,Big Data Analytics,9,3,33.33,98.78
ASG01387,STU00278,Computer Networks,8,3,37.5,73.53
ASG01388,STU00278,Database Management,12,6,50.0,93.56
ASG01389,STU00278,Machine Learning,11,6,54.55,70.09
ASG01390,STU00278,Operating Systems,12,12,100.0,43.14
ASG01391,STU00279,Big Data Analytics,12,8,66.67,47.95
ASG01392,STU00279,Computer Networks,11,3,27.27,37.18
ASG01393,STU00279,Database Management,12,11,91.67,72.29
ASG01394,STU00279,Machine Learning,9,6,66.67,39.67
ASG01395,STU00279,Operating Systems,9,5,55.56,81.35
ASG01396,STU00280,Big Data Analytics,12,3,25.0,60.45
ASG01397,STU00280,Computer Networks,9,9,100.0,93.21
ASG01398,STU00280,Database Management,10,10,100.0,59.81
ASG01399,STU00280,Machine Learning,11,11,100.0,87.59
ASG01400,STU00280,Operating Systems,9,7,77.78,44.1
ASG01401,STU00281,Big Data Analytics,8,8,100.0,46.81
ASG01402,STU00281,Computer Networks,9,4,44.44,57.21
ASG01403,STU00281,Database Management,10,8,80.0,68.09
ASG01404,STU00281,Machine Learning,12,3,25.0,75.46
ASG01405,STU00281,Operating Systems,8,4,50.0,97.99
ASG01406,STU00282,Big Data Analytics,12,10,83.33,43.62
ASG01407,STU00282,Computer Networks,11,9,81.82,56.95
ASG01408,STU00282,Database Management,10,3,30.0,58.4
ASG01409,STU00282,Machine Learning,8,6,75.0,80.44
ASG01410,STU00282,Operating Systems,12,11,91.67,36.3
ASG01411,STU00283,Big Data Analytics,12,10,83.33,96.22
ASG01412,STU00283,Computer Networks,8,5,62.5,80.38
ASG01413,STU00283,Database Management,12,6,50.0,80.27
ASG01414,STU00283,Machine Learning,12,3,25.0,68.34
ASG01415,STU00283,Operating Systems,9,8,88.89,43.44
ASG01416,STU00284,Big Data Analytics,12,9,75.0,60.32
ASG01417,STU00284,Computer Networks,8,6,75.0,88.52
ASG01418,STU00284,Database Management,8,5,62.5,91.2
ASG01419,STU00284,Machine Learning,11,9,81.82,39.11
ASG01420,STU00284,Operating Systems,8,7,87.5,71.58
ASG01421,STU00285,Big Data Analytics,8,3,37.5,50.95
ASG01422,STU00285,Computer Networks,12,9,75.0,93.86
ASG01423,STU00285,Database Management,11,6,54.55,41.96
ASG01424,STU00285,Machine Learning,9,6,66.67,87.14
ASG01425,STU00285,Operating Systems,8,4,50.0,45.79
ASG01426,STU00286,Big Data Analytics,8,4,50.0,84.82
ASG01427,STU00286,Computer Networks,8,6,75.0,60.31
ASG01428,STU00286,Database Management,11,7,63.64,58.5
ASG01429,STU00286,Machine Learning,12,9,75.0,61.44
ASG01430,STU00286,Operating Systems,8,8,100.0,69.25
ASG01431,STU00287,Big Data Analytics,10,4,40.0,41.69
ASG01432,STU00287,Computer Networks,10,9,90.0,45.46
ASG01433,STU00287,Database Management,12,11,91.67,68.67
ASG01434,STU00287,Machine Learning,12,9,75.0,46.6
ASG01435,STU00287,Operating Systems,8,8,100.0,60.37
ASG01436,STU00288,Big Data Analytics,10,4,40.0,95.57
ASG01437,STU00288,Computer Networks,8,6,75.0,43.31
ASG01438,STU00288,Database Management,10,6,60.0,62.63
ASG01439,STU00288,Machine Learning,12,5,41.67,49.71
ASG01440,STU00288,Operating Systems,9,3,33.33,54.71
ASG01441,STU00289,Big Data Analytics,8,7,87.5,61.44
ASG01442,STU00289,Computer Networks,12,7,58.33,89.28
ASG01443,STU00289,Database Management,9,7,77.78,57.12
ASG01444,STU00289,Machine Learning,11,4,36.36,54.19
ASG01445,STU00289,Operating Systems,9,8,88.89,50.47
ASG01446,STU00290,Big Data Analytics,11,6,54.55,74.39
ASG01447,STU00290,Computer Networks,8,6,75.0,56.66
ASG01448,STU00290,Database Management,12,4,33.33,62.5
ASG01449,STU00290,Machine Learning,10,8,80.0,97.09
ASG01450,STU00290,Operating Systems,9,8,88.89,68.78
ASG01451,STU00291,Big Data Analytics,10,10,100.0,55.6
ASG01452,STU00291,Computer Networks,12,3,25.0,57.27
ASG01453,STU00291,Database Management,8,7,87.5,48.83
ASG01454,STU00291,Machine Learning,8,5,62.5,78.29
ASG01455,STU00291,Operating Systems,9,7,77.78,79.51
ASG01456,STU00292,Big Data Analytics,10,10,100.0,52.06
ASG01457,STU00292,Computer Networks,9,4,44.44,36.33
ASG01458,STU00292,Database Management,9,9,100.0,59.43
ASG01459,STU00292,Machine Learning,12,6,50.0,51.99
ASG01460,STU00292,Operating Systems,10,7,70.0,41.86
ASG01461,STU00293,Big Data Analytics,12,9,75.0,71.68
ASG01462,STU00293,Computer Networks,11,11,100.0,72.46
ASG01463,STU00293,Database Management,8,4,50.0,57.69
ASG01464,STU00293,Machine Learning,12,5,41.67,59.1
ASG01465,STU00293,Operating Systems,9,7,77.78,59.78
ASG01466,STU00294,Big Data Analytics,12,3,25.0,70.37
ASG01467,STU00294,Computer Networks,12,4,33.33,90.58
ASG01468,STU00294,Database Management,8,7,87.5,48.96
ASG01469,STU00294,Machine Learning,9,4,44.44,74.17
ASG01470,STU00294,Operating Systems,11,11,100.0,74.43
ASG01471,STU00295,Big Data Analytics,10,8,80.0,78.91
ASG01472,STU00295,Computer Networks,10,9,90.0,37.27
ASG01473,STU00295,Database Management,10,5,50.0,69.94
ASG01474,STU00295,Machine Learning,10,4,40.0,59.73
ASG01475,STU00295,Operating Systems,11,9,81.82,46.41
ASG01476,STU00296,Big Data Analytics,12,10,83.33,78.57
ASG01477,STU00296,Computer Networks,11,3,27.27,53.98
ASG01478,STU00296,Database Management,12,3,25.0,81.14
ASG01479,STU00296,Machine Learning,9,4,44.44,69.18
ASG01480,STU00296,Operating Systems,12,5,41.67,70.85
ASG01481,STU00297,Big Data Analytics,9,5,55.56,35.99
ASG01482,STU00297,Computer Networks,8,4,50.0,70.11
ASG01483,STU00297,Database Management,9,9,100.0,36.44
ASG01484,STU00297,Machine Learning,10,8,80.0,86.55
ASG01485,STU00297,Operating Systems,8,3,37.5,65.77
ASG01486,STU00298,Big Data Analytics,8,5,62.5,83.58
ASG01487,STU00298,Computer Networks,8,6,75.0,60.19
ASG01488,STU00298,Database Management,8,4,50.0,75.09
ASG01489,STU00298,Machine Learning,9,6,66.67,74.83
ASG01490,STU00298,Operating Systems,11,5,45.45,91.45
ASG01491,STU00299,Big Data Analytics,12,8,66.67,87.6
ASG01492,STU00299,Computer Networks,10,7,70.0,37.3
ASG01493,STU00299,Database Management,11,9,81.82,95.3
ASG01494,STU00299,Machine Learning,11,8,72.73,55.77
ASG01495,STU00299,Operating Systems,10,6,60.0,78.08
ASG01496,STU00300,Big Data Analytics,12,11,91.67,53.22
ASG01497,STU00300,Computer Networks,8,6,75.0,47.79
ASG01498,STU00300,Database Management,12,10,83.33,56.25
ASG01499,STU00300,Machine Learning,10,6,60.0,36.18
ASG01500,STU00300,Operating Systems,9,3,33.33,63.1
ASG01501,STU00301,Big Data Analytics,11,3,27.27,45.57
ASG01502,STU00301,Computer Networks,10,8,80.0,65.13
ASG01503,STU00301,Database Management,8,8,100.0,80.94
ASG01504,STU00301,Machine Learning,12,6,50.0,58.45
ASG01505,STU00301,Operating Systems,12,11,91.67,38.17
ASG01506,STU00302,Big Data Analytics,8,4,50.0,90.49
ASG01507,STU00302,Computer Networks,10,7,70.0,96.73
ASG01508,STU00302,Database Management,10,7,70.0,77.12
ASG01509,STU00302,Machine Learning,12,8,66.67,62.66
ASG01510,STU00302,Operating Systems,8,8,100.0,38.19
ASG01511,STU00303,Big Data Analytics,11,9,81.82,95.61
ASG01512,STU00303,Computer Networks,11,11,100.0,54.87
ASG01513,STU00303,Database Management,8,7,87.5,50.78
ASG01514,STU00303,Machine Learning,9,5,55.56,50.79
ASG01515,STU00303,Operating Systems,11,3,27.27,58.39
ASG01516,STU00304,Big Data Analytics,10,10,100.0,44.89
ASG01517,STU00304,Computer Networks,11,3,27.27,67.85
ASG01518,STU00304,Database Management,10,7,70.0,86.14
ASG01519,STU00304,Machine Learning,9,3,33.33,84.18
ASG01520,STU00304,Operating Systems,11,7,63.64,63.85
ASG01521,STU00305,Big Data Analytics,10,8,80.0,40.29
ASG01522,STU00305,Computer Networks,9,7,77.78,40.34
ASG01523,STU00305,Database Management,12,11,91.67,97.49
ASG01524,STU00305,Machine Learning,8,3,37.5,91.93
ASG01525,STU00305,Operating Systems,8,4,50.0,79.72
ASG01526,STU00306,Big Data Analytics,8,5,62.5,55.89
ASG01527,STU00306,Computer Networks,9,4,44.44,36.58
ASG01528,STU00306,Database Management,9,3,33.33,37.31
ASG01529,STU00306,Machine Learning,10,7,70.0,78.06
ASG01530,STU00306,Operating Systems,9,6,66.67,74.43
ASG01531,STU00307,Big Data Analytics,12,12,100.0,65.57
ASG01532,STU00307,Computer Networks,9,9,100.0,99.75
ASG01533,STU00307,Database Management,12,6,50.0,87.91
ASG01534,STU00307,Machine Learning,10,5,50.0,38.48
ASG01535,STU00307,Operating Systems,10,4,40.0,48.34
ASG01536,STU00308,Big Data Analytics,12,4,33.33,41.53
ASG01537,STU00308,Computer Networks,11,5,45.45,35.2
ASG01538,STU00308,Database Management,11,10,90.91,58.57
ASG01539,STU00308,Machine Learning,10,3,30.0,85.83
ASG01540,STU00308,Operating Systems,8,7,87.5,36.14
ASG01541,STU00309,Big Data Analytics,9,9,100.0,59.12
ASG01542,STU00309,Computer Networks,9,4,44.44,57.32
ASG01543,STU00309,Database Management,12,9,75.0,70.11
ASG01544,STU00309,Machine Learning,10,4,40.0,35.63
ASG01545,STU00309,Operating Systems,9,8,88.89,45.21
ASG01546,STU00310,Big Data Analytics,9,3,33.33,79.16
ASG01547,STU00310,Computer Networks,10,9,90.0,76.36
ASG01548,STU00310,Database Management,12,12,100.0,56.41
ASG01549,STU00310,Machine Learning,9,8,88.89,52.06
ASG01550,STU00310,Operating Systems,9,3,33.33,85.95
ASG01551,STU00311,Big Data Analytics,12,4,33.33,75.0
ASG01552,STU00311,Computer Networks,12,11,91.67,91.8
ASG01553,STU00311,Database Management,12,11,91.67,79.62
ASG01554,STU00311,Machine Learning,12,7,58.33,83.08
ASG01555,STU00311,Operating Systems,8,3,37.5,99.81
ASG01556,STU00312,Big Data Analytics,9,3,33.33,94.46
ASG01557,STU00312,Computer Networks,8,4,50.0,68.35
ASG01558,STU00312,Database Management,12,9,75.0,93.88
ASG01559,STU00312,Machine Learning,11,8,72.73,39.32
ASG01560,STU00312,Operating Systems,8,7,87.5,48.87
ASG01561,STU00313,Big Data Analytics,10,5,50.0,80.56
ASG01562,STU00313,Computer Networks,8,8,100.0,45.28
ASG01563,STU00313,Database Management,8,8,100.0,52.47
ASG01564,STU00313,Machine Learning,8,6,75.0,85.42
ASG01565,STU00313,Operating Systems,10,9,90.0,68.97
ASG01566,STU00314,Big Data Analytics,8,5,62.5,46.88
ASG01567,STU00314,Computer Networks,10,6,60.0,90.76
ASG01568,STU00314,Database Management,10,8,80.0,71.83
ASG01569,STU00314,Machine Learning,8,3,37.5,67.24
ASG01570,STU00314,Operating Systems,11,5,45.45,54.8
ASG01571,STU00315,Big Data Analytics,9,3,33.33,56.1
ASG01572,STU00315,Computer Networks,10,9,90.0,36.61
ASG01573,STU00315,Database Management,11,7,63.64,83.64
ASG01574,STU00315,Machine Learning,11,7,63.64,70.54
ASG01575,STU00315,Operating Systems,10,8,80.0,79.72
ASG01576,STU00316,Big Data Analytics,8,4,50.0,91.57
ASG01577,STU00316,Computer Networks,8,8,100.0,84.18
ASG01578,STU00316,Database Management,12,4,33.33,97.51
ASG01579,STU00316,Machine Learning,8,3,37.5,40.98
ASG01580,STU00316,Operating Systems,11,6,54.55,48.76
ASG01581,STU00317,Big Data Analytics,11,5,45.45,61.94
ASG01582,STU00317,Computer Networks,9,3,33.33,98.61
ASG01583,STU00317,Database Management,12,3,25.0,55.37
ASG01584,STU00317,Machine Learning,12,6,50.0,43.15
ASG01585,STU00317,Operating Systems,11,5,45.45,70.88
ASG01586,STU00318,Big Data Analytics,11,10,90.91,46.8
ASG01587,STU00318,Computer Networks,10,3,30.0,76.01
ASG01588,STU00318,Database Management,9,7,77.78,58.62
ASG01589,STU00318,Machine Learning,9,9,100.0,62.85
ASG01590,STU00318,Operating Systems,12,11,91.67,35.94
ASG01591,STU00319,Big Data Analytics,9,5,55.56,88.4
ASG01592,STU00319,Computer Networks,9,5,55.56,52.95
ASG01593,STU00319,Database Management,8,3,37.5,99.58
ASG01594,STU00319,Machine Learning,8,7,87.5,97.82
ASG01595,STU00319,Operating Systems,12,6,50.0,35.4
ASG01596,STU00320,Big Data Analytics,12,9,75.0,65.84
ASG01597,STU00320,Computer Networks,12,11,91.67,35.94
ASG01598,STU00320,Database Management,9,7,77.78,96.08
ASG01599,STU00320,Machine Learning,10,9,90.0,54.21
ASG01600,STU00320,Operating Systems,11,10,90.91,54.58
ASG01601,STU00321,Big Data Analytics,11,5,45.45,53.95
ASG01602,STU00321,Computer Networks,12,4,33.33,91.68
ASG01603,STU00321,Database Management,10,3,30.0,84.57
ASG01604,STU00321,Machine Learning,12,8,66.67,41.02
ASG01605,STU00321,Operating Systems,11,10,90.91,49.77
ASG01606,STU00322,Big Data Analytics,10,4,40.0,61.47
ASG01607,STU00322,Computer Networks,9,6,66.67,82.71
ASG01608,STU00322,Database Management,9,9,100.0,97.29
ASG01609,STU00322,Machine Learning,10,6,60.0,39.72
ASG01610,STU00322,Operating Systems,8,7,87.5,53.07
ASG01611,STU00323,Big Data Analytics,12,7,58.33,89.62
ASG01612,STU00323,Computer Networks,12,8,66.67,62.52
ASG01613,STU00323,Database Management,9,9,100.0,64.08
ASG01614,STU00323,Machine Learning,12,6,50.0,96.31
ASG01615,STU00323,Operating Systems,10,6,60.0,73.96
ASG01616,STU00324,Big Data Analytics,9,8,88.89,56.57
ASG01617,STU00324,Computer Networks,8,5,62.5,94.91
ASG01618,STU00324,Database Management,12,4,33.33,72.99
ASG01619,STU00324,Machine Learning,11,4,36.36,68.54
ASG01620,STU00324,Operating Systems,12,8,66.67,50.6
ASG01621,STU00325,Big Data Analytics,9,6,66.67,60.88
ASG01622,STU00325,Computer Networks,11,8,72.73,72.6
ASG01623,STU00325,Database Management,10,8,80.0,95.08
ASG01624,STU00325,Machine Learning,11,8,72.73,52.17
ASG01625,STU00325,Operating Systems,10,8,80.0,89.83
ASG01626,STU00326,Big Data Analytics,11,9,81.82,88.77
ASG01627,STU00326,Computer Networks,12,10,83.33,92.86
ASG01628,STU00326,Database Management,11,6,54.55,89.54
ASG01629,STU00326,Machine Learning,10,5,50.0,54.43
ASG01630,STU00326,Operating Systems,9,4,44.44,65.08
ASG01631,STU00327,Big Data Analytics,11,3,27.27,94.6
ASG01632,STU00327,Computer Networks,11,8,72.73,60.47
ASG01633,STU00327,Database Management,12,8,66.67,86.48
ASG01634,STU00327,Machine Learning,12,11,91.67,38.84
ASG01635,STU00327,Operating Systems,10,3,30.0,85.65
ASG01636,STU00328,Big Data Analytics,8,3,37.5,75.0
ASG01637,STU00328,Computer Networks,8,3,37.5,90.24
ASG01638,STU00328,Database Management,9,5,55.56,66.23
ASG01639,STU00328,Machine Learning,8,4,50.0,79.55
ASG01640,STU00328,Operating Systems,10,5,50.0,96.07
ASG01641,STU00329,Big Data Analytics,11,4,36.36,73.46
ASG01642,STU00329,Computer Networks,9,4,44.44,99.41
ASG01643,STU00329,Database Management,11,8,72.73,52.82
ASG01644,STU00329,Machine Learning,10,5,50.0,50.18
ASG01645,STU00329,Operating Systems,11,5,45.45,75.48
ASG01646,STU00330,Big Data Analytics,10,8,80.0,89.88
ASG01647,STU00330,Computer Networks,9,9,100.0,85.12
ASG01648,STU00330,Database Management,12,3,25.0,53.44
ASG01649,STU00330,Machine Learning,9,8,88.89,58.01
ASG01650,STU00330,Operating Systems,11,5,45.45,64.51
ASG01651,STU00331,Big Data Analytics,9,6,66.67,73.23
ASG01652,STU00331,Computer Networks,11,5,45.45,74.65
ASG01653,STU00331,Database Management,10,7,70.0,52.47
ASG01654,STU00331,Machine Learning,9,8,88.89,88.28
ASG01655,STU00331,Operating Systems,10,5,50.0,56.92
ASG01656,STU00332,Big Data Analytics,8,6,75.0,74.03
ASG01657,STU00332,Computer Networks,12,8,66.67,68.75
ASG01658,STU00332,Database Management,10,6,60.0,82.21
ASG01659,STU00332,Machine Learning,9,7,77.78,84.81
ASG01660,STU00332,Operating Systems,11,4,36.36,41.03
ASG01661,STU00333,Big Data Analytics,9,3,33.33,39.93
ASG01662,STU00333,Computer Networks,12,11,91.67,79.25
ASG01663,STU00333,Database Management,9,7,77.78,97.21
ASG01664,STU00333,Machine Learning,11,11,100.0,78.49
ASG01665,STU00333,Operating Systems,10,6,60.0,36.12
ASG01666,STU00334,Big Data Analytics,10,8,80.0,65.45
ASG01667,STU00334,Computer Networks,12,8,66.67,45.36
ASG01668,STU00334,Database Management,11,9,81.82,81.93
ASG01669,STU00334,Machine Learning,12,3,25.0,54.72
ASG01670,STU00334,Operating Systems,10,5,50.0,43.19
ASG01671,STU00335,Big Data Analytics,8,3,37.5,35.27
ASG01672,STU00335,Computer Networks,11,5,45.45,93.21
ASG01673,STU00335,Database Management,8,3,37.5,46.63
ASG01674,STU00335,Machine Learning,9,8,88.89,41.91
ASG01675,STU00335,Operating Systems,8,7,87.5,50.52
ASG01676,STU00336,Big Data Analytics,8,4,50.0,46.08
ASG01677,STU00336,Computer Networks,12,5,41.67,70.42
ASG01678,STU00336,Database Management,10,9,90.0,56.39
ASG01679,STU00336,Machine Learning,10,6,60.0,53.41
ASG01680,STU00336,Operating Systems,9,8,88.89,69.42
ASG01681,STU00337,Big Data Analytics,9,9,100.0,42.81
ASG01682,STU00337,Computer Networks,10,5,50.0,70.53
ASG01683,STU00337,Database Management,12,12,100.0,94.2
ASG01684,STU00337,Machine Learning,9,8,88.89,88.54
ASG01685,STU00337,Operating Systems,12,11,91.67,84.4
ASG01686,STU00338,Big Data Analytics,8,7,87.5,83.72
ASG01687,STU00338,Computer Networks,11,8,72.73,79.51
ASG01688,STU00338,Database Management,11,3,27.27,92.59
ASG01689,STU00338,Machine Learning,11,6,54.55,62.9
ASG01690,STU00338,Operating Systems,12,6,50.0,54.16
ASG01691,STU00339,Big Data Analytics,10,4,40.0,50.12
ASG01692,STU00339,Computer Networks,9,3,33.33,75.23
ASG01693,STU00339,Database Management,12,12,100.0,71.44
ASG01694,STU00339,Machine Learning,11,8,72.73,89.24
ASG01695,STU00339,Operating Systems,8,6,75.0,94.88
ASG01696,STU00340,Big Data Analytics,11,6,54.55,96.22
ASG01697,STU00340,Computer Networks,12,12,100.0,41.4
ASG01698,STU00340,Database Management,10,7,70.0,80.66
ASG01699,STU00340,Machine Learning,9,7,77.78,44.46
ASG01700,STU00340,Operating Systems,9,4,44.44,77.4
ASG01701,STU00341,Big Data Analytics,10,10,100.0,81.69
ASG01702,STU00341,Computer Networks,10,5,50.0,72.23
ASG01703,STU00341,Database Management,11,9,81.82,72.25
ASG01704,STU00341,Machine Learning,11,9,81.82,75.45
ASG01705,STU00341,Operating Systems,8,8,100.0,85.58
ASG01706,STU00342,Big Data Analytics,12,7,58.33,73.51
ASG01707,STU00342,Computer Networks,10,8,80.0,71.85
ASG01708,STU00342,Database Management,8,6,75.0,65.52
ASG01709,STU00342,Machine Learning,12,4,33.33,57.43
ASG01710,STU00342,Operating Systems,9,3,33.33,40.64
ASG01711,STU00343,Big Data Analytics,9,7,77.78,47.06
ASG01712,STU00343,Computer Networks,8,4,50.0,79.5
ASG01713,STU00343,Database Management,12,12,100.0,93.06
ASG01714,STU00343,Machine Learning,12,6,50.0,41.44
ASG01715,STU00343,Operating Systems,12,4,33.33,68.82
ASG01716,STU00344,Big Data Analytics,9,8,88.89,46.73
ASG01717,STU00344,Computer Networks,12,10,83.33,50.55
ASG01718,STU00344,Database Management,11,10,90.91,66.63
ASG01719,STU00344,Machine Learning,12,4,33.33,63.28
ASG01720,STU00344,Operating Systems,8,4,50.0,75.09
ASG01721,STU00345,Big Data Analytics,10,8,80.0,95.53
ASG01722,STU00345,Computer Networks,11,10,90.91,48.17
ASG01723,STU00345,Database Management,9,6,66.67,74.57
ASG01724,STU00345,Machine Learning,9,8,88.89,90.44
ASG01725,STU00345,Operating Systems,11,3,27.27,67.74
ASG01726,STU00346,Big Data Analytics,10,6,60.0,99.04
ASG01727,STU00346,Computer Networks,10,6,60.0,78.01
ASG01728,STU00346,Database Management,9,5,55.56,43.3
ASG01729,STU00346,Machine Learning,12,12,100.0,52.32
ASG01730,STU00346,Operating Systems,8,5,62.5,73.44
ASG01731,STU00347,Big Data Analytics,11,6,54.55,95.78
ASG01732,STU00347,Computer Networks,10,8,80.0,98.64
ASG01733,STU00347,Database Management,11,3,27.27,62.15
ASG01734,STU00347,Machine Learning,11,7,63.64,91.53
ASG01735,STU00347,Operating Systems,8,6,75.0,89.61
ASG01736,STU00348,Big Data Analytics,8,3,37.5,98.95
ASG01737,STU00348,Computer Networks,11,4,36.36,91.01
ASG01738,STU00348,Database Management,10,3,30.0,88.77
ASG01739,STU00348,Machine Learning,12,9,75.0,38.09
ASG01740,STU00348,Operating Systems,8,6,75.0,98.73
ASG01741,STU00349,Big Data Analytics,9,4,44.44,78.32
ASG01742,STU00349,Computer Networks,12,8,66.67,44.53
ASG01743,STU00349,Database Management,8,4,50.0,94.32
ASG01744,STU00349,Machine Learning,8,7,87.5,54.75
ASG01745,STU00349,Operating Systems,9,9,100.0,93.18
ASG01746,STU00350,Big Data Analytics,11,10,90.91,35.95
ASG01747,STU00350,Computer Networks,11,3,27.27,70.54
ASG01748,STU00350,Database Management,11,10,90.91,93.22
ASG01749,STU00350,Machine Learning,12,5,41.67,42.71
ASG01750,STU00350,Operating Systems,12,11,91.67,79.16
ASG01751,STU00351,Big Data Analytics,11,4,36.36,47.58
ASG01752,STU00351,Computer Networks,11,6,54.55,70.67
ASG01753,STU00351,Database Management,9,3,33.33,81.43
ASG01754,STU00351,Machine Learning,11,9,81.82,47.32
ASG01755,STU00351,Operating Systems,10,9,90.0,75.57
ASG01756,STU00352,Big Data Analytics,12,7,58.33,39.31
ASG01757,STU00352,Computer Networks,8,5,62.5,75.1
ASG01758,STU00352,Database Management,12,7,58.33,63.4
ASG01759,STU00352,Machine Learning,8,3,37.5,48.74
ASG01760,STU00352,Operating Systems,12,7,58.33,98.53
ASG01761,STU00353,Big Data Analytics,8,6,75.0,83.52
ASG01762,STU00353,Computer Networks,9,7,77.78,78.19
ASG01763,STU00353,Database Management,12,4,33.33,73.72
ASG01764,STU00353,Machine Learning,10,4,40.0,63.28
ASG01765,STU00353,Operating Systems,8,7,87.5,59.61
ASG01766,STU00354,Big Data Analytics,8,8,100.0,58.61
ASG01767,STU00354,Computer Networks,9,4,44.44,92.58
ASG01768,STU00354,Database Management,12,6,50.0,71.68
ASG01769,STU00354,Machine Learning,9,5,55.56,56.31
ASG01770,STU00354,Operating Systems,9,3,33.33,71.57
ASG01771,STU00355,Big Data Analytics,8,6,75.0,45.86
ASG01772,STU00355,Computer Networks,11,8,72.73,68.75
ASG01773,STU00355,Database Management,10,8,80.0,68.1
ASG01774,STU00355,Machine Learning,8,5,62.5,46.45
ASG01775,STU00355,Operating Systems,11,5,45.45,89.45
ASG01776,STU00356,Big Data Analytics,11,7,63.64,56.58
ASG01777,STU00356,Computer Networks,9,6,66.67,44.2
ASG01778,STU00356,Database Management,12,10,83.33,40.09
ASG01779,STU00356,Machine Learning,8,3,37.5,83.59
ASG01780,STU00356,Operating Systems,10,4,40.0,50.14
ASG01781,STU00357,Big Data Analytics,8,6,75.0,64.96
ASG01782,STU00357,Computer Networks,9,3,33.33,80.58
ASG01783,STU00357,Database Management,9,4,44.44,97.74
ASG01784,STU00357,Machine Learning,12,9,75.0,82.71
ASG01785,STU00357,Operating Systems,11,8,72.73,75.64
ASG01786,STU00358,Big Data Analytics,8,8,100.0,98.35
ASG01787,STU00358,Computer Networks,9,9,100.0,51.82
ASG01788,STU00358,Database Management,12,12,100.0,84.69
ASG01789,STU00358,Machine Learning,11,8,72.73,43.29
ASG01790,STU00358,Operating Systems,12,11,91.67,53.4
ASG01791,STU00359,Big Data Analytics,12,10,83.33,52.92
ASG01792,STU00359,Computer Networks,10,9,90.0,96.56
ASG01793,STU00359,Database Management,11,6,54.55,57.56
ASG01794,STU00359,Machine Learning,8,3,37.5,63.56
ASG01795,STU00359,Operating Systems,8,6,75.0,68.53
ASG01796,STU00360,Big Data Analytics,10,7,70.0,78.64
ASG01797,STU00360,Computer Networks,9,6,66.67,41.51
ASG01798,STU00360,Database Management,8,7,87.5,39.05
ASG01799,STU00360,Machine Learning,8,5,62.5,70.7
ASG01800,STU00360,Operating Systems,11,10,90.91,39.92
ASG01801,STU00361,Big Data Analytics,8,7,87.5,64.14
ASG01802,STU00361,Computer Networks,11,3,27.27,82.84
ASG01803,STU00361,Database Management,11,9,81.82,95.49
ASG01804,STU00361,Machine Learning,12,8,66.67,50.0
ASG01805,STU00361,Operating Systems,8,8,100.0,49.02
ASG01806,STU00362,Big Data Analytics,12,7,58.33,97.11
ASG01807,STU00362,Computer Networks,10,10,100.0,93.17
ASG01808,STU00362,Database Management,11,5,45.45,96.46
ASG01809,STU00362,Machine Learning,12,7,58.33,99.11
ASG01810,STU00362,Operating Systems,11,7,63.64,74.81
ASG01811,STU00363,Big Data Analytics,11,5,45.45,97.91
ASG01812,STU00363,Computer Networks,10,4,40.0,66.65
ASG01813,STU00363,Database Management,11,10,90.91,59.48
ASG01814,STU00363,Machine Learning,12,7,58.33,85.25
ASG01815,STU00363,Operating Systems,12,12,100.0,87.11
ASG01816,STU00364,Big Data Analytics,12,10,83.33,46.2
ASG01817,STU00364,Computer Networks,12,7,58.33,65.39
ASG01818,STU00364,Database Management,10,3,30.0,75.58
ASG01819,STU00364,Machine Learning,8,6,75.0,86.96
ASG01820,STU00364,Operating Systems,11,5,45.45,56.25
ASG01821,STU00365,Big Data Analytics,8,6,75.0,40.57
ASG01822,STU00365,Computer Networks,11,3,27.27,49.0
ASG01823,STU00365,Database Management,11,3,27.27,80.65
ASG01824,STU00365,Machine Learning,12,11,91.67,56.3
ASG01825,STU00365,Operating Systems,12,8,66.67,66.73
ASG01826,STU00366,Big Data Analytics,12,7,58.33,85.57
ASG01827,STU00366,Computer Networks,9,9,100.0,50.15
ASG01828,STU00366,Database Management,11,7,63.64,68.38
ASG01829,STU00366,Machine Learning,9,3,33.33,88.38
ASG01830,STU00366,Operating Systems,12,7,58.33,63.51
ASG01831,STU00367,Big Data Analytics,8,3,37.5,52.47
ASG01832,STU00367,Computer Networks,10,5,50.0,38.6
ASG01833,STU00367,Database Management,11,6,54.55,75.57
ASG01834,STU00367,Machine Learning,8,5,62.5,67.9
ASG01835,STU00367,Operating Systems,12,12,100.0,86.45
ASG01836,STU00368,Big Data Analytics,10,9,90.0,50.8
ASG01837,STU00368,Computer Networks,11,6,54.55,44.74
ASG01838,STU00368,Database Management,12,9,75.0,68.45
ASG01839,STU00368,Machine Learning,12,9,75.0,36.76
ASG01840,STU00368,Operating Systems,9,3,33.33,52.24
ASG01841,STU00369,Big Data Analytics,10,10,100.0,80.26
ASG01842,STU00369,Computer Networks,10,7,70.0,87.12
ASG01843,STU00369,Database Management,12,6,50.0,99.03
ASG01844,STU00369,Machine Learning,11,8,72.73,40.93
ASG01845,STU00369,Operating Systems,12,8,66.67,82.47
ASG01846,STU00370,Big Data Analytics,10,5,50.0,43.25
ASG01847,STU00370,Computer Networks,8,8,100.0,48.18
ASG01848,STU00370,Database Management,12,7,58.33,57.81
ASG01849,STU00370,Machine Learning,10,6,60.0,42.56
ASG01850,STU00370,Operating Systems,12,6,50.0,62.56
ASG01851,STU00371,Big Data Analytics,9,8,88.89,96.0
ASG01852,STU00371,Computer Networks,9,3,33.33,35.15
ASG01853,STU00371,Database Management,10,7,70.0,62.47
ASG01854,STU00371,Machine Learning,8,3,37.5,85.66
ASG01855,STU00371,Operating Systems,12,11,91.67,66.59
ASG01856,STU00372,Big Data Analytics,12,8,66.67,38.97
ASG01857,STU00372,Computer Networks,11,9,81.82,67.42
ASG01858,STU00372,Database Management,9,3,33.33,92.23
ASG01859,STU00372,Machine Learning,11,7,63.64,40.12
ASG01860,STU00372,Operating Systems,10,9,90.0,78.64
ASG01861,STU00373,Big Data Analytics,8,5,62.5,66.2
ASG01862,STU00373,Computer Networks,9,5,55.56,59.26
ASG01863,STU00373,Database Management,12,6,50.0,84.78
ASG01864,STU00373,Machine Learning,12,7,58.33,74.52
ASG01865,STU00373,Operating Systems,8,5,62.5,86.78
ASG01866,STU00374,Big Data Analytics,11,3,27.27,83.26
ASG01867,STU00374,Computer Networks,12,12,100.0,42.39
ASG01868,STU00374,Database Management,9,9,100.0,39.42
ASG01869,STU00374,Machine Learning,11,6,54.55,40.88
ASG01870,STU00374,Operating Systems,12,3,25.0,82.12
ASG01871,STU00375,Big Data Analytics,9,8,88.89,70.42
ASG01872,STU00375,Computer Networks,11,4,36.36,87.26
ASG01873,STU00375,Database Management,11,11,100.0,47.56
ASG01874,STU00375,Machine Learning,12,6,50.0,93.6
ASG01875,STU00375,Operating Systems,10,5,50.0,94.65
ASG01876,STU00376,Big Data Analytics,8,4,50.0,61.98
ASG01877,STU00376,Computer Networks,10,4,40.0,93.89
ASG01878,STU00376,Database Management,9,6,66.67,58.87
ASG01879,STU00376,Machine Learning,12,11,91.67,48.32
ASG01880,STU00376,Operating Systems,8,8,100.0,79.5
ASG01881,STU00377,Big Data Analytics,9,9,100.0,37.07
ASG01882,STU00377,Computer Networks,8,3,37.5,51.96
ASG01883,STU00377,Database Management,10,9,90.0,93.01
ASG01884,STU00377,Machine Learning,12,12,100.0,78.8
ASG01885,STU00377,Operating Systems,12,4,33.33,59.04
ASG01886,STU00378,Big Data Analytics,12,12,100.0,78.23
ASG01887,STU00378,Computer Networks,9,6,66.67,40.78
ASG01888,STU00378,Database Management,11,7,63.64,98.73
ASG01889,STU00378,Machine Learning,8,4,50.0,80.93
ASG01890,STU00378,Operating Systems,9,4,44.44,59.82
ASG01891,STU00379,Big Data Analytics,9,9,100.0,40.17
ASG01892,STU00379,Computer Networks,8,3,37.5,53.95
ASG01893,STU00379,Database Management,11,11,100.0,85.84
ASG01894,STU00379,Machine Learning,8,5,62.5,80.06
ASG01895,STU00379,Operating Systems,9,7,77.78,51.76
ASG01896,STU00380,Big Data Analytics,8,6,75.0,41.79
ASG01897,STU00380,Computer Networks,8,3,37.5,38.78
ASG01898,STU00380,Database Management,9,8,88.89,86.42
ASG01899,STU00380,Machine Learning,10,9,90.0,78.87
ASG01900,STU00380,Operating Systems,11,3,27.27,85.82
ASG01901,STU00381,Big Data Analytics,10,8,80.0,90.45
ASG01902,STU00381,Computer Networks,10,8,80.0,68.72
ASG01903,STU00381,Database Management,8,6,75.0,65.61
ASG01904,STU00381,Machine Learning,11,3,27.27,50.81
ASG01905,STU00381,Operating Systems,9,6,66.67,80.1
ASG01906,STU00382,Big Data Analytics,11,9,81.82,58.79
ASG01907,STU00382,Computer Networks,8,3,37.5,95.13
ASG01908,STU00382,Database Management,11,8,72.73,96.86
ASG01909,STU00382,Machine Learning,8,7,87.5,82.16
ASG01910,STU00382,Operating Systems,11,5,45.45,55.5
ASG01911,STU00383,Big Data Analytics,12,11,91.67,91.2
ASG01912,STU00383,Computer Networks,9,6,66.67,48.68
ASG01913,STU00383,Database Management,8,8,100.0,96.96
ASG01914,STU00383,Machine Learning,12,8,66.67,78.88
ASG01915,STU00383,Operating Systems,9,4,44.44,97.62
ASG01916,STU00384,Big Data Analytics,11,4,36.36,90.08
ASG01917,STU00384,Computer Networks,10,9,90.0,55.41
ASG01918,STU00384,Database Management,12,11,91.67,53.23
ASG01919,STU00384,Machine Learning,12,11,91.67,95.15
ASG01920,STU00384,Operating Systems,10,6,60.0,45.25
ASG01921,STU00385,Big Data Analytics,8,6,75.0,77.99
ASG01922,STU00385,Computer Networks,10,4,40.0,64.49
ASG01923,STU00385,Database Management,12,10,83.33,93.68
ASG01924,STU00385,Machine Learning,12,9,75.0,91.59
ASG01925,STU00385,Operating Systems,9,6,66.67,88.07
ASG01926,STU00386,Big Data Analytics,12,9,75.0,85.29
ASG01927,STU00386,Computer Networks,10,10,100.0,40.31
ASG01928,STU00386,Database Management,10,10,100.0,77.93
ASG01929,STU00386,Machine Learning,9,6,66.67,84.66
ASG01930,STU00386,Operating Systems,12,11,91.67,80.47
ASG01931,STU00387,Big Data Analytics,9,3,33.33,96.18
ASG01932,STU00387,Computer Networks,12,4,33.33,38.27
ASG01933,STU00387,Database Management,11,11,100.0,59.09
ASG01934,STU00387,Machine Learning,9,3,33.33,52.44
ASG01935,STU00387,Operating Systems,10,4,40.0,52.64
ASG01936,STU00388,Big Data Analytics,8,7,87.5,70.06
ASG01937,STU00388,Computer Networks,12,6,50.0,79.68
ASG01938,STU00388,Database Management,9,9,100.0,70.8
ASG01939,STU00388,Machine Learning,11,7,63.64,53.27
ASG01940,STU00388,Operating Systems,9,7,77.78,55.38
ASG01941,STU00389,Big Data Analytics,9,6,66.67,56.01
ASG01942,STU00389,Computer Networks,9,8,88.89,63.2
ASG01943,STU00389,Database Management,11,8,72.73,73.27
ASG01944,STU00389,Machine Learning,10,7,70.0,89.13
ASG01945,STU00389,Operating Systems,8,6,75.0,42.02
ASG01946,STU00390,Big Data Analytics,12,4,33.33,76.41
ASG01947,STU00390,Computer Networks,11,5,45.45,42.7
ASG01948,STU00390,Database Management,9,3,33.33,75.64
ASG01949,STU00390,Machine Learning,9,7,77.78,59.72
ASG01950,STU00390,Operating Systems,11,8,72.73,45.14
ASG01951,STU00391,Big Data Analytics,11,4,36.36,74.97
ASG01952,STU00391,Computer Networks,12,8,66.67,40.65
ASG01953,STU00391,Database Management,8,7,87.5,90.98
ASG01954,STU00391,Machine Learning,8,5,62.5,75.42
ASG01955,STU00391,Operating Systems,9,5,55.56,56.58
ASG01956,STU00392,Big Data Analytics,8,5,62.5,67.68
ASG01957,STU00392,Computer Networks,10,9,90.0,62.13
ASG01958,STU00392,Database Management,10,10,100.0,61.04
ASG01959,STU00392,Machine Learning,10,8,80.0,49.13
ASG01960,STU00392,Operating Systems,8,3,37.5,57.13
ASG01961,STU00393,Big Data Analytics,10,3,30.0,83.31
ASG01962,STU00393,Computer Networks,12,3,25.0,66.07
ASG01963,STU00393,Database Management,9,8,88.89,86.3
ASG01964,STU00393,Machine Learning,10,7,70.0,60.68
ASG01965,STU00393,Operating Systems,8,4,50.0,95.46
ASG01966,STU00394,Big Data Analytics,12,10,83.33,88.48
ASG01967,STU00394,Computer Networks,12,3,25.0,83.32
ASG01968,STU00394,Database Management,12,12,100.0,43.89
ASG01969,STU00394,Machine Learning,11,11,100.0,60.68
ASG01970,STU00394,Operating Systems,9,6,66.67,76.39
ASG01971,STU00395,Big Data Analytics,8,5,62.5,62.6
ASG01972,STU00395,Computer Networks,12,6,50.0,49.47
ASG01973,STU00395,Database Management,9,9,100.0,58.95
ASG01974,STU00395,Machine Learning,8,3,37.5,48.42
ASG01975,STU00395,Operating Systems,12,8,66.67,72.91
ASG01976,STU00396,Big Data Analytics,8,3,37.5,76.39
ASG01977,STU00396,Computer Networks,10,10,100.0,63.27
ASG01978,STU00396,Database Management,11,6,54.55,63.37
ASG01979,STU00396,Machine Learning,9,3,33.33,80.85
ASG01980,STU00396,Operating Systems,8,7,87.5,76.78
ASG01981,STU00397,Big Data Analytics,10,9,90.0,56.36
ASG01982,STU00397,Computer Networks,8,4,50.0,77.8
ASG01983,STU00397,Database Management,11,5,45.45,50.41
ASG01984,STU00397,Machine Learning,12,3,25.0,94.72
ASG01985,STU00397,Operating Systems,11,5,45.45,73.94
ASG01986,STU00398,Big Data Analytics,9,4,44.44,76.96
ASG01987,STU00398,Computer Networks,11,7,63.64,67.24
ASG01988,STU00398,Database Management,12,4,33.33,82.12
ASG01989,STU00398,Machine Learning,8,3,37.5,53.81
ASG01990,STU00398,Operating Systems,9,7,77.78,82.18
ASG01991,STU00399,Big Data Analytics,11,7,63.64,70.38
ASG01992,STU00399,Computer Networks,12,5,41.67,76.97
ASG01993,STU00399,Database Management,9,7,77.78,98.49
ASG01994,STU00399,Machine Learning,11,4,36.36,39.08
ASG01995,STU00399,Operating Systems,9,9,100.0,46.31
ASG01996,STU00400,Big Data Analytics,9,5,55.56,36.97
ASG01997,STU00400,Computer Networks,10,8,80.0,37.4
ASG01998,STU00400,Database Management,9,6,66.67,45.8
ASG01999,STU00400,Machine Learning,9,5,55.56,48.0
ASG02000,STU00400,Operating Systems,9,8,88.89,70.52
ASG02001,STU00401,Big Data Analytics,11,5,45.45,69.59
ASG02002,STU00401,Computer Networks,10,3,30.0,54.69
ASG02003,STU00401,Database Management,12,5,41.67,91.38
ASG02004,STU00401,Machine Learning,9,9,100.0,92.32
ASG02005,STU00401,Operating Systems,11,3,27.27,54.18
ASG02006,STU00402,Big Data Analytics,10,5,50.0,41.49
ASG02007,STU00402,Computer Networks,8,6,75.0,69.11
ASG02008,STU00402,Database Management,9,6,66.67,42.88
ASG02009,STU00402,Machine Learning,12,11,91.67,35.86
ASG02010,STU00402,Operating Systems,8,6,75.0,45.89
ASG02011,STU00403,Big Data Analytics,9,7,77.78,88.52
ASG02012,STU00403,Computer Networks,9,9,100.0,83.32
ASG02013,STU00403,Database Management,8,5,62.5,49.19
ASG02014,STU00403,Machine Learning,10,6,60.0,66.5
ASG02015,STU00403,Operating Systems,10,7,70.0,48.29
ASG02016,STU00404,Big Data Analytics,9,8,88.89,99.71
ASG02017,STU00404,Computer Networks,12,8,66.67,86.91
ASG02018,STU00404,Database Management,12,8,66.67,48.81
ASG02019,STU00404,Machine Learning,9,4,44.44,49.01
ASG02020,STU00404,Operating Systems,8,4,50.0,70.78
ASG02021,STU00405,Big Data Analytics,8,7,87.5,76.81
ASG02022,STU00405,Computer Networks,9,8,88.89,61.48
ASG02023,STU00405,Database Management,9,4,44.44,99.13
ASG02024,STU00405,Machine Learning,10,10,100.0,38.2
ASG02025,STU00405,Operating Systems,8,7,87.5,42.64
ASG02026,STU00406,Big Data Analytics,11,8,72.73,54.68
ASG02027,STU00406,Computer Networks,12,6,50.0,49.49
ASG02028,STU00406,Database Management,12,10,83.33,85.82
ASG02029,STU00406,Machine Learning,9,5,55.56,71.46
ASG02030,STU00406,Operating Systems,9,8,88.89,36.38
ASG02031,STU00407,Big Data Analytics,12,5,41.67,42.52
ASG02032,STU00407,Computer Networks,10,10,100.0,73.94
ASG02033,STU00407,Database Management,12,9,75.0,89.29
ASG02034,STU00407,Machine Learning,8,7,87.5,51.38
ASG02035,STU00407,Operating Systems,10,4,40.0,90.78
ASG02036,STU00408,Big Data Analytics,11,5,45.45,61.53
ASG02037,STU00408,Computer Networks,12,5,41.67,84.04
ASG02038,STU00408,Database Management,9,7,77.78,87.53
ASG02039,STU00408,Machine Learning,9,5,55.56,82.07
ASG02040,STU00408,Operating Systems,9,7,77.78,36.64
ASG02041,STU00409,Big Data Analytics,8,7,87.5,64.0
ASG02042,STU00409,Computer Networks,9,7,77.78,52.91
ASG02043,STU00409,Database Management,10,4,40.0,92.03
ASG02044,STU00409,Machine Learning,12,4,33.33,69.48
ASG02045,STU00409,Operating Systems,10,3,30.0,88.16
ASG02046,STU00410,Big Data Analytics,11,6,54.55,38.23
ASG02047,STU00410,Computer Networks,11,4,36.36,84.02
ASG02048,STU00410,Database Management,12,4,33.33,75.44
ASG02049,STU00410,Machine Learning,9,3,33.33,68.98
ASG02050,STU00410,Operating Systems,11,3,27.27,63.38
ASG02051,STU00411,Big Data Analytics,10,9,90.0,68.93
ASG02052,STU00411,Computer Networks,9,8,88.89,48.54
ASG02053,STU00411,Database Management,8,3,37.5,83.29
ASG02054,STU00411,Machine Learning,10,9,90.0,57.37
ASG02055,STU00411,Operating Systems,10,4,40.0,84.59
ASG02056,STU00412,Big Data Analytics,9,8,88.89,35.98
ASG02057,STU00412,Computer Networks,10,5,50.0,85.76
ASG02058,STU00412,Database Management,9,4,44.44,83.1
ASG02059,STU00412,Machine Learning,9,8,88.89,60.42
ASG02060,STU00412,Operating Systems,9,8,88.89,94.86
ASG02061,STU00413,Big Data Analytics,11,4,36.36,45.67
ASG02062,STU00413,Computer Networks,10,10,100.0,96.27
ASG02063,STU00413,Database Management,10,3,30.0,70.91
ASG02064,STU00413,Machine Learning,12,9,75.0,52.92
ASG02065,STU00413,Operating Systems,9,6,66.67,35.19
ASG02066,STU00414,Big Data Analytics,9,3,33.33,55.32
ASG02067,STU00414,Computer Networks,10,8,80.0,92.73
ASG02068,STU00414,Database Management,10,6,60.0,53.63
ASG02069,STU00414,Machine Learning,11,5,45.45,59.28
ASG02070,STU00414,Operating Systems,12,4,33.33,44.55
ASG02071,STU00415,Big Data Analytics,11,4,36.36,36.05
ASG02072,STU00415,Computer Networks,10,5,50.0,38.69
ASG02073,STU00415,Database Management,10,9,90.0,59.91
ASG02074,STU00415,Machine Learning,11,10,90.91,79.22
ASG02075,STU00415,Operating Systems,11,9,81.82,48.91
ASG02076,STU00416,Big Data Analytics,10,8,80.0,76.85
ASG02077,STU00416,Computer Networks,9,3,33.33,62.0
ASG02078,STU00416,Database Management,10,4,40.0,52.71
ASG02079,STU00416,Machine Learning,8,7,87.5,84.03
ASG02080,STU00416,Operating Systems,9,9,100.0,39.51
ASG02081,STU00417,Big Data Analytics,10,8,80.0,47.67
ASG02082,STU00417,Computer Networks,10,3,30.0,94.72
ASG02083,STU00417,Database Management,9,7,77.78,75.29
ASG02084,STU00417,Machine Learning,10,3,30.0,73.79
ASG02085,STU00417,Operating Systems,10,3,30.0,53.55
ASG02086,STU00418,Big Data Analytics,8,7,87.5,84.36
ASG02087,STU00418,Computer Networks,11,11,100.0,35.34
ASG02088,STU00418,Database Management,8,4,50.0,51.03
ASG02089,STU00418,Machine Learning,10,10,100.0,61.02
ASG02090,STU00418,Operating Systems,12,6,50.0,59.52
ASG02091,STU00419,Big Data Analytics,8,5,62.5,52.0
ASG02092,STU00419,Computer Networks,8,6,75.0,69.52
ASG02093,STU00419,Database Management,8,7,87.5,69.96
ASG02094,STU00419,Machine Learning,9,8,88.89,68.48
ASG02095,STU00419,Operating Systems,11,9,81.82,40.1
ASG02096,STU00420,Big Data Analytics,8,3,37.5,93.19
ASG02097,STU00420,Computer Networks,8,3,37.5,78.04
ASG02098,STU00420,Database Management,8,5,62.5,53.54
ASG02099,STU00420,Machine Learning,11,10,90.91,81.68
ASG02100,STU00420,Operating Systems,9,6,66.67,41.82
ASG02101,STU00421,Big Data Analytics,10,7,70.0,67.96
ASG02102,STU00421,Computer Networks,12,11,91.67,54.61
ASG02103,STU00421,Database Management,10,5,50.0,82.43
ASG02104,STU00421,Machine Learning,11,3,27.27,66.41
ASG02105,STU00421,Operating Systems,10,3,30.0,65.86
ASG02106,STU00422,Big Data Analytics,10,5,50.0,39.24
ASG02107,STU00422,Computer Networks,12,6,50.0,68.16
ASG02108,STU00422,Database Management,12,11,91.67,39.3
ASG02109,STU00422,Machine Learning,9,6,66.67,52.58
ASG02110,STU00422,Operating Systems,8,4,50.0,69.28
ASG02111,STU00423,Big Data Analytics,9,4,44.44,76.23
ASG02112,STU00423,Computer Networks,12,4,33.33,45.73
ASG02113,STU00423,Database Management,9,9,100.0,62.04
ASG02114,STU00423,Machine Learning,9,8,88.89,36.6
ASG02115,STU00423,Operating Systems,10,3,30.0,35.27
ASG02116,STU00424,Big Data Analytics,9,7,77.78,41.02
ASG02117,STU00424,Computer Networks,10,7,70.0,73.62
ASG02118,STU00424,Database Management,8,8,100.0,46.31
ASG02119,STU00424,Machine Learning,11,5,45.45,48.64
ASG02120,STU00424,Operating Systems,9,7,77.78,54.46
ASG02121,STU00425,Big Data Analytics,10,7,70.0,44.0
ASG02122,STU00425,Computer Networks,11,4,36.36,86.19
ASG02123,STU00425,Database Management,11,7,63.64,66.15
ASG02124,STU00425,Machine Learning,8,6,75.0,64.73
ASG02125,STU00425,Operating Systems,9,5,55.56,51.05
ASG02126,STU00426,Big Data Analytics,8,3,37.5,58.91
ASG02127,STU00426,Computer Networks,9,7,77.78,42.47
ASG02128,STU00426,Database Management,8,7,87.5,41.07
ASG02129,STU00426,Machine Learning,12,8,66.67,35.97
ASG02130,STU00426,Operating Systems,12,11,91.67,69.15
ASG02131,STU00427,Big Data Analytics,8,3,37.5,50.95
ASG02132,STU00427,Computer Networks,12,9,75.0,36.15
ASG02133,STU00427,Database Management,9,7,77.78,70.83
ASG02134,STU00427,Machine Learning,12,4,33.33,73.14
ASG02135,STU00427,Operating Systems,12,7,58.33,80.93
ASG02136,STU00428,Big Data Analytics,10,9,90.0,41.71
ASG02137,STU00428,Computer Networks,9,4,44.44,98.48
ASG02138,STU00428,Database Management,11,6,54.55,77.29
ASG02139,STU00428,Machine Learning,9,4,44.44,59.25
ASG02140,STU00428,Operating Systems,9,8,88.89,37.73
ASG02141,STU00429,Big Data Analytics,9,9,100.0,86.1
ASG02142,STU00429,Computer Networks,12,6,50.0,80.45
ASG02143,STU00429,Database Management,9,6,66.67,97.27
ASG02144,STU00429,Machine Learning,9,3,33.33,96.02
ASG02145,STU00429,Operating Systems,9,6,66.67,92.14
ASG02146,STU00430,Big Data Analytics,10,5,50.0,93.44
ASG02147,STU00430,Computer Networks,10,5,50.0,55.68
ASG02148,STU00430,Database Management,10,10,100.0,45.98
ASG02149,STU00430,Machine Learning,11,7,63.64,78.23
ASG02150,STU00430,Operating Systems,12,3,25.0,78.27
ASG02151,STU00431,Big Data Analytics,11,9,81.82,73.72
ASG02152,STU00431,Computer Networks,9,9,100.0,65.99
ASG02153,STU00431,Database Management,10,5,50.0,52.17
ASG02154,STU00431,Machine Learning,10,5,50.0,77.83
ASG02155,STU00431,Operating Systems,8,8,100.0,66.69
ASG02156,STU00432,Big Data Analytics,12,10,83.33,56.37
ASG02157,STU00432,Computer Networks,11,5,45.45,89.77
ASG02158,STU00432,Database Management,8,6,75.0,91.64
ASG02159,STU00432,Machine Learning,8,8,100.0,55.77
ASG02160,STU00432,Operating Systems,11,6,54.55,39.47
ASG02161,STU00433,Big Data Analytics,12,3,25.0,93.25
ASG02162,STU00433,Computer Networks,11,9,81.82,39.74
ASG02163,STU00433,Database Management,11,11,100.0,39.09
ASG02164,STU00433,Machine Learning,12,12,100.0,80.68
ASG02165,STU00433,Operating Systems,9,5,55.56,63.62
ASG02166,STU00434,Big Data Analytics,12,10,83.33,69.11
ASG02167,STU00434,Computer Networks,8,5,62.5,69.55
ASG02168,STU00434,Database Management,9,4,44.44,91.48
ASG02169,STU00434,Machine Learning,12,9,75.0,68.53
ASG02170,STU00434,Operating Systems,12,6,50.0,80.66
ASG02171,STU00435,Big Data Analytics,10,4,40.0,38.04
ASG02172,STU00435,Computer Networks,9,5,55.56,59.58
ASG02173,STU00435,Database Management,9,6,66.67,66.85
ASG02174,STU00435,Machine Learning,12,12,100.0,79.79
ASG02175,STU00435,Operating Systems,11,8,72.73,48.35
ASG02176,STU00436,Big Data Analytics,9,9,100.0,56.12
ASG02177,STU00436,Computer Networks,11,3,27.27,79.31
ASG02178,STU00436,Database Management,12,11,91.67,62.37
ASG02179,STU00436,Machine Learning,11,6,54.55,99.47
ASG02180,STU00436,Operating Systems,12,3,25.0,40.86
ASG02181,STU00437,Big Data Analytics,12,12,100.0,81.62
ASG02182,STU00437,Computer Networks,10,10,100.0,44.87
ASG02183,STU00437,Database Management,8,5,62.5,48.96
ASG02184,STU00437,Machine Learning,11,8,72.73,41.22
ASG02185,STU00437,Operating Systems,10,9,90.0,67.0
ASG02186,STU00438,Big Data Analytics,10,3,30.0,64.32
ASG02187,STU00438,Computer Networks,12,9,75.0,46.55
ASG02188,STU00438,Database Management,10,5,50.0,59.66
ASG02189,STU00438,Machine Learning,10,10,100.0,93.91
ASG02190,STU00438,Operating Systems,12,6,50.0,41.98
ASG02191,STU00439,Big Data Analytics,8,8,100.0,68.37
ASG02192,STU00439,Computer Networks,11,3,27.27,45.86
ASG02193,STU00439,Database Management,11,9,81.82,58.6
ASG02194,STU00439,Machine Learning,8,5,62.5,92.01
ASG02195,STU00439,Operating Systems,11,3,27.27,63.6
ASG02196,STU00440,Big Data Analytics,10,9,90.0,63.26
ASG02197,STU00440,Computer Networks,8,8,100.0,81.51
ASG02198,STU00440,Database Management,9,5,55.56,91.75
ASG02199,STU00440,Machine Learning,11,9,81.82,93.78
ASG02200,STU00440,Operating Systems,10,3,30.0,89.38
ASG02201,STU00441,Big Data Analytics,9,8,88.89,47.52
ASG02202,STU00441,Computer Networks,12,4,33.33,70.69
ASG02203,STU00441,Database Management,11,11,100.0,67.84
ASG02204,STU00441,Machine Learning,9,4,44.44,60.22
ASG02205,STU00441,Operating Systems,9,8,88.89,90.58
ASG02206,STU00442,Big Data Analytics,9,3,33.33,46.8
ASG02207,STU00442,Computer Networks,11,11,100.0,70.05
ASG02208,STU00442,Database Management,12,7,58.33,74.39
ASG02209,STU00442,Machine Learning,8,6,75.0,99.15
ASG02210,STU00442,Operating Systems,11,10,90.91,84.17
ASG02211,STU00443,Big Data Analytics,12,12,100.0,97.34
ASG02212,STU00443,Computer Networks,10,8,80.0,72.38
ASG02213,STU00443,Database Management,11,8,72.73,79.0
ASG02214,STU00443,Machine Learning,11,7,63.64,82.67
ASG02215,STU00443,Operating Systems,12,4,33.33,93.82
ASG02216,STU00444,Big Data Analytics,12,4,33.33,88.47
ASG02217,STU00444,Computer Networks,9,5,55.56,55.93
ASG02218,STU00444,Database Management,12,8,66.67,80.19
ASG02219,STU00444,Machine Learning,9,3,33.33,54.92
ASG02220,STU00444,Operating Systems,11,11,100.0,46.92
ASG02221,STU00445,Big Data Analytics,12,8,66.67,58.04
ASG02222,STU00445,Computer Networks,10,9,90.0,88.08
ASG02223,STU00445,Database Management,12,7,58.33,85.85
ASG02224,STU00445,Machine Learning,11,6,54.55,65.14
ASG02225,STU00445,Operating Systems,9,6,66.67,76.46
ASG02226,STU00446,Big Data Analytics,8,5,62.5,96.87
ASG02227,STU00446,Computer Networks,9,5,55.56,61.05
ASG02228,STU00446,Database Management,10,10,100.0,85.11
ASG02229,STU00446,Machine Learning,11,8,72.73,59.17
ASG02230,STU00446,Operating Systems,10,9,90.0,51.37
ASG02231,STU00447,Big Data Analytics,9,5,55.56,61.88
ASG02232,STU00447,Computer Networks,8,7,87.5,37.88
ASG02233,STU00447,Database Management,10,7,70.0,63.18
ASG02234,STU00447,Machine Learning,12,4,33.33,38.0
ASG02235,STU00447,Operating Systems,12,10,83.33,40.49
ASG02236,STU00448,Big Data Analytics,10,5,50.0,83.99
ASG02237,STU00448,Computer Networks,10,8,80.0,55.18
ASG02238,STU00448,Database Management,10,6,60.0,75.86
ASG02239,STU00448,Machine Learning,8,4,50.0,48.86
ASG02240,STU00448,Operating Systems,10,9,90.0,88.16
ASG02241,STU00449,Big Data Analytics,11,7,63.64,70.99
ASG02242,STU00449,Computer Networks,10,6,60.0,93.17
ASG02243,STU00449,Database Management,9,7,77.78,96.86
ASG02244,STU00449,Machine Learning,12,11,91.67,67.9
ASG02245,STU00449,Operating Systems,11,5,45.45,46.65
ASG02246,STU00450,Big Data Analytics,9,6,66.67,88.2
ASG02247,STU00450,Computer Networks,12,5,41.67,99.61
ASG02248,STU00450,Database Management,9,5,55.56,96.28
ASG02249,STU00450,Machine Learning,10,6,60.0,41.02
ASG02250,STU00450,Operating Systems,8,4,50.0,74.26
ASG02251,STU00451,Big Data Analytics,10,9,90.0,98.78
ASG02252,STU00451,Computer Networks,10,8,80.0,56.61
ASG02253,STU00451,Database Management,9,7,77.78,85.89
ASG02254,STU00451,Machine Learning,9,9,100.0,96.64
ASG02255,STU00451,Operating Systems,9,8,88.89,45.61
ASG02256,STU00452,Big Data Analytics,10,6,60.0,47.88
ASG02257,STU00452,Computer Networks,12,11,91.67,63.43
ASG02258,STU00452,Database Management,10,7,70.0,60.67
ASG02259,STU00452,Machine Learning,11,6,54.55,60.34
ASG02260,STU00452,Operating Systems,9,4,44.44,98.96
ASG02261,STU00453,Big Data Analytics,11,10,90.91,86.2
ASG02262,STU00453,Computer Networks,11,9,81.82,41.81
ASG02263,STU00453,Database Management,9,6,66.67,69.94
ASG02264,STU00453,Machine Learning,12,7,58.33,63.42
ASG02265,STU00453,Operating Systems,8,6,75.0,96.14
ASG02266,STU00454,Big Data Analytics,10,4,40.0,99.84
ASG02267,STU00454,Computer Networks,11,4,36.36,49.01
ASG02268,STU00454,Database Management,10,7,70.0,80.66
ASG02269,STU00454,Machine Learning,8,8,100.0,43.91
ASG02270,STU00454,Operating Systems,11,11,100.0,94.43
ASG02271,STU00455,Big Data Analytics,8,4,50.0,93.34
ASG02272,STU00455,Computer Networks,8,8,100.0,80.64
ASG02273,STU00455,Database Management,9,9,100.0,87.97
ASG02274,STU00455,Machine Learning,10,6,60.0,85.43
ASG02275,STU00455,Operating Systems,11,5,45.45,36.76
ASG02276,STU00456,Big Data Analytics,8,4,50.0,50.67
ASG02277,STU00456,Computer Networks,9,9,100.0,81.82
ASG02278,STU00456,Database Management,8,5,62.5,57.46
ASG02279,STU00456,Machine Learning,12,7,58.33,92.35
ASG02280,STU00456,Operating Systems,10,6,60.0,48.5
ASG02281,STU00457,Big Data Analytics,8,4,50.0,61.34
ASG02282,STU00457,Computer Networks,9,8,88.89,67.95
ASG02283,STU00457,Database Management,8,7,87.5,57.97
ASG02284,STU00457,Machine Learning,11,9,81.82,70.02
ASG02285,STU00457,Operating Systems,8,3,37.5,42.84
ASG02286,STU00458,Big Data Analytics,9,5,55.56,56.48
ASG02287,STU00458,Computer Networks,8,6,75.0,64.11
ASG02288,STU00458,Database Management,12,10,83.33,87.63
ASG02289,STU00458,Machine Learning,11,10,90.91,64.02
ASG02290,STU00458,Operating Systems,12,5,41.67,53.91
ASG02291,STU00459,Big Data Analytics,8,4,50.0,42.23
ASG02292,STU00459,Computer Networks,8,5,62.5,69.86
ASG02293,STU00459,Database Management,12,10,83.33,58.42
ASG02294,STU00459,Machine Learning,10,10,100.0,51.15
ASG02295,STU00459,Operating Systems,9,3,33.33,55.04
ASG02296,STU00460,Big Data Analytics,12,6,50.0,36.28
ASG02297,STU00460,Computer Networks,10,10,100.0,40.4
ASG02298,STU00460,Database Management,11,4,36.36,60.52
ASG02299,STU00460,Machine Learning,9,8,88.89,80.25
ASG02300,STU00460,Operating Systems,11,11,100.0,62.15
ASG02301,STU00461,Big Data Analytics,9,6,66.67,55.25
ASG02302,STU00461,Computer Networks,8,4,50.0,40.83
ASG02303,STU00461,Database Management,9,5,55.56,89.72
ASG02304,STU00461,Machine Learning,8,4,50.0,48.7
ASG02305,STU00461,Operating Systems,10,9,90.0,76.88
ASG02306,STU00462,Big Data Analytics,9,8,88.89,57.85
ASG02307,STU00462,Computer Networks,12,4,33.33,60.43
ASG02308,STU00462,Database Management,8,7,87.5,36.46
ASG02309,STU00462,Machine Learning,8,7,87.5,88.23
ASG02310,STU00462,Operating Systems,10,9,90.0,94.41
ASG02311,STU00463,Big Data Analytics,8,6,75.0,85.79
ASG02312,STU00463,Computer Networks,11,10,90.91,88.0
ASG02313,STU00463,Database Management,10,4,40.0,42.93
ASG02314,STU00463,Machine Learning,8,4,50.0,88.33
ASG02315,STU00463,Operating Systems,8,6,75.0,41.1
ASG02316,STU00464,Big Data Analytics,10,8,80.0,53.71
ASG02317,STU00464,Computer Networks,12,9,75.0,82.62
ASG02318,STU00464,Database Management,11,5,45.45,92.6
ASG02319,STU00464,Machine Learning,10,4,40.0,53.96
ASG02320,STU00464,Operating Systems,11,11,100.0,98.12
ASG02321,STU00465,Big Data Analytics,12,12,100.0,71.9
ASG02322,STU00465,Computer Networks,8,7,87.5,66.41
ASG02323,STU00465,Database Management,11,9,81.82,49.94
ASG02324,STU00465,Machine Learning,12,9,75.0,95.63
ASG02325,STU00465,Operating Systems,9,5,55.56,41.4
ASG02326,STU00466,Big Data Analytics,8,5,62.5,68.67
ASG02327,STU00466,Computer Networks,11,8,72.73,61.7
ASG02328,STU00466,Database Management,12,4,33.33,61.4
ASG02329,STU00466,Machine Learning,8,8,100.0,78.9
ASG02330,STU00466,Operating Systems,8,8,100.0,52.36
ASG02331,STU00467,Big Data Analytics,10,7,70.0,41.96
ASG02332,STU00467,Computer Networks,11,11,100.0,88.57
ASG02333,STU00467,Database Management,11,6,54.55,90.22
ASG02334,STU00467,Machine Learning,11,6,54.55,54.51
ASG02335,STU00467,Operating Systems,10,5,50.0,86.6
ASG02336,STU00468,Big Data Analytics,10,4,40.0,75.14
ASG02337,STU00468,Computer Networks,8,7,87.5,57.26
ASG02338,STU00468,Database Management,9,4,44.44,94.03
ASG02339,STU00468,Machine Learning,8,7,87.5,50.58
ASG02340,STU00468,Operating Systems,10,7,70.0,89.76
ASG02341,STU00469,Big Data Analytics,10,6,60.0,89.86
ASG02342,STU00469,Computer Networks,10,4,40.0,57.49
ASG02343,STU00469,Database Management,12,3,25.0,36.69
ASG02344,STU00469,Machine Learning,9,8,88.89,37.13
ASG02345,STU00469,Operating Systems,8,8,100.0,52.61
ASG02346,STU00470,Big Data Analytics,12,6,50.0,43.43
ASG02347,STU00470,Computer Networks,11,10,90.91,93.98
ASG02348,STU00470,Database Management,12,7,58.33,59.12
ASG02349,STU00470,Machine Learning,9,3,33.33,54.01
ASG02350,STU00470,Operating Systems,8,4,50.0,98.19
ASG02351,STU00471,Big Data Analytics,9,7,77.78,58.88
ASG02352,STU00471,Computer Networks,8,8,100.0,51.99
ASG02353,STU00471,Database Management,10,4,40.0,56.12
ASG02354,STU00471,Machine Learning,11,9,81.82,94.99
ASG02355,STU00471,Operating Systems,12,8,66.67,61.13
ASG02356,STU00472,Big Data Analytics,8,5,62.5,77.35
ASG02357,STU00472,Computer Networks,9,3,33.33,49.84
ASG02358,STU00472,Database Management,11,5,45.45,77.75
ASG02359,STU00472,Machine Learning,10,8,80.0,35.85
ASG02360,STU00472,Operating Systems,11,7,63.64,40.47
ASG02361,STU00473,Big Data Analytics,8,7,87.5,37.5
ASG02362,STU00473,Computer Networks,12,6,50.0,64.14
ASG02363,STU00473,Database Management,8,5,62.5,64.38
ASG02364,STU00473,Machine Learning,10,6,60.0,58.34
ASG02365,STU00473,Operating Systems,11,5,45.45,67.89
ASG02366,STU00474,Big Data Analytics,8,6,75.0,88.6
ASG02367,STU00474,Computer Networks,12,3,25.0,74.34
ASG02368,STU00474,Database Management,11,9,81.82,53.99
ASG02369,STU00474,Machine Learning,10,3,30.0,73.72
ASG02370,STU00474,Operating Systems,11,9,81.82,40.47
ASG02371,STU00475,Big Data Analytics,10,9,90.0,69.49
ASG02372,STU00475,Computer Networks,9,5,55.56,88.76
ASG02373,STU00475,Database Management,8,3,37.5,67.42
ASG02374,STU00475,Machine Learning,10,6,60.0,98.19
ASG02375,STU00475,Operating Systems,12,9,75.0,62.74
ASG02376,STU00476,Big Data Analytics,11,5,45.45,99.24
ASG02377,STU00476,Computer Networks,11,6,54.55,91.2
ASG02378,STU00476,Database Management,12,9,75.0,74.9
ASG02379,STU00476,Machine Learning,10,8,80.0,81.55
ASG02380,STU00476,Operating Systems,9,6,66.67,58.0
ASG02381,STU00477,Big Data Analytics,10,3,30.0,74.57
ASG02382,STU00477,Computer Networks,11,3,27.27,44.18
ASG02383,STU00477,Database Management,11,3,27.27,71.03
ASG02384,STU00477,Machine Learning,10,5,50.0,59.75
ASG02385,STU00477,Operating Systems,9,8,88.89,93.54
ASG02386,STU00478,Big Data Analytics,11,4,36.36,96.09
ASG02387,STU00478,Computer Networks,8,4,50.0,49.96
ASG02388,STU00478,Database Management,11,7,63.64,49.3
ASG02389,STU00478,Machine Learning,9,8,88.89,94.57
ASG02390,STU00478,Operating Systems,12,12,100.0,38.51
ASG02391,STU00479,Big Data Analytics,9,9,100.0,88.49
ASG02392,STU00479,Computer Networks,10,4,40.0,59.06
ASG02393,STU00479,Database Management,8,7,87.5,46.85
ASG02394,STU00479,Machine Learning,12,5,41.67,78.89
ASG02395,STU00479,Operating Systems,10,8,80.0,53.55
ASG02396,STU00480,Big Data Analytics,12,8,66.67,96.5
ASG02397,STU00480,Computer Networks,11,10,90.91,77.51
ASG02398,STU00480,Database Management,9,6,66.67,41.92
ASG02399,STU00480,Machine Learning,12,8,66.67,49.24
ASG02400,STU00480,Operating Systems,11,6,54.55,91.06
ASG02401,STU00481,Big Data Analytics,11,7,63.64,36.57
ASG02402,STU00481,Computer Networks,10,9,90.0,78.12
ASG02403,STU00481,Database Management,12,3,25.0,72.11
ASG02404,STU00481,Machine Learning,11,6,54.55,59.02
ASG02405,STU00481,Operating Systems,12,10,83.33,50.21
ASG02406,STU00482,Big Data Analytics,10,10,100.0,96.0
ASG02407,STU00482,Computer Networks,10,5,50.0,44.72
ASG02408,STU00482,Database Management,10,9,90.0,48.18
ASG02409,STU00482,Machine Learning,12,4,33.33,63.58
ASG02410,STU00482,Operating Systems,8,8,100.0,62.41
ASG02411,STU00483,Big Data Analytics,8,7,87.5,40.32
ASG02412,STU00483,Computer Networks,11,11,100.0,92.89
ASG02413,STU00483,Database Management,9,8,88.89,77.57
ASG02414,STU00483,Machine Learning,11,6,54.55,76.66
ASG02415,STU00483,Operating Systems,11,9,81.82,69.17
ASG02416,STU00484,Big Data Analytics,11,9,81.82,36.45
ASG02417,STU00484,Computer Networks,12,3,25.0,79.9
ASG02418,STU00484,Database Management,8,7,87.5,71.06
ASG02419,STU00484,Machine Learning,10,3,30.0,45.26
ASG02420,STU00484,Operating Systems,10,5,50.0,46.5
ASG02421,STU00485,Big Data Analytics,12,7,58.33,50.46
ASG02422,STU00485,Computer Networks,10,9,90.0,46.83
ASG02423,STU00485,Database Management,11,11,100.0,45.14
ASG02424,STU00485,Machine Learning,9,4,44.44,83.92
ASG02425,STU00485,Operating Systems,10,8,80.0,55.32
ASG02426,STU00486,Big Data Analytics,10,9,90.0,68.26
ASG02427,STU00486,Computer Networks,8,5,62.5,37.77
ASG02428,STU00486,Database Management,8,8,100.0,62.06
ASG02429,STU00486,Machine Learning,9,7,77.78,81.81
ASG02430,STU00486,Operating Systems,10,8,80.0,36.7
ASG02431,STU00487,Big Data Analytics,12,12,100.0,49.59
ASG02432,STU00487,Computer Networks,11,6,54.55,73.75
ASG02433,STU00487,Database Management,11,8,72.73,65.38
ASG02434,STU00487,Machine Learning,11,7,63.64,74.65
ASG02435,STU00487,Operating Systems,8,7,87.5,89.48
ASG02436,STU00488,Big Data Analytics,12,6,50.0,88.37
ASG02437,STU00488,Computer Networks,12,11,91.67,40.59
ASG02438,STU00488,Database Management,9,8,88.89,56.55
ASG02439,STU00488,Machine Learning,9,3,33.33,88.49
ASG02440,STU00488,Operating Systems,12,4,33.33,92.64
ASG02441,STU00489,Big Data Analytics,11,3,27.27,62.13
ASG02442,STU00489,Computer Networks,9,8,88.89,88.97
ASG02443,STU00489,Database Management,10,7,70.0,89.77
ASG02444,STU00489,Machine Learning,12,10,83.33,76.73
ASG02445,STU00489,Operating Systems,12,5,41.67,47.62
ASG02446,STU00490,Big Data Analytics,10,7,70.0,53.44
ASG02447,STU00490,Computer Networks,11,5,45.45,49.16
ASG02448,STU00490,Database Management,11,3,27.27,82.54
ASG02449,STU00490,Machine Learning,9,7,77.78,82.6
ASG02450,STU00490,Operating Systems,9,7,77.78,61.46
ASG02451,STU00491,Big Data Analytics,11,4,36.36,61.27
ASG02452,STU00491,Computer Networks,12,4,33.33,89.02
ASG02453,STU00491,Database Management,12,12,100.0,91.03
ASG02454,STU00491,Machine Learning,11,6,54.55,47.79
ASG02455,STU00491,Operating Systems,11,5,45.45,67.74
ASG02456,STU00492,Big Data Analytics,9,3,33.33,35.16
ASG02457,STU00492,Computer Networks,11,9,81.82,87.19
ASG02458,STU00492,Database Management,11,11,100.0,53.43
ASG02459,STU00492,Machine Learning,8,4,50.0,83.95
ASG02460,STU00492,Operating Systems,10,10,100.0,56.61
ASG02461,STU00493,Big Data Analytics,11,7,63.64,77.65
ASG02462,STU00493,Computer Networks,12,3,25.0,88.66
ASG02463,STU00493,Database Management,9,6,66.67,88.21
ASG02464,STU00493,Machine Learning,8,4,50.0,74.37
ASG02465,STU00493,Operating Systems,9,6,66.67,53.97
ASG02466,STU00494,Big Data Analytics,9,3,33.33,39.69
ASG02467,STU00494,Computer Networks,10,8,80.0,85.69
ASG02468,STU00494,Database Management,11,4,36.36,56.4
ASG02469,STU00494,Machine Learning,11,7,63.64,63.65
ASG02470,STU00494,Operating Systems,11,3,27.27,88.89
ASG02471,STU00495,Big Data Analytics,10,6,60.0,64.89
ASG02472,STU00495,Computer Networks,8,6,75.0,61.61
ASG02473,STU00495,Database Management,8,7,87.5,54.29
ASG02474,STU00495,Machine Learning,11,11,100.0,77.63
ASG02475,STU00495,Operating Systems,9,7,77.78,62.85
ASG02476,STU00496,Big Data Analytics,9,5,55.56,45.22
ASG02477,STU00496,Computer Networks,11,6,54.55,54.87
ASG02478,STU00496,Database Management,9,5,55.56,94.56
ASG02479,STU00496,Machine Learning,10,3,30.0,46.75
ASG02480,STU00496,Operating Systems,9,3,33.33,67.41
ASG02481,STU00497,Big Data Analytics,10,3,30.0,73.5
ASG02482,STU00497,Computer Networks,9,8,88.89,68.16
ASG02483,STU00497,Database Management,9,9,100.0,81.02
ASG02484,STU00497,Machine Learning,11,7,63.64,38.21
ASG02485,STU00497,Operating Systems,9,3,33.33,44.8
ASG02486,STU00498,Big Data Analytics,9,6,66.67,36.74
ASG02487,STU00498,Computer Networks,12,3,25.0,55.1
ASG02488,STU00498,Database Management,8,7,87.5,82.88
ASG02489,STU00498,Machine Learning,10,5,50.0,82.92
ASG02490,STU00498,Operating Systems,9,4,44.44,99.11
ASG02491,STU00499,Big Data Analytics,10,6,60.0,50.71
ASG02492,STU00499,Computer Networks,10,10,100.0,47.44
ASG02493,STU00499,Database Management,8,8,100.0,82.26
ASG02494,STU00499,Machine Learning,10,6,60.0,48.59
ASG02495,STU00499,Operating Systems,12,5,41.67,57.57
ASG02496,STU00500,Big Data Analytics,8,7,87.5,35.37
ASG02497,STU00500,Computer Networks,9,6,66.67,43.41
ASG02498,STU00500,Database Management,12,4,33.33,88.91
ASG02499,STU00500,Machine Learning,12,9,75.0,83.27
ASG02500,STU00500,Operating Systems,8,7,87.5,74.62
