activity_id,student_id,activity_date,login_count,video_minutes,resources_viewed,quiz_attempts,forum_posts,session_minutes
LMS000001,STU00001,2026-05-10,6,146,0,5,4,89
LMS000002,STU00001,2026-03-20,7,114,13,4,1,63
LMS000003,STU00001,2026-05-30,0,95,11,5,5,137
LMS000004,STU00001,2026-02-19,0,32,5,0,4,27
LMS000005,STU00001,2026-03-25,4,157,12,1,2,96
LMS000006,STU00001,2026-03-27,1,33,5,2,1,11
LMS000007,STU00001,2026-02-14,7,22,12,5,5,224
LMS000008,STU00001,2026-04-24,1,163,4,5,0,164
LMS000009,STU00001,2026-02-19,1,94,6,0,3,220
LMS000010,STU00001,2026-04-15,4,90,6,2,3,175
LMS000011,STU00001,2026-02-15,8,101,15,2,5,71
LMS000012,STU00001,2026-05-02,4,21,10,4,2,101
LMS000013,STU00001,2026-05-31,6,43,13,2,5,30
LMS000014,STU00001,2026-01-08,0,120,1,2,3,110
LMS000015,STU00001,2026-03-25,8,170,14,1,4,138
LMS000016,STU00001,2026-01-09,6,170,13,0,0,207
LMS000017,STU00001,2026-03-26,4,74,2,0,0,215
LMS000018,STU00001,2026-01-01,4,126,15,3,1,222
LMS000019,STU00001,2026-04-06,8,59,10,2,5,195
LMS000020,STU00001,2026-01-01,8,56,15,0,0,231
LMS000021,STU00002,2026-04-02,5,85,5,5,1,43
LMS000022,STU00002,2026-05-13,2,75,5,4,3,197
LMS000023,STU00002,2026-01-02,8,148,1,1,2,190
LMS000024,STU00002,2026-02-03,2,39,6,0,0,162
LMS000025,STU00002,2026-03-24,8,58,8,5,2,22
LMS000026,STU00002,2026-04-27,2,173,5,1,5,198
LMS000027,STU00002,2026-02-17,1,57,9,1,2,172
LMS000028,STU00002,2026-05-28,2,6,0,3,3,113
LMS000029,STU00002,2026-03-05,1,103,8,1,0,17
LMS000030,STU00002,2026-03-06,3,56,4,3,1,138
LMS000031,STU00002,2026-04-04,4,161,2,3,4,192
LMS000032,STU00002,2026-05-15,7,133,13,2,1,197
LMS000033,STU00002,2026-04-11,1,34,1,5,5,231
LMS000034,STU00002,2026-03-10,4,179,3,1,1,78
LMS000035,STU00002,2026-04-13,1,16,7,0,0,121
LMS000036,STU00002,2026-02-09,6,115,0,5,5,196
LMS000037,STU00002,2026-02-24,2,103,11,1,4,36
LMS000038,STU00002,2026-05-14,1,108,8,3,3,165
LMS000039,STU00002,2026-06-15,5,155,7,5,4,210
LMS000040,STU00002,2026-01-31,6,145,0,1,5,226
LMS000041,STU00003,2026-02-09,4,0,6,1,0,83
LMS000042,STU00003,2026-01-08,7,73,11,5,5,122
LMS000043,STU00003,2026-06-10,5,21,10,3,1,169
LMS000044,STU00003,2026-06-22,0,57,10,1,0,177
LMS000045,STU00003,2026-01-01,0,63,4,1,2,234
LMS000046,STU00003,2026-02-26,7,5,8,2,1,51
LMS000047,STU00003,2026-02-27,3,55,2,3,2,140
LMS000048,STU00003,2026-03-29,6,29,14,1,2,117
LMS000049,STU00003,2026-02-20,1,88,12,3,3,118
LMS000050,STU00003,2026-06-25,1,46,10,4,5,92
LMS000051,STU00003,2026-05-08,7,121,11,0,3,40
LMS000052,STU00003,2026-03-05,2,92,13,0,1,30
LMS000053,STU00003,2026-04-25,5,16,11,1,1,126
LMS000054,STU00003,2026-06-22,3,40,12,1,2,197
LMS000055,STU00003,2026-03-08,8,10,5,1,1,2
LMS000056,STU00003,2026-05-07,6,131,9,3,3,77
LMS000057,STU00003,2026-03-21,5,140,3,3,2,149
LMS000058,STU00003,2026-05-25,2,180,14,0,2,9
LMS000059,STU00003,2026-03-22,3,173,9,3,5,33
LMS000060,STU00003,2026-06-28,1,156,3,3,0,151
LMS000061,STU00004,2026-01-28,7,90,13,2,5,139
LMS000062,STU00004,2026-03-11,3,27,4,0,0,42
LMS000063,STU00004,2026-02-08,5,57,8,2,5,215
LMS000064,STU00004,2026-03-01,2,98,0,4,1,163
LMS000065,STU00004,2026-01-22,8,118,12,2,2,184
LMS000066,STU00004,2026-03-16,1,55,14,4,3,128
LMS000067,STU00004,2026-02-15,4,14,11,5,2,49
LMS000068,STU00004,2026-01-22,0,151,11,3,2,106
LMS000069,STU00004,2026-06-27,4,160,15,0,0,21
LMS000070,STU00004,2026-05-04,0,95,14,2,2,53
LMS000071,STU00004,2026-01-24,1,166,15,0,1,118
LMS000072,STU00004,2026-05-16,1,155,13,3,2,164
LMS000073,STU00004,2026-02-11,8,145,0,2,5,115
LMS000074,STU00004,2026-05-14,6,164,9,0,0,86
LMS000075,STU00004,2026-03-12,7,147,7,1,4,112
LMS000076,STU00004,2026-05-12,8,6,4,4,5,102
LMS000077,STU00004,2026-03-22,5,79,5,2,3,216
LMS000078,STU00004,2026-04-14,3,179,15,2,0,130
LMS000079,STU00004,2026-05-16,8,30,8,5,1,220
LMS000080,STU00004,2026-01-07,2,50,9,3,3,78
LMS000081,STU00005,2026-01-09,3,79,2,2,5,180
LMS000082,STU00005,2026-03-09,6,75,15,0,3,213
LMS000083,STU00005,2026-01-14,4,90,9,3,4,24
LMS000084,STU00005,2026-04-11,6,172,8,0,2,48
LMS000085,STU00005,2026-05-17,8,94,7,0,4,18
LMS000086,STU00005,2026-02-15,8,2,14,3,2,40
LMS000087,STU00005,2026-05-10,7,164,12,4,1,236
LMS000088,STU00005,2026-01-04,6,71,7,4,3,75
LMS000089,STU00005,2026-03-19,2,145,3,0,4,135
LMS000090,STU00005,2026-01-17,4,159,0,5,1,119
LMS000091,STU00005,2026-05-15,6,62,7,5,0,150
LMS000092,STU00005,2026-05-04,8,10,11,1,4,33
LMS000093,STU00005,2026-02-01,3,108,11,3,0,103
LMS000094,STU00005,2026-02-03,3,23,4,4,0,12
LMS000095,STU00005,2026-06-21,2,158,15,5,5,213
LMS000096,STU00005,2026-06-27,1,14,15,0,4,111
LMS000097,STU00005,2026-02-21,0,162,7,3,4,176
LMS000098,STU00005,2026-03-21,1,141,6,3,0,123
LMS000099,STU00005,2026-03-05,3,38,4,4,4,167
LMS000100,STU00005,2026-02-21,1,148,7,4,0,120
LMS000101,STU00006,2026-04-17,2,86,12,3,2,114
LMS000102,STU00006,2026-06-12,4,115,14,3,2,151
LMS000103,STU00006,2026-05-01,1,179,5,1,5,103
LMS000104,STU00006,2026-04-30,7,173,0,1,3,150
LMS000105,STU00006,2026-05-28,5,64,10,4,0,153
LMS000106,STU00006,2026-02-07,3,176,15,4,1,212
LMS000107,STU00006,2026-06-12,3,169,2,2,2,58
LMS000108,STU00006,2026-06-26,6,140,15,2,2,112
LMS000109,STU00006,2026-01-12,4,43,15,2,5,36
LMS000110,STU00006,2026-05-07,8,155,15,0,1,201
LMS000111,STU00006,2026-02-23,5,152,10,5,5,31
LMS000112,STU00006,2026-05-10,1,4,6,1,4,59
LMS000113,STU00006,2026-05-01,3,32,12,4,0,4
LMS000114,STU00006,2026-05-15,8,162,1,5,2,132
LMS000115,STU00006,2026-04-08,5,12,5,2,1,172
LMS000116,STU00006,2026-01-15,5,58,3,0,1,48
LMS000117,STU00006,2026-06-04,7,45,11,1,2,111
LMS000118,STU00006,2026-04-29,2,38,14,1,1,55
LMS000119,STU00006,2026-05-19,0,22,6,3,1,5
LMS000120,STU00006,2026-02-19,6,34,12,4,3,0
LMS000121,STU00007,2026-06-09,3,170,13,1,0,42
LMS000122,STU00007,2026-02-15,2,95,7,1,5,162
LMS000123,STU00007,2026-06-15,7,79,2,4,1,176
LMS000124,STU00007,2026-04-26,8,132,10,4,5,94
LMS000125,STU00007,2026-05-01,1,48,2,0,3,112
LMS000126,STU00007,2026-01-25,3,160,0,1,1,60
LMS000127,STU00007,2026-06-25,5,148,4,3,2,139
LMS000128,STU00007,2026-05-17,6,166,15,0,4,118
LMS000129,STU00007,2026-06-13,8,179,11,1,4,46
LMS000130,STU00007,2026-02-27,5,165,10,1,5,61
LMS000131,STU00007,2026-03-21,4,158,1,4,1,150
LMS000132,STU00007,2026-03-01,1,156,6,4,0,161
LMS000133,STU00007,2026-06-28,4,73,8,0,3,74
LMS000134,STU00007,2026-05-09,3,177,3,5,4,27
LMS000135,STU00007,2026-01-02,0,85,6,5,5,211
LMS000136,STU00007,2026-06-29,2,61,12,4,4,210
LMS000137,STU00007,2026-05-01,5,80,3,0,5,158
LMS000138,STU00007,2026-05-24,4,170,1,2,3,216
LMS000139,STU00007,2026-02-08,1,30,0,3,4,2
LMS000140,STU00007,2026-02-05,8,134,7,1,0,178
LMS000141,STU00008,2026-03-17,7,115,0,0,2,211
LMS000142,STU00008,2026-01-17,3,56,13,2,1,186
LMS000143,STU00008,2026-04-09,8,143,2,1,2,176
LMS000144,STU00008,2026-01-19,7,109,15,3,4,61
LMS000145,STU00008,2026-05-03,0,75,10,1,1,134
LMS000146,STU00008,2026-06-20,6,111,11,2,0,23
LMS000147,STU00008,2026-06-18,5,88,0,4,5,179
LMS000148,STU00008,2026-04-26,0,134,12,0,1,163
LMS000149,STU00008,2026-04-02,7,111,14,0,4,33
LMS000150,STU00008,2026-04-22,3,21,14,0,5,134
LMS000151,STU00008,2026-03-22,8,122,13,0,5,171
LMS000152,STU00008,2026-03-24,7,132,12,2,0,9
LMS000153,STU00008,2026-01-13,5,91,5,5,4,28
LMS000154,STU00008,2026-05-25,1,179,3,5,5,232
LMS000155,STU00008,2026-02-19,4,122,4,2,4,220
LMS000156,STU00008,2026-03-22,8,56,10,3,1,2
LMS000157,STU00008,2026-05-31,2,26,11,3,4,175
LMS000158,STU00008,2026-02-16,1,172,4,4,0,128
LMS000159,STU00008,2026-01-07,1,46,6,4,4,92
LMS000160,STU00008,2026-06-13,6,91,9,2,1,159
LMS000161,STU00009,2026-01-20,1,133,9,2,5,174
LMS000162,STU00009,2026-01-20,3,62,12,5,1,158
LMS000163,STU00009,2026-01-10,3,80,11,4,0,212
LMS000164,STU00009,2026-01-23,0,32,0,1,4,144
LMS000165,STU00009,2026-04-03,6,63,11,1,5,143
LMS000166,STU00009,2026-04-01,3,99,6,5,0,211
LMS000167,STU00009,2026-03-10,0,132,8,0,3,72
LMS000168,STU00009,2026-04-23,3,113,5,3,0,237
LMS000169,STU00009,2026-02-06,6,121,10,1,1,92
LMS000170,STU00009,2026-03-30,1,91,15,1,2,170
LMS000171,STU00009,2026-05-29,4,73,2,2,4,11
LMS000172,STU00009,2026-04-24,4,13,12,0,2,207
LMS000173,STU00009,2026-06-17,7,0,2,4,3,49
LMS000174,STU00009,2026-04-06,8,63,14,3,5,23
LMS000175,STU00009,2026-02-07,0,136,11,5,0,23
LMS000176,STU00009,2026-01-05,7,141,14,2,4,146
LMS000177,STU00009,2026-03-13,5,107,15,1,0,10
LMS000178,STU00009,2026-06-01,3,7,9,1,2,209
LMS000179,STU00009,2026-01-26,3,86,2,5,0,118
LMS000180,STU00009,2026-02-22,0,107,8,3,4,0
LMS000181,STU00010,2026-01-06,7,162,0,0,0,49
LMS000182,STU00010,2026-05-15,5,37,15,0,3,85
LMS000183,STU00010,2026-05-25,6,61,14,3,1,31
LMS000184,STU00010,2026-03-16,2,34,0,1,5,88
LMS000185,STU00010,2026-03-16,2,17,8,5,5,14
LMS000186,STU00010,2026-02-15,6,65,14,2,2,156
LMS000187,STU00010,2026-03-24,7,67,8,1,1,159
LMS000188,STU00010,2026-06-11,6,42,1,4,4,50
LMS000189,STU00010,2026-06-05,4,42,5,1,4,23
LMS000190,STU00010,2026-06-13,0,26,13,2,4,111
LMS000191,STU00010,2026-05-21,4,105,15,3,4,208
LMS000192,STU00010,2026-03-25,5,12,15,0,0,164
LMS000193,STU00010,2026-03-19,0,168,11,1,1,49
LMS000194,STU00010,2026-06-05,5,76,5,5,5,92
LMS000195,STU00010,2026-01-31,1,36,5,4,3,214
LMS000196,STU00010,2026-05-02,6,75,3,5,3,113
LMS000197,STU00010,2026-06-15,2,42,1,2,5,43
LMS000198,STU00010,2026-05-08,4,49,4,2,4,131
LMS000199,STU00010,2026-04-28,7,58,4,2,1,197
LMS000200,STU00010,2026-03-25,1,159,9,0,0,4
LMS000201,STU00011,2026-04-29,0,17,0,3,2,183
LMS000202,STU00011,2026-03-30,8,170,14,3,2,4
LMS000203,STU00011,2026-05-26,0,157,10,5,1,64
LMS000204,STU00011,2026-04-17,5,123,12,3,2,147
LMS000205,STU00011,2026-03-12,0,29,11,5,5,31
LMS000206,STU00011,2026-03-03,8,4,12,5,4,170
LMS000207,STU00011,2026-03-07,5,28,10,4,0,98
LMS000208,STU00011,2026-01-16,1,3,11,1,2,139
LMS000209,STU00011,2026-05-07,1,147,14,3,2,56
LMS000210,STU00011,2026-05-12,4,30,2,2,2,65
LMS000211,STU00011,2026-06-07,4,66,1,3,5,36
LMS000212,STU00011,2026-04-30,7,171,13,5,2,215
LMS000213,STU00011,2026-05-26,5,89,14,3,1,206
LMS000214,STU00011,2026-01-08,6,86,10,0,1,51
LMS000215,STU00011,2026-06-29,8,55,7,4,3,179
LMS000216,STU00011,2026-06-07,2,111,9,3,3,40
LMS000217,STU00011,2026-05-16,0,101,14,5,5,186
LMS000218,STU00011,2026-01-09,0,12,0,1,0,192
LMS000219,STU00011,2026-01-19,2,49,0,2,2,202
LMS000220,STU00011,2026-06-27,6,136,3,2,2,32
LMS000221,STU00012,2026-02-24,1,35,7,1,2,128
LMS000222,STU00012,2026-01-09,0,169,14,5,4,112
LMS000223,STU00012,2026-02-19,2,84,2,5,3,31
LMS000224,STU00012,2026-01-23,0,171,5,5,1,67
LMS000225,STU00012,2026-06-16,1,168,2,1,2,171
LMS000226,STU00012,2026-02-27,2,98,15,3,0,149
LMS000227,STU00012,2026-06-14,6,21,2,0,0,29
LMS000228,STU00012,2026-03-11,3,161,5,5,3,113
LMS000229,STU00012,2026-06-11,8,49,12,0,2,79
LMS000230,STU00012,2026-04-15,4,7,9,1,5,52
LMS000231,STU00012,2026-06-17,8,78,3,2,2,22
LMS000232,STU00012,2026-02-15,0,167,12,3,1,56
LMS000233,STU00012,2026-04-28,0,151,8,5,1,120
LMS000234,STU00012,2026-03-03,3,9,3,2,5,6
LMS000235,STU00012,2026-02-22,2,103,3,3,2,108
LMS000236,STU00012,2026-04-16,7,149,11,2,1,233
LMS000237,STU00012,2026-03-28,0,92,7,0,0,234
LMS000238,STU00012,2026-01-05,5,144,2,5,2,62
LMS000239,STU00012,2026-03-28,5,141,6,3,4,122
LMS000240,STU00012,2026-01-18,8,129,14,2,2,236
LMS000241,STU00013,2026-01-10,7,134,3,2,2,101
LMS000242,STU00013,2026-06-04,6,118,6,1,5,101
LMS000243,STU00013,2026-05-19,6,138,1,2,4,69
LMS000244,STU00013,2026-03-25,2,4,2,1,0,114
LMS000245,STU00013,2026-04-12,1,35,14,2,4,229
LMS000246,STU00013,2026-04-15,1,109,13,5,1,139
LMS000247,STU00013,2026-01-20,7,90,13,3,5,139
LMS000248,STU00013,2026-04-22,3,117,14,4,2,95
LMS000249,STU00013,2026-01-26,8,132,10,0,3,48
LMS000250,STU00013,2026-04-08,7,142,3,5,1,194
LMS000251,STU00013,2026-03-08,0,86,14,5,5,37
LMS000252,STU00013,2026-01-01,4,17,4,3,2,84
LMS000253,STU00013,2026-04-14,6,27,11,0,2,86
LMS000254,STU00013,2026-02-20,5,64,2,0,0,165
LMS000255,STU00013,2026-01-13,4,17,12,5,0,40
LMS000256,STU00013,2026-03-12,4,41,9,4,2,125
LMS000257,STU00013,2026-02-26,0,138,9,2,4,78
LMS000258,STU00013,2026-02-17,7,101,8,4,4,194
LMS000259,STU00013,2026-03-02,3,47,1,1,3,223
LMS000260,STU00013,2026-03-22,0,84,5,5,5,4
LMS000261,STU00014,2026-04-03,6,86,4,5,0,50
LMS000262,STU00014,2026-05-25,0,25,14,5,0,190
LMS000263,STU00014,2026-03-06,0,144,15,3,4,226
LMS000264,STU00014,2026-01-13,0,5,7,2,5,54
LMS000265,STU00014,2026-04-05,6,122,3,1,3,75
LMS000266,STU00014,2026-02-22,6,61,4,2,4,33
LMS000267,STU00014,2026-06-08,0,59,15,4,5,164
LMS000268,STU00014,2026-01-29,2,80,12,0,2,51
LMS000269,STU00014,2026-02-08,7,97,3,3,3,157
LMS000270,STU00014,2026-05-09,1,180,13,2,0,72
LMS000271,STU00014,2026-06-06,7,132,15,3,2,106
LMS000272,STU00014,2026-01-08,5,60,0,3,4,108
LMS000273,STU00014,2026-02-04,2,34,9,5,2,137
LMS000274,STU00014,2026-02-13,8,86,7,1,2,116
LMS000275,STU00014,2026-02-14,1,174,15,0,5,87
LMS000276,STU00014,2026-04-29,5,47,0,4,4,44
LMS000277,STU00014,2026-02-10,0,86,5,3,1,41
LMS000278,STU00014,2026-04-07,4,61,3,5,3,7
LMS000279,STU00014,2026-04-15,7,57,2,0,5,208
LMS000280,STU00014,2026-01-04,6,161,9,0,0,172
LMS000281,STU00015,2026-06-26,2,174,8,0,4,220
LMS000282,STU00015,2026-01-14,3,62,14,0,2,36
LMS000283,STU00015,2026-05-26,4,82,2,3,0,162
LMS000284,STU00015,2026-01-11,6,115,8,1,4,173
LMS000285,STU00015,2026-01-24,7,150,10,4,0,232
LMS000286,STU00015,2026-01-29,5,27,15,2,5,210
LMS000287,STU00015,2026-04-11,0,68,15,5,2,35
LMS000288,STU00015,2026-06-27,8,47,6,5,0,39
LMS000289,STU00015,2026-01-16,5,75,1,1,1,151
LMS000290,STU00015,2026-02-11,5,39,8,3,2,46
LMS000291,STU00015,2026-02-25,0,58,9,0,3,112
LMS000292,STU00015,2026-04-03,7,168,3,2,0,74
LMS000293,STU00015,2026-02-18,0,133,4,5,5,103
LMS000294,STU00015,2026-04-11,8,13,14,2,0,105
LMS000295,STU00015,2026-02-12,5,144,2,5,3,178
LMS000296,STU00015,2026-01-06,2,5,14,4,2,58
LMS000297,STU00015,2026-03-13,6,118,10,4,0,144
LMS000298,STU00015,2026-01-18,4,135,14,1,3,80
LMS000299,STU00015,2026-04-23,8,112,6,2,0,119
LMS000300,STU00015,2026-03-19,4,82,15,2,4,196
LMS000301,STU00016,2026-01-09,4,163,1,4,5,48
LMS000302,STU00016,2026-01-04,5,97,7,1,1,191
LMS000303,STU00016,2026-05-01,3,39,12,1,1,201
LMS000304,STU00016,2026-04-23,0,138,14,1,2,112
LMS000305,STU00016,2026-05-24,8,152,11,3,4,177
LMS000306,STU00016,2026-01-01,1,110,1,4,2,98
LMS000307,STU00016,2026-03-16,3,63,1,4,3,222
LMS000308,STU00016,2026-04-29,8,162,3,1,0,215
LMS000309,STU00016,2026-06-02,1,135,0,0,2,30
LMS000310,STU00016,2026-05-12,7,153,11,2,3,0
LMS000311,STU00016,2026-04-22,8,27,10,3,5,78
LMS000312,STU00016,2026-05-17,7,90,1,5,2,59
LMS000313,STU00016,2026-02-07,0,76,4,4,5,100
LMS000314,STU00016,2026-04-30,0,64,12,5,1,219
LMS000315,STU00016,2026-02-06,5,50,8,1,5,77
LMS000316,STU00016,2026-06-03,6,175,4,3,0,67
LMS000317,STU00016,2026-04-03,3,127,1,3,5,74
LMS000318,STU00016,2026-03-31,2,62,1,2,5,157
LMS000319,STU00016,2026-06-22,1,76,10,5,3,104
LMS000320,STU00016,2026-05-27,1,55,2,2,0,173
LMS000321,STU00017,2026-01-16,1,146,11,1,3,1
LMS000322,STU00017,2026-06-06,4,169,4,3,0,185
LMS000323,STU00017,2026-03-04,4,104,13,1,0,124
LMS000324,STU00017,2026-04-11,2,107,9,3,1,61
LMS000325,STU00017,2026-04-25,5,97,9,4,1,88
LMS000326,STU00017,2026-02-11,8,44,1,2,1,129
LMS000327,STU00017,2026-02-06,1,152,14,1,5,177
LMS000328,STU00017,2026-04-23,2,18,6,3,5,60
LMS000329,STU00017,2026-04-05,5,49,10,3,0,97
LMS000330,STU00017,2026-04-18,4,133,3,1,0,24
LMS000331,STU00017,2026-03-11,5,19,1,1,5,173
LMS000332,STU00017,2026-05-05,1,47,10,3,2,5
LMS000333,STU00017,2026-06-12,0,146,2,2,0,97
LMS000334,STU00017,2026-04-12,7,115,14,0,0,149
LMS000335,STU00017,2026-02-18,2,116,15,0,5,42
LMS000336,STU00017,2026-04-24,0,140,7,5,4,214
LMS000337,STU00017,2026-04-27,6,167,9,2,4,34
LMS000338,STU00017,2026-03-06,1,120,1,4,5,202
LMS000339,STU00017,2026-05-14,2,69,9,2,2,61
LMS000340,STU00017,2026-05-12,0,112,0,1,5,205
LMS000341,STU00018,2026-03-20,1,31,15,2,1,11
LMS000342,STU00018,2026-02-27,8,115,11,5,1,109
LMS000343,STU00018,2026-06-14,1,145,4,4,4,1
LMS000344,STU00018,2026-06-26,4,163,15,3,4,24
LMS000345,STU00018,2026-06-21,0,64,6,5,5,196
LMS000346,STU00018,2026-01-03,1,170,12,0,5,158
LMS000347,STU00018,2026-03-04,4,77,4,3,3,188
LMS000348,STU00018,2026-03-02,7,106,14,1,4,92
LMS000349,STU00018,2026-04-06,7,170,3,0,2,73
LMS000350,STU00018,2026-06-23,0,58,11,0,5,100
LMS000351,STU00018,2026-05-02,8,71,13,0,3,84
LMS000352,STU00018,2026-04-26,5,22,1,4,1,12
LMS000353,STU00018,2026-05-31,8,54,9,3,3,33
LMS000354,STU00018,2026-05-25,2,46,12,5,1,191
LMS000355,STU00018,2026-04-22,4,2,6,0,3,94
LMS000356,STU00018,2026-06-25,0,56,6,3,4,100
LMS000357,STU00018,2026-06-23,5,79,12,3,5,163
LMS000358,STU00018,2026-05-23,7,41,9,1,0,123
LMS000359,STU00018,2026-03-19,8,46,15,1,3,103
LMS000360,STU00018,2026-03-12,4,89,7,1,5,48
LMS000361,STU00019,2026-01-27,1,67,0,2,1,9
LMS000362,STU00019,2026-01-09,1,169,14,4,4,228
LMS000363,STU00019,2026-04-18,0,0,13,4,5,225
LMS000364,STU00019,2026-05-21,4,155,4,4,5,131
LMS000365,STU00019,2026-01-23,3,165,7,2,0,189
LMS000366,STU00019,2026-05-19,4,64,12,2,4,8
LMS000367,STU00019,2026-04-14,5,111,7,5,0,133
LMS000368,STU00019,2026-01-30,7,68,10,4,5,164
LMS000369,STU00019,2026-06-08,0,166,2,4,0,75
LMS000370,STU00019,2026-02-26,0,127,1,1,0,131
LMS000371,STU00019,2026-05-10,8,114,12,0,4,15
LMS000372,STU00019,2026-06-16,1,48,9,1,3,192
LMS000373,STU00019,2026-02-04,3,64,4,5,0,57
LMS000374,STU00019,2026-05-22,5,104,15,5,2,86
LMS000375,STU00019,2026-01-31,6,29,3,3,1,225
LMS000376,STU00019,2026-01-30,7,6,9,5,5,124
LMS000377,STU00019,2026-06-09,0,146,2,3,1,155
LMS000378,STU00019,2026-03-17,2,174,8,5,4,193
LMS000379,STU00019,2026-05-30,0,110,3,1,3,49
LMS000380,STU00019,2026-05-13,7,33,8,4,5,37
LMS000381,STU00020,2026-02-07,6,7,15,2,0,151
LMS000382,STU00020,2026-02-25,7,89,1,4,0,87
LMS000383,STU00020,2026-04-05,0,38,2,3,0,226
LMS000384,STU00020,2026-01-09,0,133,0,5,0,8
LMS000385,STU00020,2026-02-26,4,99,15,1,3,60
LMS000386,STU00020,2026-04-10,8,64,6,0,5,11
LMS000387,STU00020,2026-02-20,7,32,14,1,2,123
LMS000388,STU00020,2026-05-18,6,64,13,4,3,172
LMS000389,STU00020,2026-06-10,8,42,9,4,2,48
LMS000390,STU00020,2026-03-21,8,93,6,3,5,125
LMS000391,STU00020,2026-05-22,1,134,12,4,1,43
LMS000392,STU00020,2026-06-17,8,85,8,3,3,166
LMS000393,STU00020,2026-03-09,3,16,15,0,3,79
LMS000394,STU00020,2026-03-04,8,159,11,5,4,223
LMS000395,STU00020,2026-06-08,6,86,3,1,5,182
LMS000396,STU00020,2026-06-06,0,33,7,1,3,213
LMS000397,STU00020,2026-05-11,1,56,1,5,2,158
LMS000398,STU00020,2026-06-28,7,124,2,5,1,112
LMS000399,STU00020,2026-05-25,6,47,15,1,0,11
LMS000400,STU00020,2026-01-26,4,142,8,3,5,186
LMS000401,STU00021,2026-06-26,6,40,10,0,1,79
LMS000402,STU00021,2026-05-20,1,67,5,1,4,4
LMS000403,STU00021,2026-04-16,6,129,4,1,0,48
LMS000404,STU00021,2026-05-28,1,50,13,0,0,190
LMS000405,STU00021,2026-04-15,4,25,5,4,3,45
LMS000406,STU00021,2026-04-13,4,111,10,2,3,233
LMS000407,STU00021,2026-02-24,4,172,11,2,5,194
LMS000408,STU00021,2026-01-25,5,84,4,5,3,206
LMS000409,STU00021,2026-02-22,8,101,3,2,3,50
LMS000410,STU00021,2026-05-03,1,68,4,3,2,22
LMS000411,STU00021,2026-03-04,7,105,11,5,2,181
LMS000412,STU00021,2026-02-19,2,174,0,0,1,181
LMS000413,STU00021,2026-03-30,3,82,4,3,3,221
LMS000414,STU00021,2026-04-01,7,92,1,3,4,176
LMS000415,STU00021,2026-03-05,2,39,8,5,5,106
LMS000416,STU00021,2026-05-17,4,156,15,4,0,47
LMS000417,STU00021,2026-06-13,0,103,10,1,3,187
LMS000418,STU00021,2026-03-31,6,166,0,1,3,105
LMS000419,STU00021,2026-01-07,8,16,1,0,2,89
LMS000420,STU00021,2026-03-31,1,54,7,2,3,48
LMS000421,STU00022,2026-05-14,4,103,13,3,2,95
LMS000422,STU00022,2026-02-22,1,70,1,5,4,46
LMS000423,STU00022,2026-06-25,8,112,5,1,0,129
LMS000424,STU00022,2026-06-03,4,85,1,2,2,56
LMS000425,STU00022,2026-02-07,4,26,9,3,4,116
LMS000426,STU00022,2026-01-01,8,151,0,2,3,102
LMS000427,STU00022,2026-02-24,7,164,7,5,5,149
LMS000428,STU00022,2026-04-07,5,109,6,3,5,119
LMS000429,STU00022,2026-02-06,3,12,15,1,1,154
LMS000430,STU00022,2026-02-09,0,9,10,3,3,218
LMS000431,STU00022,2026-03-26,8,154,1,3,3,59
LMS000432,STU00022,2026-01-19,2,49,9,5,3,110
LMS000433,STU00022,2026-01-10,7,149,12,2,2,120
LMS000434,STU00022,2026-03-10,0,108,14,2,0,129
LMS000435,STU00022,2026-06-11,6,147,2,3,1,3
LMS000436,STU00022,2026-05-13,4,69,1,2,2,43
LMS000437,STU00022,2026-03-01,2,176,6,1,1,93
LMS000438,STU00022,2026-06-12,1,129,11,4,2,74
LMS000439,STU00022,2026-06-06,6,64,2,0,5,147
LMS000440,STU00022,2026-03-10,5,147,3,5,4,107
LMS000441,STU00023,2026-06-09,2,15,7,1,0,50
LMS000442,STU00023,2026-01-30,0,136,15,3,1,194
LMS000443,STU00023,2026-02-26,6,39,15,2,0,149
LMS000444,STU00023,2026-03-29,7,77,15,1,0,149
LMS000445,STU00023,2026-03-06,7,166,5,0,5,160
LMS000446,STU00023,2026-04-19,2,39,11,1,2,50
LMS000447,STU00023,2026-02-23,4,102,3,1,5,46
LMS000448,STU00023,2026-03-08,4,3,10,5,5,205
LMS000449,STU00023,2026-05-11,6,3,5,0,4,89
LMS000450,STU00023,2026-04-01,0,58,4,5,0,79
LMS000451,STU00023,2026-02-04,6,165,5,2,0,55
LMS000452,STU00023,2026-04-18,2,166,3,3,3,194
LMS000453,STU00023,2026-05-03,7,170,10,3,2,228
LMS000454,STU00023,2026-05-13,4,158,15,1,5,193
LMS000455,STU00023,2026-05-10,0,39,2,2,2,110
LMS000456,STU00023,2026-06-19,0,81,7,2,0,143
LMS000457,STU00023,2026-01-04,7,96,15,2,1,16
LMS000458,STU00023,2026-06-01,0,150,1,5,4,175
LMS000459,STU00023,2026-05-01,7,138,6,5,0,143
LMS000460,STU00023,2026-05-18,4,103,12,1,5,173
LMS000461,STU00024,2026-06-25,1,142,4,5,1,168
LMS000462,STU00024,2026-03-27,3,102,13,0,1,43
LMS000463,STU00024,2026-04-03,6,153,2,0,5,23
LMS000464,STU00024,2026-01-01,6,32,12,3,5,156
LMS000465,STU00024,2026-03-06,5,137,10,0,1,222
LMS000466,STU00024,2026-06-28,1,84,5,4,1,40
LMS000467,STU00024,2026-03-14,3,133,5,4,0,189
LMS000468,STU00024,2026-02-22,0,31,2,1,3,220
LMS000469,STU00024,2026-06-23,6,0,10,1,4,32
LMS000470,STU00024,2026-04-23,2,0,8,1,5,157
LMS000471,STU00024,2026-01-10,7,54,11,4,0,158
LMS000472,STU00024,2026-05-01,5,95,2,2,0,64
LMS000473,STU00024,2026-02-24,5,58,3,4,2,11
LMS000474,STU00024,2026-04-02,1,150,12,4,4,107
LMS000475,STU00024,2026-02-25,1,95,11,4,4,14
LMS000476,STU00024,2026-03-11,7,149,8,5,2,22
LMS000477,STU00024,2026-01-06,0,4,12,0,2,111
LMS000478,STU00024,2026-06-22,0,120,6,5,1,183
LMS000479,STU00024,2026-06-24,2,22,14,3,0,55
LMS000480,STU00024,2026-03-06,1,133,9,5,3,82
LMS000481,STU00025,2026-02-04,7,97,14,1,4,146
LMS000482,STU00025,2026-04-14,0,158,14,1,5,25
LMS000483,STU00025,2026-01-13,5,154,0,0,2,230
LMS000484,STU00025,2026-06-21,3,38,8,3,1,159
LMS000485,STU00025,2026-04-30,6,60,9,4,1,208
LMS000486,STU00025,2026-02-24,6,12,3,2,3,81
LMS000487,STU00025,2026-06-18,8,36,15,0,3,114
LMS000488,STU00025,2026-02-04,6,180,15,4,2,219
LMS000489,STU00025,2026-05-31,0,177,15,4,0,93
LMS000490,STU00025,2026-03-10,0,99,0,3,2,92
LMS000491,STU00025,2026-04-23,0,167,11,5,3,23
LMS000492,STU00025,2026-03-02,8,32,0,3,3,231
LMS000493,STU00025,2026-05-18,5,92,15,0,5,42
LMS000494,STU00025,2026-05-01,2,54,5,3,3,148
LMS000495,STU00025,2026-06-01,6,67,10,5,4,4
LMS000496,STU00025,2026-02-17,8,36,7,3,0,204
LMS000497,STU00025,2026-02-27,1,159,13,4,2,116
LMS000498,STU00025,2026-02-14,7,167,6,3,0,199
LMS000499,STU00025,2026-06-10,1,15,4,4,0,218
LMS000500,STU00025,2026-05-29,7,37,14,2,2,97
LMS000501,STU00026,2026-01-29,5,6,1,4,2,142
LMS000502,STU00026,2026-04-05,6,77,6,4,4,186
LMS000503,STU00026,2026-04-04,2,14,4,3,4,73
LMS000504,STU00026,2026-03-21,4,143,12,1,5,229
LMS000505,STU00026,2026-02-23,4,52,7,2,4,115
LMS000506,STU00026,2026-06-24,3,66,0,4,1,132
LMS000507,STU00026,2026-02-16,0,86,5,0,1,214
LMS000508,STU00026,2026-01-27,4,13,3,5,0,142
LMS000509,STU00026,2026-03-07,5,163,12,4,5,111
LMS000510,STU00026,2026-03-06,5,40,15,3,0,31
LMS000511,STU00026,2026-06-12,2,85,8,2,1,52
LMS000512,STU00026,2026-03-22,2,2,3,4,3,115
LMS000513,STU00026,2026-02-02,5,126,12,2,3,28
LMS000514,STU00026,2026-01-25,1,38,11,5,4,10
LMS000515,STU00026,2026-03-05,2,13,5,4,4,13
LMS000516,STU00026,2026-03-18,4,73,0,2,2,171
LMS000517,STU00026,2026-03-27,3,82,5,4,3,130
LMS000518,STU00026,2026-03-04,3,167,5,1,1,52
LMS000519,STU00026,2026-04-25,8,60,12,0,2,32
LMS000520,STU00026,2026-04-29,3,37,3,3,1,6
LMS000521,STU00027,2026-01-25,5,12,10,0,2,25
LMS000522,STU00027,2026-06-09,6,54,14,0,2,155
LMS000523,STU00027,2026-03-11,6,56,13,2,3,116
LMS000524,STU00027,2026-06-06,6,56,12,1,0,211
LMS000525,STU00027,2026-03-13,2,34,11,2,0,231
LMS000526,STU00027,2026-01-16,7,51,13,1,3,218
LMS000527,STU00027,2026-04-06,2,90,5,2,2,135
LMS000528,STU00027,2026-01-17,4,131,5,3,5,211
LMS000529,STU00027,2026-02-06,3,35,10,0,2,122
LMS000530,STU00027,2026-03-19,6,168,12,5,1,86
LMS000531,STU00027,2026-05-07,3,31,4,3,2,225
LMS000532,STU00027,2026-04-02,5,58,5,5,1,20
LMS000533,STU00027,2026-05-28,7,98,10,2,1,73
LMS000534,STU00027,2026-03-04,2,177,5,0,0,79
LMS000535,STU00027,2026-06-06,5,92,11,2,2,46
LMS000536,STU00027,2026-04-16,4,23,2,1,1,109
LMS000537,STU00027,2026-01-22,2,110,0,3,5,90
LMS000538,STU00027,2026-05-31,3,38,6,2,2,111
LMS000539,STU00027,2026-01-02,0,46,2,5,4,55
LMS000540,STU00027,2026-04-06,2,176,2,5,1,150
LMS000541,STU00028,2026-03-03,0,135,6,4,5,100
LMS000542,STU00028,2026-06-18,7,141,5,1,0,201
LMS000543,STU00028,2026-04-19,4,142,9,3,0,163
LMS000544,STU00028,2026-06-11,3,132,13,3,1,218
LMS000545,STU00028,2026-01-15,8,18,13,0,2,65
LMS000546,STU00028,2026-02-23,6,46,14,1,0,93
LMS000547,STU00028,2026-04-02,2,135,2,2,3,127
LMS000548,STU00028,2026-05-14,7,142,0,2,2,169
LMS000549,STU00028,2026-06-28,0,129,3,5,3,172
LMS000550,STU00028,2026-06-04,8,77,4,0,5,170
LMS000551,STU00028,2026-02-27,3,151,10,5,0,144
LMS000552,STU00028,2026-02-08,0,2,15,4,4,81
LMS000553,STU00028,2026-02-28,7,142,6,4,5,35
LMS000554,STU00028,2026-05-03,0,129,13,0,1,75
LMS000555,STU00028,2026-02-01,4,167,15,2,4,123
LMS000556,STU00028,2026-03-13,0,170,0,0,4,62
LMS000557,STU00028,2026-02-26,1,123,10,3,0,237
LMS000558,STU00028,2026-05-12,6,130,15,5,2,208
LMS000559,STU00028,2026-02-02,5,82,14,5,4,179
LMS000560,STU00028,2026-05-15,1,122,15,5,5,122
LMS000561,STU00029,2026-05-14,1,122,10,0,3,60
LMS000562,STU00029,2026-06-12,6,116,11,4,1,192
LMS000563,STU00029,2026-04-22,1,144,14,0,1,219
LMS000564,STU00029,2026-06-03,7,79,14,2,3,20
LMS000565,STU00029,2026-01-30,5,111,14,0,5,73
LMS000566,STU00029,2026-01-11,4,80,2,4,2,200
LMS000567,STU00029,2026-06-28,5,23,9,0,3,142
LMS000568,STU00029,2026-05-10,5,115,15,0,2,32
LMS000569,STU00029,2026-01-22,0,137,13,0,2,160
LMS000570,STU00029,2026-02-14,2,61,6,2,0,131
LMS000571,STU00029,2026-03-31,1,131,10,0,4,114
LMS000572,STU00029,2026-05-10,0,113,1,5,5,191
LMS000573,STU00029,2026-05-07,5,169,3,1,4,92
LMS000574,STU00029,2026-01-17,8,1,4,1,2,197
LMS000575,STU00029,2026-04-19,2,52,14,1,3,38
LMS000576,STU00029,2026-05-09,6,149,13,0,3,96
LMS000577,STU00029,2026-03-29,6,106,14,1,0,99
LMS000578,STU00029,2026-04-10,0,167,1,1,1,116
LMS000579,STU00029,2026-05-09,7,132,0,3,0,240
LMS000580,STU00029,2026-01-11,3,140,10,4,0,193
LMS000581,STU00030,2026-06-15,5,37,0,2,0,108
LMS000582,STU00030,2026-06-16,1,15,6,0,1,3
LMS000583,STU00030,2026-02-24,7,72,9,1,5,108
LMS000584,STU00030,2026-04-25,0,115,14,2,5,13
LMS000585,STU00030,2026-03-21,1,110,4,3,5,30
LMS000586,STU00030,2026-06-10,4,32,0,3,5,101
LMS000587,STU00030,2026-05-28,1,57,10,3,3,20
LMS000588,STU00030,2026-02-26,6,3,12,2,4,236
LMS000589,STU00030,2026-01-05,3,89,14,1,0,158
LMS000590,STU00030,2026-03-19,8,176,9,1,5,215
LMS000591,STU00030,2026-04-18,6,57,14,4,3,219
LMS000592,STU00030,2026-03-06,1,12,15,3,3,39
LMS000593,STU00030,2026-04-14,7,163,12,1,0,35
LMS000594,STU00030,2026-06-24,4,105,15,0,4,201
LMS000595,STU00030,2026-05-31,2,53,0,2,2,186
LMS000596,STU00030,2026-04-24,1,126,13,5,4,20
LMS000597,STU00030,2026-05-07,1,179,10,4,0,179
LMS000598,STU00030,2026-01-27,4,61,14,1,4,45
LMS000599,STU00030,2026-04-19,8,10,6,0,4,43
LMS000600,STU00030,2026-01-10,2,136,7,3,2,126
LMS000601,STU00031,2026-05-08,7,2,8,1,4,203
LMS000602,STU00031,2026-03-16,0,14,3,0,3,145
LMS000603,STU00031,2026-04-27,3,83,1,4,2,93
LMS000604,STU00031,2026-01-02,6,114,9,1,4,40
LMS000605,STU00031,2026-04-15,0,60,14,1,5,222
LMS000606,STU00031,2026-04-24,8,80,10,2,4,171
LMS000607,STU00031,2026-06-09,8,167,14,3,4,129
LMS000608,STU00031,2026-02-19,2,153,7,1,4,63
LMS000609,STU00031,2026-01-08,6,16,15,0,4,9
LMS000610,STU00031,2026-04-21,1,151,11,4,5,125
LMS000611,STU00031,2026-03-06,7,148,13,3,1,174
LMS000612,STU00031,2026-04-24,8,10,3,3,4,133
LMS000613,STU00031,2026-03-30,8,57,3,3,2,104
LMS000614,STU00031,2026-04-12,0,59,15,2,1,7
LMS000615,STU00031,2026-03-18,2,166,7,4,3,173
LMS000616,STU00031,2026-05-24,7,48,8,2,2,20
LMS000617,STU00031,2026-05-19,2,24,4,3,1,2
LMS000618,STU00031,2026-02-28,8,45,7,3,2,24
LMS000619,STU00031,2026-04-29,4,107,14,4,0,121
LMS000620,STU00031,2026-02-02,4,101,11,0,2,224
LMS000621,STU00032,2026-03-06,8,113,12,3,3,129
LMS000622,STU00032,2026-05-13,7,58,14,3,0,165
LMS000623,STU00032,2026-05-09,3,168,4,4,0,67
LMS000624,STU00032,2026-06-25,4,156,11,4,5,194
LMS000625,STU00032,2026-04-05,4,69,7,5,1,119
LMS000626,STU00032,2026-01-28,1,159,3,1,5,46
LMS000627,STU00032,2026-06-23,7,35,2,0,4,103
LMS000628,STU00032,2026-01-30,2,153,10,4,1,69
LMS000629,STU00032,2026-01-22,4,162,15,3,4,95
LMS000630,STU00032,2026-06-23,0,130,9,1,3,155
LMS000631,STU00032,2026-01-23,3,61,6,5,0,114
LMS000632,STU00032,2026-05-03,5,17,3,2,4,220
LMS000633,STU00032,2026-04-08,4,95,11,2,5,28
LMS000634,STU00032,2026-01-20,3,172,14,4,0,183
LMS000635,STU00032,2026-02-15,0,84,15,2,4,36
LMS000636,STU00032,2026-06-26,6,8,4,3,1,230
LMS000637,STU00032,2026-01-02,7,40,15,3,4,219
LMS000638,STU00032,2026-02-21,8,137,2,1,3,128
LMS000639,STU00032,2026-06-18,7,169,13,0,4,53
LMS000640,STU00032,2026-04-24,1,91,0,3,3,193
LMS000641,STU00033,2026-04-05,7,84,0,2,5,143
LMS000642,STU00033,2026-02-06,3,10,1,2,4,189
LMS000643,STU00033,2026-06-11,3,179,1,1,3,43
LMS000644,STU00033,2026-01-16,2,142,3,4,1,196
LMS000645,STU00033,2026-03-22,6,48,9,5,5,3
LMS000646,STU00033,2026-05-16,5,148,5,5,1,86
LMS000647,STU00033,2026-06-21,6,118,3,5,5,87
LMS000648,STU00033,2026-06-19,0,62,6,2,3,195
LMS000649,STU00033,2026-01-31,6,177,6,2,1,26
LMS000650,STU00033,2026-06-11,6,22,15,4,2,67
LMS000651,STU00033,2026-06-22,1,59,14,4,0,223
LMS000652,STU00033,2026-05-27,0,142,4,4,2,196
LMS000653,STU00033,2026-03-14,8,146,5,2,4,201
LMS000654,STU00033,2026-02-12,8,141,1,3,1,31
LMS000655,STU00033,2026-06-08,2,81,11,4,4,78
LMS000656,STU00033,2026-02-08,3,87,4,0,2,119
LMS000657,STU00033,2026-06-13,2,62,0,2,5,164
LMS000658,STU00033,2026-04-24,2,78,1,1,1,70
LMS000659,STU00033,2026-02-13,6,49,5,2,2,142
LMS000660,STU00033,2026-06-20,5,121,13,2,4,75
LMS000661,STU00034,2026-03-26,0,131,11,5,0,183
LMS000662,STU00034,2026-02-01,1,111,2,4,1,116
LMS000663,STU00034,2026-03-26,4,35,15,0,0,203
LMS000664,STU00034,2026-06-28,3,97,8,5,5,70
LMS000665,STU00034,2026-04-16,2,67,0,4,1,21
LMS000666,STU00034,2026-02-27,0,87,4,4,3,234
LMS000667,STU00034,2026-02-07,0,1,2,2,0,129
LMS000668,STU00034,2026-01-29,4,48,12,1,5,65
LMS000669,STU00034,2026-03-24,5,60,1,3,5,213
LMS000670,STU00034,2026-05-03,5,1,8,2,4,53
LMS000671,STU00034,2026-06-18,1,60,3,0,5,107
LMS000672,STU00034,2026-04-09,0,33,1,3,0,209
LMS000673,STU00034,2026-06-15,4,51,3,4,2,41
LMS000674,STU00034,2026-06-23,3,59,0,3,3,209
LMS000675,STU00034,2026-05-09,6,64,13,4,2,71
LMS000676,STU00034,2026-05-22,5,55,15,4,5,164
LMS000677,STU00034,2026-06-09,8,12,9,3,0,55
LMS000678,STU00034,2026-05-20,5,150,7,2,0,42
LMS000679,STU00034,2026-02-18,1,31,3,2,4,141
LMS000680,STU00034,2026-02-02,1,77,2,4,1,183
LMS000681,STU00035,2026-02-19,3,94,11,3,0,87
LMS000682,STU00035,2026-03-31,3,177,4,4,5,90
LMS000683,STU00035,2026-01-12,4,89,15,0,4,172
LMS000684,STU00035,2026-05-02,2,94,1,0,4,93
LMS000685,STU00035,2026-04-26,5,162,6,3,2,211
LMS000686,STU00035,2026-04-17,3,108,4,1,5,64
LMS000687,STU00035,2026-03-23,7,49,0,3,5,52
LMS000688,STU00035,2026-03-14,5,112,4,0,0,4
LMS000689,STU00035,2026-05-25,0,112,14,3,4,202
LMS000690,STU00035,2026-02-05,8,91,4,4,2,120
LMS000691,STU00035,2026-01-02,5,53,1,2,1,18
LMS000692,STU00035,2026-01-13,6,68,6,2,3,23
LMS000693,STU00035,2026-02-27,8,17,3,2,4,143
LMS000694,STU00035,2026-04-05,8,3,11,0,1,5
LMS000695,STU00035,2026-03-07,0,120,7,1,0,210
LMS000696,STU00035,2026-01-07,6,117,13,3,4,48
LMS000697,STU00035,2026-04-11,5,94,8,4,1,199
LMS000698,STU00035,2026-02-28,1,91,7,5,4,22
LMS000699,STU00035,2026-06-19,4,142,1,4,3,168
LMS000700,STU00035,2026-05-19,4,6,6,3,2,222
LMS000701,STU00036,2026-05-06,3,166,3,3,4,232
LMS000702,STU00036,2026-02-17,0,0,11,5,2,126
LMS000703,STU00036,2026-04-28,6,156,9,5,2,75
LMS000704,STU00036,2026-04-19,5,49,12,0,4,141
LMS000705,STU00036,2026-03-16,3,64,15,2,3,192
LMS000706,STU00036,2026-05-19,3,144,8,5,1,218
LMS000707,STU00036,2026-06-09,0,36,7,3,2,127
LMS000708,STU00036,2026-02-04,2,179,2,1,3,166
LMS000709,STU00036,2026-01-24,4,140,10,4,3,153
LMS000710,STU00036,2026-01-25,5,1,10,5,1,56
LMS000711,STU00036,2026-04-13,5,127,2,5,5,78
LMS000712,STU00036,2026-02-12,1,52,0,3,0,105
LMS000713,STU00036,2026-04-13,4,125,12,0,0,158
LMS000714,STU00036,2026-04-19,6,13,9,3,4,185
LMS000715,STU00036,2026-04-09,7,57,10,3,5,150
LMS000716,STU00036,2026-05-20,6,54,12,3,4,210
LMS000717,STU00036,2026-05-31,3,127,9,4,3,16
LMS000718,STU00036,2026-03-02,8,46,1,0,0,3
LMS000719,STU00036,2026-03-31,6,118,11,0,2,161
LMS000720,STU00036,2026-03-04,4,136,9,2,3,102
LMS000721,STU00037,2026-02-13,6,136,8,0,2,12
LMS000722,STU00037,2026-05-12,4,63,6,3,2,114
LMS000723,STU00037,2026-03-11,8,62,14,0,3,155
LMS000724,STU00037,2026-06-21,3,63,10,1,2,203
LMS000725,STU00037,2026-04-23,8,107,15,5,3,20
LMS000726,STU00037,2026-03-26,8,26,13,3,0,140
LMS000727,STU00037,2026-03-26,8,103,1,2,4,133
LMS000728,STU00037,2026-02-07,2,127,8,5,4,194
LMS000729,STU00037,2026-04-10,1,96,3,2,3,157
LMS000730,STU00037,2026-01-23,3,125,8,2,2,88
LMS000731,STU00037,2026-01-18,5,142,8,5,3,101
LMS000732,STU00037,2026-03-14,6,131,10,0,0,94
LMS000733,STU00037,2026-01-25,8,159,10,5,5,81
LMS000734,STU00037,2026-05-27,0,118,3,2,4,202
LMS000735,STU00037,2026-04-26,3,77,2,2,5,183
LMS000736,STU00037,2026-01-16,4,32,6,2,4,0
LMS000737,STU00037,2026-01-11,3,165,1,5,0,90
LMS000738,STU00037,2026-02-06,2,159,10,3,5,232
LMS000739,STU00037,2026-06-20,5,72,8,0,2,227
LMS000740,STU00037,2026-04-23,5,6,11,5,3,55
LMS000741,STU00038,2026-06-17,1,7,13,3,2,50
LMS000742,STU00038,2026-01-13,6,141,15,0,5,91
LMS000743,STU00038,2026-04-16,8,57,0,5,1,206
LMS000744,STU00038,2026-04-06,3,150,7,5,2,72
LMS000745,STU00038,2026-06-25,1,102,2,4,2,228
LMS000746,STU00038,2026-04-22,3,63,10,2,4,44
LMS000747,STU00038,2026-01-16,3,62,3,2,0,81
LMS000748,STU00038,2026-02-19,7,167,0,0,5,27
LMS000749,STU00038,2026-03-11,3,71,10,1,5,79
LMS000750,STU00038,2026-01-17,5,27,11,2,4,45
LMS000751,STU00038,2026-06-19,1,3,5,1,5,97
LMS000752,STU00038,2026-03-19,0,61,4,1,4,211
LMS000753,STU00038,2026-06-26,1,160,13,1,4,49
LMS000754,STU00038,2026-01-09,5,175,10,1,2,33
LMS000755,STU00038,2026-04-22,2,106,2,0,2,108
LMS000756,STU00038,2026-06-26,8,19,6,4,5,38
LMS000757,STU00038,2026-03-10,0,138,6,5,4,18
LMS000758,STU00038,2026-03-06,0,144,4,2,2,201
LMS000759,STU00038,2026-05-30,1,70,5,3,1,96
LMS000760,STU00038,2026-02-28,2,6,10,0,5,204
LMS000761,STU00039,2026-03-26,6,96,14,5,1,219
LMS000762,STU00039,2026-06-27,1,118,4,5,0,179
LMS000763,STU00039,2026-01-13,0,46,4,4,1,0
LMS000764,STU00039,2026-03-30,5,8,3,4,4,218
LMS000765,STU00039,2026-02-27,0,8,5,4,5,193
LMS000766,STU00039,2026-04-04,6,53,6,4,3,0
LMS000767,STU00039,2026-06-23,5,176,1,4,0,224
LMS000768,STU00039,2026-05-17,3,104,0,1,5,129
LMS000769,STU00039,2026-03-02,1,161,12,5,5,81
LMS000770,STU00039,2026-06-16,8,113,5,5,3,158
LMS000771,STU00039,2026-06-07,2,176,10,2,2,12
LMS000772,STU00039,2026-03-11,0,149,3,2,2,155
LMS000773,STU00039,2026-04-17,6,79,11,1,3,58
LMS000774,STU00039,2026-03-21,4,5,14,4,4,47
LMS000775,STU00039,2026-04-12,4,162,13,4,2,123
LMS000776,STU00039,2026-06-16,8,179,0,5,2,215
LMS000777,STU00039,2026-01-06,3,78,6,5,5,89
LMS000778,STU00039,2026-02-04,6,12,9,3,4,66
LMS000779,STU00039,2026-06-16,0,103,0,1,2,92
LMS000780,STU00039,2026-02-16,6,144,5,4,3,99
LMS000781,STU00040,2026-03-09,7,141,12,2,0,172
LMS000782,STU00040,2026-02-04,6,69,13,0,2,68
LMS000783,STU00040,2026-03-15,5,9,2,2,2,21
LMS000784,STU00040,2026-03-25,5,119,14,1,0,102
LMS000785,STU00040,2026-06-28,1,170,3,4,4,12
LMS000786,STU00040,2026-04-23,8,132,15,5,0,214
LMS000787,STU00040,2026-05-07,0,125,15,3,3,206
LMS000788,STU00040,2026-04-19,1,149,4,1,4,130
LMS000789,STU00040,2026-03-27,5,27,13,1,0,104
LMS000790,STU00040,2026-05-08,5,128,13,3,2,104
LMS000791,STU00040,2026-02-05,7,179,5,3,3,196
LMS000792,STU00040,2026-03-24,3,21,15,1,5,130
LMS000793,STU00040,2026-01-10,0,55,0,0,1,232
LMS000794,STU00040,2026-04-27,1,148,9,5,4,102
LMS000795,STU00040,2026-06-08,6,15,3,0,4,156
LMS000796,STU00040,2026-02-21,3,0,8,0,2,131
LMS000797,STU00040,2026-05-01,0,41,14,2,1,237
LMS000798,STU00040,2026-04-21,4,3,8,2,2,120
LMS000799,STU00040,2026-06-21,0,150,10,3,5,57
LMS000800,STU00040,2026-03-12,7,167,4,2,2,58
LMS000801,STU00041,2026-03-19,5,113,8,1,5,133
LMS000802,STU00041,2026-06-30,3,59,9,4,1,209
LMS000803,STU00041,2026-05-03,7,152,7,5,1,124
LMS000804,STU00041,2026-03-07,1,156,14,0,4,207
LMS000805,STU00041,2026-03-17,5,41,9,0,4,220
LMS000806,STU00041,2026-03-21,5,106,2,2,4,62
LMS000807,STU00041,2026-01-05,8,95,1,5,5,63
LMS000808,STU00041,2026-03-04,2,58,13,1,4,114
LMS000809,STU00041,2026-03-29,8,74,10,5,5,9
LMS000810,STU00041,2026-04-30,0,122,3,2,2,1
LMS000811,STU00041,2026-04-23,7,176,2,4,3,83
LMS000812,STU00041,2026-06-04,6,176,2,0,0,151
LMS000813,STU00041,2026-04-02,2,177,14,0,1,72
LMS000814,STU00041,2026-01-31,1,32,10,0,0,39
LMS000815,STU00041,2026-01-22,3,110,2,3,2,77
LMS000816,STU00041,2026-05-03,0,88,13,4,2,13
LMS000817,STU00041,2026-06-15,3,42,5,2,2,56
LMS000818,STU00041,2026-01-26,3,34,6,2,0,23
LMS000819,STU00041,2026-06-21,8,151,6,5,1,207
LMS000820,STU00041,2026-02-19,0,82,2,0,0,240
LMS000821,STU00042,2026-04-15,5,124,13,3,3,155
LMS000822,STU00042,2026-03-31,0,112,9,1,2,237
LMS000823,STU00042,2026-05-19,8,21,13,4,5,231
LMS000824,STU00042,2026-06-15,7,157,6,2,2,144
LMS000825,STU00042,2026-06-05,5,40,5,3,0,63
LMS000826,STU00042,2026-02-07,8,151,2,4,4,213
LMS000827,STU00042,2026-02-01,2,109,10,2,2,203
LMS000828,STU00042,2026-04-13,0,161,9,4,3,174
LMS000829,STU00042,2026-02-05,0,111,1,2,2,46
LMS000830,STU00042,2026-06-17,0,40,5,1,0,158
LMS000831,STU00042,2026-01-28,7,93,8,5,4,69
LMS000832,STU00042,2026-06-07,5,162,7,2,2,235
LMS000833,STU00042,2026-04-30,0,44,2,1,2,50
LMS000834,STU00042,2026-02-19,6,100,4,3,3,131
LMS000835,STU00042,2026-01-19,1,158,0,0,3,20
LMS000836,STU00042,2026-05-29,2,69,6,4,4,231
LMS000837,STU00042,2026-06-21,6,0,7,3,1,229
LMS000838,STU00042,2026-06-18,4,163,1,4,1,33
LMS000839,STU00042,2026-01-25,5,37,6,2,1,187
LMS000840,STU00042,2026-05-21,3,126,11,4,4,210
LMS000841,STU00043,2026-06-06,2,134,9,0,0,112
LMS000842,STU00043,2026-02-21,0,174,8,1,5,139
LMS000843,STU00043,2026-02-28,4,36,4,1,1,193
LMS000844,STU00043,2026-03-13,3,116,15,0,2,32
LMS000845,STU00043,2026-03-02,0,23,1,2,4,228
LMS000846,STU00043,2026-06-27,6,110,6,5,4,5
LMS000847,STU00043,2026-06-28,4,128,6,1,5,222
LMS000848,STU00043,2026-02-26,6,143,2,3,3,82
LMS000849,STU00043,2026-06-14,4,34,3,2,4,27
LMS000850,STU00043,2026-04-26,2,167,8,3,3,164
LMS000851,STU00043,2026-01-16,0,127,1,2,0,197
LMS000852,STU00043,2026-06-18,8,54,11,4,3,191
LMS000853,STU00043,2026-03-01,0,143,4,0,2,84
LMS000854,STU00043,2026-06-21,5,112,9,5,1,115
LMS000855,STU00043,2026-05-03,6,175,11,1,0,118
LMS000856,STU00043,2026-04-23,1,179,10,1,1,133
LMS000857,STU00043,2026-06-27,6,175,2,5,1,150
LMS000858,STU00043,2026-02-10,6,54,7,4,4,79
LMS000859,STU00043,2026-04-22,8,58,9,3,2,221
LMS000860,STU00043,2026-02-09,0,161,7,2,0,217
LMS000861,STU00044,2026-06-27,1,112,0,0,0,11
LMS000862,STU00044,2026-06-05,3,19,2,3,3,27
LMS000863,STU00044,2026-05-18,4,27,1,3,3,140
LMS000864,STU00044,2026-05-09,2,118,7,4,4,162
LMS000865,STU00044,2026-03-12,5,73,13,4,5,186
LMS000866,STU00044,2026-02-23,2,92,6,4,5,31
LMS000867,STU00044,2026-01-13,5,96,7,1,2,8
LMS000868,STU00044,2026-02-21,0,145,7,2,4,217
LMS000869,STU00044,2026-06-18,4,151,6,0,4,237
LMS000870,STU00044,2026-05-22,6,72,0,4,0,72
LMS000871,STU00044,2026-03-24,7,145,5,1,3,99
LMS000872,STU00044,2026-01-17,5,73,4,2,4,133
LMS000873,STU00044,2026-02-20,8,128,2,3,5,170
LMS000874,STU00044,2026-03-23,8,85,13,3,3,118
LMS000875,STU00044,2026-06-03,6,6,11,3,4,210
LMS000876,STU00044,2026-01-15,6,125,7,4,1,145
LMS000877,STU00044,2026-01-01,8,109,3,0,5,160
LMS000878,STU00044,2026-04-27,3,116,7,1,1,31
LMS000879,STU00044,2026-04-24,6,99,7,4,0,121
LMS000880,STU00044,2026-02-03,2,4,10,5,1,132
LMS000881,STU00045,2026-06-25,5,109,1,2,4,49
LMS000882,STU00045,2026-06-20,2,142,10,4,4,72
LMS000883,STU00045,2026-01-26,3,132,8,3,4,212
LMS000884,STU00045,2026-01-15,1,8,4,1,3,104
LMS000885,STU00045,2026-03-20,4,112,2,1,1,111
LMS000886,STU00045,2026-05-12,2,69,15,5,0,92
LMS000887,STU00045,2026-02-20,7,165,7,0,3,196
LMS000888,STU00045,2026-04-04,0,97,13,3,4,7
LMS000889,STU00045,2026-06-15,8,34,1,0,4,126
LMS000890,STU00045,2026-02-09,6,74,2,4,5,215
LMS000891,STU00045,2026-05-23,6,76,15,2,2,99
LMS000892,STU00045,2026-03-11,2,114,10,2,3,191
LMS000893,STU00045,2026-04-12,0,139,12,4,1,85
LMS000894,STU00045,2026-04-10,5,129,2,0,5,204
LMS000895,STU00045,2026-03-25,2,56,15,2,0,72
LMS000896,STU00045,2026-01-08,8,146,0,1,4,205
LMS000897,STU00045,2026-06-09,8,90,7,2,2,23
LMS000898,STU00045,2026-01-26,1,171,10,0,5,87
LMS000899,STU00045,2026-06-15,7,81,14,0,0,135
LMS000900,STU00045,2026-02-22,0,18,7,4,3,185
LMS000901,STU00046,2026-06-30,5,32,8,2,1,211
LMS000902,STU00046,2026-06-13,4,176,13,2,5,62
LMS000903,STU00046,2026-02-28,2,175,15,3,1,224
LMS000904,STU00046,2026-04-28,4,61,10,2,1,164
LMS000905,STU00046,2026-01-26,1,35,11,4,0,147
LMS000906,STU00046,2026-03-05,6,151,2,4,1,231
LMS000907,STU00046,2026-02-15,1,60,8,5,0,69
LMS000908,STU00046,2026-03-10,3,139,6,5,2,128
LMS000909,STU00046,2026-02-04,3,92,0,4,0,23
LMS000910,STU00046,2026-04-19,6,56,4,3,0,33
LMS000911,STU00046,2026-01-13,8,111,13,0,3,58
LMS000912,STU00046,2026-06-02,8,139,4,4,3,127
LMS000913,STU00046,2026-05-17,6,14,4,0,1,169
LMS000914,STU00046,2026-02-10,3,25,2,0,4,3
LMS000915,STU00046,2026-03-18,6,114,7,1,3,124
LMS000916,STU00046,2026-04-28,0,143,8,3,2,224
LMS000917,STU00046,2026-03-21,7,96,6,2,5,33
LMS000918,STU00046,2026-06-26,5,107,2,2,1,193
LMS000919,STU00046,2026-04-02,1,36,8,0,2,92
LMS000920,STU00046,2026-01-06,0,43,6,0,2,143
LMS000921,STU00047,2026-03-23,1,62,1,3,0,207
LMS000922,STU00047,2026-01-02,8,114,0,2,5,0
LMS000923,STU00047,2026-06-24,3,119,4,5,1,71
LMS000924,STU00047,2026-03-05,6,28,15,3,4,105
LMS000925,STU00047,2026-02-04,4,76,7,2,2,181
LMS000926,STU00047,2026-03-14,7,15,0,3,0,49
LMS000927,STU00047,2026-03-30,1,70,14,3,1,101
LMS000928,STU00047,2026-06-02,4,128,13,4,4,96
LMS000929,STU00047,2026-01-30,7,112,6,2,4,39
LMS000930,STU00047,2026-06-30,6,65,12,4,3,41
LMS000931,STU00047,2026-06-09,1,137,13,3,4,98
LMS000932,STU00047,2026-01-15,7,14,6,0,0,87
LMS000933,STU00047,2026-05-07,3,132,6,4,4,117
LMS000934,STU00047,2026-02-15,0,45,12,2,3,168
LMS000935,STU00047,2026-01-20,8,130,11,5,1,58
LMS000936,STU00047,2026-01-01,4,69,0,1,1,96
LMS000937,STU00047,2026-04-08,1,38,7,0,4,185
LMS000938,STU00047,2026-03-04,5,5,7,5,0,104
LMS000939,STU00047,2026-04-26,1,26,1,2,1,151
LMS000940,STU00047,2026-04-16,1,102,10,5,0,227
LMS000941,STU00048,2026-05-09,3,61,8,2,5,177
LMS000942,STU00048,2026-02-28,3,118,9,5,5,115
LMS000943,STU00048,2026-05-28,5,102,6,4,1,17
LMS000944,STU00048,2026-04-15,4,126,12,1,2,153
LMS000945,STU00048,2026-01-05,8,78,12,4,5,192
LMS000946,STU00048,2026-01-04,2,131,9,2,5,223
LMS000947,STU00048,2026-05-14,7,172,0,5,1,124
LMS000948,STU00048,2026-06-05,6,85,15,5,0,239
LMS000949,STU00048,2026-04-01,3,6,8,5,1,141
LMS000950,STU00048,2026-05-23,7,22,12,4,0,146
LMS000951,STU00048,2026-05-16,8,42,15,1,1,198
LMS000952,STU00048,2026-04-04,8,133,4,3,3,66
LMS000953,STU00048,2026-06-20,4,160,1,4,4,205
LMS000954,STU00048,2026-04-13,4,86,15,0,0,85
LMS000955,STU00048,2026-01-23,3,133,14,3,5,96
LMS000956,STU00048,2026-01-22,1,110,7,0,5,9
LMS000957,STU00048,2026-05-07,0,140,9,3,2,66
LMS000958,STU00048,2026-06-18,3,25,1,1,0,144
LMS000959,STU00048,2026-01-29,1,87,11,0,3,107
LMS000960,STU00048,2026-03-08,3,74,8,0,3,28
LMS000961,STU00049,2026-06-01,7,133,2,5,5,164
LMS000962,STU00049,2026-04-09,3,147,9,0,1,57
LMS000963,STU00049,2026-01-16,1,170,0,2,3,139
LMS000964,STU00049,2026-02-22,3,21,2,1,5,160
LMS000965,STU00049,2026-05-25,6,131,8,5,5,85
LMS000966,STU00049,2026-06-23,3,104,5,4,1,155
LMS000967,STU00049,2026-01-05,2,26,13,3,2,228
LMS000968,STU00049,2026-03-10,3,69,7,3,1,73
LMS000969,STU00049,2026-02-22,2,102,4,5,4,43
LMS000970,STU00049,2026-04-13,1,24,10,5,3,174
LMS000971,STU00049,2026-04-24,3,77,11,5,5,233
LMS000972,STU00049,2026-04-05,8,8,1,0,0,75
LMS000973,STU00049,2026-02-24,7,61,8,2,4,42
LMS000974,STU00049,2026-06-01,7,49,12,1,0,91
LMS000975,STU00049,2026-05-24,4,127,0,4,4,177
LMS000976,STU00049,2026-04-11,5,4,10,0,4,60
LMS000977,STU00049,2026-05-26,8,159,7,5,3,73
LMS000978,STU00049,2026-06-13,2,36,11,2,0,33
LMS000979,STU00049,2026-03-26,2,167,3,1,1,47
LMS000980,STU00049,2026-03-14,7,106,9,5,3,73
LMS000981,STU00050,2026-02-10,8,176,6,1,0,65
LMS000982,STU00050,2026-05-31,1,101,14,1,4,196
LMS000983,STU00050,2026-03-16,2,109,0,2,3,137
LMS000984,STU00050,2026-04-30,0,110,15,4,4,69
LMS000985,STU00050,2026-03-06,0,92,11,4,2,102
LMS000986,STU00050,2026-04-04,0,53,14,3,2,149
LMS000987,STU00050,2026-04-12,0,86,4,3,4,38
LMS000988,STU00050,2026-02-12,8,86,6,3,0,203
LMS000989,STU00050,2026-04-08,0,108,5,3,0,141
LMS000990,STU00050,2026-02-13,7,37,4,4,2,119
LMS000991,STU00050,2026-02-08,5,41,14,5,5,7
LMS000992,STU00050,2026-05-05,8,70,12,0,3,125
LMS000993,STU00050,2026-03-02,7,137,3,5,0,152
LMS000994,STU00050,2026-04-01,2,129,11,4,4,22
LMS000995,STU00050,2026-06-28,0,81,9,1,3,43
LMS000996,STU00050,2026-02-24,2,146,0,1,1,9
LMS000997,STU00050,2026-03-17,5,92,10,4,5,183
LMS000998,STU00050,2026-06-07,8,131,11,0,2,161
LMS000999,STU00050,2026-01-14,0,32,6,2,5,146
LMS001000,STU00050,2026-05-18,6,27,3,5,1,240
LMS001001,STU00051,2026-04-28,8,110,10,1,3,200
LMS001002,STU00051,2026-06-14,1,78,4,2,4,84
LMS001003,STU00051,2026-04-19,2,130,13,0,5,10
LMS001004,STU00051,2026-02-03,6,145,13,4,2,90
LMS001005,STU00051,2026-05-02,4,110,0,4,5,25
LMS001006,STU00051,2026-03-25,7,129,7,3,2,185
LMS001007,STU00051,2026-03-12,7,159,5,5,2,216
LMS001008,STU00051,2026-02-19,3,79,9,3,2,185
LMS001009,STU00051,2026-06-17,5,101,15,1,3,56
LMS001010,STU00051,2026-01-23,5,111,2,0,5,162
LMS001011,STU00051,2026-06-05,6,106,11,4,4,152
LMS001012,STU00051,2026-05-12,2,99,14,3,4,78
LMS001013,STU00051,2026-04-13,7,101,14,3,1,133
LMS001014,STU00051,2026-04-22,7,139,2,4,5,223
LMS001015,STU00051,2026-04-23,1,152,15,3,4,150
LMS001016,STU00051,2026-01-01,5,118,3,5,4,165
LMS001017,STU00051,2026-04-13,4,98,8,3,1,72
LMS001018,STU00051,2026-01-20,1,74,12,5,3,234
LMS001019,STU00051,2026-03-24,0,119,6,3,0,26
LMS001020,STU00051,2026-01-06,8,161,12,4,3,50
LMS001021,STU00052,2026-01-30,2,140,0,4,3,141
LMS001022,STU00052,2026-02-02,6,152,15,4,4,206
LMS001023,STU00052,2026-02-18,5,79,14,2,5,3
LMS001024,STU00052,2026-02-20,4,10,5,0,3,178
LMS001025,STU00052,2026-02-22,8,26,4,1,2,91
LMS001026,STU00052,2026-03-10,2,165,0,0,4,24
LMS001027,STU00052,2026-04-08,3,96,14,3,3,80
LMS001028,STU00052,2026-03-15,6,2,13,4,4,5
LMS001029,STU00052,2026-06-05,7,139,11,0,2,88
LMS001030,STU00052,2026-03-15,4,26,15,2,2,38
LMS001031,STU00052,2026-05-15,4,81,4,5,1,50
LMS001032,STU00052,2026-05-01,8,125,11,3,2,194
LMS001033,STU00052,2026-04-27,4,92,15,3,4,182
LMS001034,STU00052,2026-01-06,7,179,15,1,4,114
LMS001035,STU00052,2026-04-06,0,94,6,0,5,213
LMS001036,STU00052,2026-01-16,6,168,11,4,1,111
LMS001037,STU00052,2026-04-18,1,23,12,5,1,86
LMS001038,STU00052,2026-01-15,5,125,6,5,5,195
LMS001039,STU00052,2026-03-23,5,87,10,0,1,24
LMS001040,STU00052,2026-01-18,8,162,4,4,4,181
LMS001041,STU00053,2026-02-15,6,75,9,4,2,94
LMS001042,STU00053,2026-06-11,0,82,3,5,0,190
LMS001043,STU00053,2026-03-20,0,164,13,1,0,130
LMS001044,STU00053,2026-02-14,5,168,2,1,1,113
LMS001045,STU00053,2026-01-20,2,153,5,0,0,226
LMS001046,STU00053,2026-03-04,8,2,11,4,4,118
LMS001047,STU00053,2026-01-18,7,97,6,4,0,79
LMS001048,STU00053,2026-01-08,3,141,0,3,5,170
LMS001049,STU00053,2026-03-14,8,114,3,5,2,201
LMS001050,STU00053,2026-05-20,7,12,8,2,1,116
LMS001051,STU00053,2026-01-22,8,159,10,0,2,224
LMS001052,STU00053,2026-04-26,7,10,6,4,4,221
LMS001053,STU00053,2026-03-24,3,138,6,1,1,19
LMS001054,STU00053,2026-03-14,3,138,11,0,4,110
LMS001055,STU00053,2026-01-11,7,133,7,4,2,49
LMS001056,STU00053,2026-06-10,2,164,0,4,0,125
LMS001057,STU00053,2026-06-06,5,16,11,1,1,220
LMS001058,STU00053,2026-03-24,2,113,6,5,2,122
LMS001059,STU00053,2026-03-21,2,21,7,5,2,239
LMS001060,STU00053,2026-04-02,4,17,7,0,0,167
LMS001061,STU00054,2026-06-14,8,58,10,2,5,155
LMS001062,STU00054,2026-02-18,5,19,1,2,1,90
LMS001063,STU00054,2026-03-25,0,146,10,3,5,173
LMS001064,STU00054,2026-05-04,5,120,6,4,2,197
LMS001065,STU00054,2026-04-17,8,63,8,4,2,224
LMS001066,STU00054,2026-04-02,3,164,5,1,0,215
LMS001067,STU00054,2026-05-16,6,20,12,1,2,123
LMS001068,STU00054,2026-05-24,1,12,10,0,4,202
LMS001069,STU00054,2026-04-29,1,83,15,4,5,210
LMS001070,STU00054,2026-01-25,1,21,0,1,0,168
LMS001071,STU00054,2026-01-09,6,73,10,2,2,21
LMS001072,STU00054,2026-05-16,7,129,12,1,1,77
LMS001073,STU00054,2026-04-02,7,158,5,3,4,156
LMS001074,STU00054,2026-03-20,7,112,3,2,5,9
LMS001075,STU00054,2026-05-05,1,43,1,5,4,13
LMS001076,STU00054,2026-05-17,8,174,1,5,5,117
LMS001077,STU00054,2026-03-04,4,174,9,4,4,175
LMS001078,STU00054,2026-03-01,2,18,5,3,2,233
LMS001079,STU00054,2026-01-12,2,165,2,2,4,170
LMS001080,STU00054,2026-03-05,6,117,12,1,3,98
LMS001081,STU00055,2026-02-04,1,68,0,2,1,234
LMS001082,STU00055,2026-04-13,4,124,8,1,4,42
LMS001083,STU00055,2026-03-03,5,85,3,3,4,106
LMS001084,STU00055,2026-05-11,7,117,12,2,3,86
LMS001085,STU00055,2026-06-16,4,69,8,3,1,31
LMS001086,STU00055,2026-05-31,1,86,15,0,5,198
LMS001087,STU00055,2026-01-01,6,88,0,4,5,233
LMS001088,STU00055,2026-01-30,1,158,5,1,0,179
LMS001089,STU00055,2026-01-07,3,63,8,0,2,229
LMS001090,STU00055,2026-06-17,0,123,9,3,2,188
LMS001091,STU00055,2026-06-06,0,108,9,2,4,152
LMS001092,STU00055,2026-03-06,5,65,10,2,5,202
LMS001093,STU00055,2026-05-12,0,62,9,1,1,75
LMS001094,STU00055,2026-06-10,2,123,1,2,3,107
LMS001095,STU00055,2026-02-15,1,54,4,1,2,118
LMS001096,STU00055,2026-05-16,2,150,13,5,4,180
LMS001097,STU00055,2026-05-06,8,179,14,2,5,137
LMS001098,STU00055,2026-05-06,8,150,11,4,0,72
LMS001099,STU00055,2026-04-17,7,60,15,2,4,104
LMS001100,STU00055,2026-04-24,5,58,2,2,4,230
LMS001101,STU00056,2026-05-12,8,143,14,0,5,70
LMS001102,STU00056,2026-01-18,6,149,1,3,0,41
LMS001103,STU00056,2026-03-07,0,65,12,2,4,137
LMS001104,STU00056,2026-04-05,8,38,14,2,4,232
LMS001105,STU00056,2026-01-04,4,36,5,3,4,138
LMS001106,STU00056,2026-03-23,7,156,8,1,5,79
LMS001107,STU00056,2026-02-23,1,152,5,1,5,165
LMS001108,STU00056,2026-04-03,0,36,9,3,0,95
LMS001109,STU00056,2026-02-13,2,103,9,5,4,240
LMS001110,STU00056,2026-06-04,4,106,1,2,3,135
LMS001111,STU00056,2026-04-15,1,163,7,3,3,224
LMS001112,STU00056,2026-03-21,6,73,12,5,0,188
LMS001113,STU00056,2026-03-24,2,169,4,0,3,89
LMS001114,STU00056,2026-01-14,5,58,0,2,1,195
LMS001115,STU00056,2026-06-30,5,35,6,3,5,195
LMS001116,STU00056,2026-02-05,1,120,13,3,2,236
LMS001117,STU00056,2026-01-27,3,79,13,2,5,43
LMS001118,STU00056,2026-04-21,5,59,11,4,5,106
LMS001119,STU00056,2026-06-13,2,30,5,0,3,152
LMS001120,STU00056,2026-03-27,5,99,5,3,3,226
LMS001121,STU00057,2026-01-02,8,69,6,5,1,6
LMS001122,STU00057,2026-01-12,3,41,11,3,5,191
LMS001123,STU00057,2026-06-16,0,58,9,2,0,175
LMS001124,STU00057,2026-01-20,8,103,11,1,5,132
LMS001125,STU00057,2026-01-24,0,148,15,1,2,1
LMS001126,STU00057,2026-01-10,1,116,11,5,0,186
LMS001127,STU00057,2026-04-07,1,90,11,3,0,126
LMS001128,STU00057,2026-03-26,7,38,8,2,1,148
LMS001129,STU00057,2026-03-12,1,46,3,0,1,128
LMS001130,STU00057,2026-06-10,8,47,10,3,0,7
LMS001131,STU00057,2026-01-25,3,108,12,3,5,236
LMS001132,STU00057,2026-05-24,5,156,9,1,5,209
LMS001133,STU00057,2026-04-08,2,68,14,1,2,2
LMS001134,STU00057,2026-01-22,6,70,12,2,2,198
LMS001135,STU00057,2026-05-13,8,105,13,4,0,198
LMS001136,STU00057,2026-02-25,8,62,15,1,5,147
LMS001137,STU00057,2026-02-26,2,84,11,5,5,16
LMS001138,STU00057,2026-04-23,6,154,1,5,2,18
LMS001139,STU00057,2026-01-09,1,128,15,0,4,224
LMS001140,STU00057,2026-06-01,2,77,6,3,3,10
LMS001141,STU00058,2026-04-29,2,24,0,3,4,109
LMS001142,STU00058,2026-05-19,5,77,12,2,4,77
LMS001143,STU00058,2026-06-30,4,56,7,0,5,196
LMS001144,STU00058,2026-01-20,6,65,6,2,5,236
LMS001145,STU00058,2026-01-06,4,92,15,5,5,229
LMS001146,STU00058,2026-01-30,7,73,1,3,3,60
LMS001147,STU00058,2026-03-20,7,72,0,2,4,227
LMS001148,STU00058,2026-02-10,1,143,7,3,0,195
LMS001149,STU00058,2026-01-18,5,154,8,3,4,135
LMS001150,STU00058,2026-04-15,5,122,13,3,0,34
LMS001151,STU00058,2026-05-06,7,157,14,3,2,230
LMS001152,STU00058,2026-01-20,5,173,8,4,1,11
LMS001153,STU00058,2026-05-27,0,172,2,4,0,149
LMS001154,STU00058,2026-03-22,2,78,15,0,1,208
LMS001155,STU00058,2026-01-29,6,39,2,0,5,188
LMS001156,STU00058,2026-01-19,1,174,2,5,5,114
LMS001157,STU00058,2026-03-07,6,166,8,1,2,133
LMS001158,STU00058,2026-02-04,0,23,15,5,2,117
LMS001159,STU00058,2026-06-05,1,146,1,1,0,14
LMS001160,STU00058,2026-06-21,8,83,15,4,5,188
LMS001161,STU00059,2026-03-05,1,122,2,2,0,59
LMS001162,STU00059,2026-06-24,1,144,6,2,4,107
LMS001163,STU00059,2026-03-30,0,159,9,5,1,139
LMS001164,STU00059,2026-06-14,2,176,7,4,3,112
LMS001165,STU00059,2026-06-09,4,151,3,1,4,199
LMS001166,STU00059,2026-01-07,3,56,6,2,3,94
LMS001167,STU00059,2026-05-05,5,107,8,1,4,231
LMS001168,STU00059,2026-05-28,8,42,13,3,4,19
LMS001169,STU00059,2026-06-27,7,35,14,5,0,78
LMS001170,STU00059,2026-01-09,6,127,7,5,1,11
LMS001171,STU00059,2026-01-06,5,28,1,5,4,44
LMS001172,STU00059,2026-01-05,7,48,4,0,0,117
LMS001173,STU00059,2026-04-09,1,66,14,5,3,20
LMS001174,STU00059,2026-06-28,4,162,7,4,0,29
LMS001175,STU00059,2026-04-15,2,15,10,4,4,167
LMS001176,STU00059,2026-05-11,4,0,10,0,5,1
LMS001177,STU00059,2026-03-10,5,158,14,2,2,228
LMS001178,STU00059,2026-05-27,4,55,15,0,5,149
LMS001179,STU00059,2026-04-07,5,36,6,1,2,83
LMS001180,STU00059,2026-01-30,8,127,12,0,3,33
LMS001181,STU00060,2026-03-28,4,36,3,3,2,67
LMS001182,STU00060,2026-01-18,0,176,12,4,3,164
LMS001183,STU00060,2026-01-18,1,167,10,2,3,204
LMS001184,STU00060,2026-01-09,7,139,9,5,1,76
LMS001185,STU00060,2026-04-06,2,36,4,3,2,63
LMS001186,STU00060,2026-01-20,5,28,15,2,1,174
LMS001187,STU00060,2026-03-26,5,25,4,3,2,45
LMS001188,STU00060,2026-04-11,0,115,8,2,0,30
LMS001189,STU00060,2026-06-16,8,138,10,1,2,116
LMS001190,STU00060,2026-02-17,4,41,12,1,5,97
LMS001191,STU00060,2026-01-09,1,165,14,0,2,102
LMS001192,STU00060,2026-01-27,8,94,13,1,1,54
LMS001193,STU00060,2026-06-21,3,27,15,4,1,72
LMS001194,STU00060,2026-05-06,7,116,4,1,4,71
LMS001195,STU00060,2026-01-26,0,171,5,5,4,181
LMS001196,STU00060,2026-02-06,0,111,0,5,0,103
LMS001197,STU00060,2026-06-10,7,69,3,2,4,113
LMS001198,STU00060,2026-02-18,4,31,1,0,0,134
LMS001199,STU00060,2026-02-23,4,173,8,1,2,56
LMS001200,STU00060,2026-02-06,2,44,2,1,3,228
LMS001201,STU00061,2026-03-11,1,16,3,3,0,102
LMS001202,STU00061,2026-03-10,7,73,7,5,1,54
LMS001203,STU00061,2026-05-07,1,121,4,0,3,93
LMS001204,STU00061,2026-04-03,8,1,11,5,0,85
LMS001205,STU00061,2026-01-02,1,105,5,1,0,30
LMS001206,STU00061,2026-06-03,4,147,13,3,2,161
LMS001207,STU00061,2026-06-26,2,119,0,1,1,191
LMS001208,STU00061,2026-06-16,0,158,8,1,5,214
LMS001209,STU00061,2026-06-30,3,102,1,5,4,81
LMS001210,STU00061,2026-02-03,2,117,9,2,4,13
LMS001211,STU00061,2026-02-18,7,7,5,2,4,239
LMS001212,STU00061,2026-05-30,7,67,15,5,1,95
LMS001213,STU00061,2026-04-23,6,139,2,3,4,198
LMS001214,STU00061,2026-06-03,6,132,11,4,4,209
LMS001215,STU00061,2026-04-22,0,44,8,5,0,117
LMS001216,STU00061,2026-04-24,3,110,5,5,0,26
LMS001217,STU00061,2026-01-05,8,159,3,5,2,53
LMS001218,STU00061,2026-01-15,5,169,3,4,3,198
LMS001219,STU00061,2026-06-21,2,169,14,4,0,185
LMS001220,STU00061,2026-02-15,1,81,12,5,3,121
LMS001221,STU00062,2026-06-07,8,117,10,3,4,0
LMS001222,STU00062,2026-04-16,0,102,13,5,5,82
LMS001223,STU00062,2026-01-13,5,71,12,5,1,169
LMS001224,STU00062,2026-02-06,8,157,14,1,0,86
LMS001225,STU00062,2026-04-18,6,129,1,0,1,216
LMS001226,STU00062,2026-03-16,0,106,13,0,3,108
LMS001227,STU00062,2026-03-14,7,4,3,5,4,56
LMS001228,STU00062,2026-01-16,1,11,4,2,3,209
LMS001229,STU00062,2026-02-15,3,35,9,0,4,46
LMS001230,STU00062,2026-03-13,2,109,7,2,1,14
LMS001231,STU00062,2026-05-26,0,19,10,1,5,188
LMS001232,STU00062,2026-06-15,3,17,12,2,3,111
LMS001233,STU00062,2026-06-10,5,14,15,2,5,164
LMS001234,STU00062,2026-01-25,1,70,7,2,2,39
LMS001235,STU00062,2026-06-25,0,120,8,1,4,234
LMS001236,STU00062,2026-04-01,2,115,0,1,0,114
LMS001237,STU00062,2026-01-12,1,47,2,5,3,237
LMS001238,STU00062,2026-04-09,6,121,13,4,3,33
LMS001239,STU00062,2026-02-28,7,152,9,4,3,162
LMS001240,STU00062,2026-02-17,6,149,0,4,1,148
LMS001241,STU00063,2026-01-10,6,97,2,0,4,153
LMS001242,STU00063,2026-03-31,5,158,14,0,3,100
LMS001243,STU00063,2026-06-01,0,43,3,0,2,211
LMS001244,STU00063,2026-02-23,0,148,10,0,1,101
LMS001245,STU00063,2026-02-19,4,107,7,4,5,200
LMS001246,STU00063,2026-04-16,5,86,4,1,5,213
LMS001247,STU00063,2026-05-04,0,135,14,3,2,4
LMS001248,STU00063,2026-01-30,8,136,10,0,0,213
LMS001249,STU00063,2026-04-11,2,85,10,5,0,84
LMS001250,STU00063,2026-05-11,3,126,12,0,5,76
LMS001251,STU00063,2026-06-08,6,12,9,3,4,183
LMS001252,STU00063,2026-06-19,3,31,5,1,1,141
LMS001253,STU00063,2026-05-12,5,134,0,1,0,129
LMS001254,STU00063,2026-03-06,8,30,11,2,4,50
LMS001255,STU00063,2026-04-21,5,75,0,5,4,122
LMS001256,STU00063,2026-06-28,8,104,2,5,0,205
LMS001257,STU00063,2026-04-20,6,126,5,0,3,174
LMS001258,STU00063,2026-04-27,2,63,9,3,5,184
LMS001259,STU00063,2026-03-13,4,30,3,1,1,161
LMS001260,STU00063,2026-04-26,1,167,2,0,4,202
LMS001261,STU00064,2026-04-22,5,172,1,4,1,158
LMS001262,STU00064,2026-01-15,2,139,14,3,2,224
LMS001263,STU00064,2026-02-10,7,105,12,1,1,240
LMS001264,STU00064,2026-05-24,4,16,15,3,4,133
LMS001265,STU00064,2026-01-20,1,145,9,3,0,112
LMS001266,STU00064,2026-01-26,8,49,8,1,1,199
LMS001267,STU00064,2026-05-15,3,165,15,0,0,159
LMS001268,STU00064,2026-05-19,0,84,13,3,5,133
LMS001269,STU00064,2026-04-07,1,108,0,2,1,63
LMS001270,STU00064,2026-06-16,3,90,12,5,3,32
LMS001271,STU00064,2026-03-12,4,70,1,3,0,149
LMS001272,STU00064,2026-06-11,2,164,7,5,0,150
LMS001273,STU00064,2026-06-30,7,152,3,1,3,116
LMS001274,STU00064,2026-01-18,8,165,12,3,5,74
LMS001275,STU00064,2026-04-19,2,169,6,0,2,231
LMS001276,STU00064,2026-04-07,1,47,2,0,4,164
LMS001277,STU00064,2026-01-05,2,55,12,1,4,89
LMS001278,STU00064,2026-05-26,3,44,12,4,2,173
LMS001279,STU00064,2026-03-31,3,95,5,5,2,57
LMS001280,STU00064,2026-05-08,7,12,15,5,0,15
LMS001281,STU00065,2026-04-18,4,179,4,1,1,36
LMS001282,STU00065,2026-02-21,6,167,2,1,2,120
LMS001283,STU00065,2026-05-20,1,40,8,1,3,48
LMS001284,STU00065,2026-06-11,0,6,0,0,1,34
LMS001285,STU00065,2026-04-12,6,74,14,1,1,113
LMS001286,STU00065,2026-03-03,2,56,7,5,5,27
LMS001287,STU00065,2026-06-10,8,114,4,0,4,11
LMS001288,STU00065,2026-03-06,8,5,5,0,2,13
LMS001289,STU00065,2026-01-24,7,27,11,4,3,81
LMS001290,STU00065,2026-04-18,1,69,12,4,5,60
LMS001291,STU00065,2026-05-07,3,105,3,1,5,125
LMS001292,STU00065,2026-03-16,8,170,15,2,0,108
LMS001293,STU00065,2026-02-13,3,21,14,5,0,133
LMS001294,STU00065,2026-04-22,1,4,12,5,2,128
LMS001295,STU00065,2026-05-25,2,5,15,2,5,92
LMS001296,STU00065,2026-05-21,2,132,3,3,5,141
LMS001297,STU00065,2026-06-09,0,89,8,4,1,166
LMS001298,STU00065,2026-04-27,3,29,13,5,4,81
LMS001299,STU00065,2026-01-14,1,174,2,0,4,80
LMS001300,STU00065,2026-03-29,1,102,7,0,2,58
LMS001301,STU00066,2026-01-16,0,155,12,1,0,226
LMS001302,STU00066,2026-05-06,5,56,1,2,0,61
LMS001303,STU00066,2026-01-17,8,95,11,3,1,124
LMS001304,STU00066,2026-02-11,8,137,4,5,1,11
LMS001305,STU00066,2026-02-28,1,87,15,2,0,9
LMS001306,STU00066,2026-01-23,8,52,11,0,1,87
LMS001307,STU00066,2026-03-22,6,136,8,3,0,140
LMS001308,STU00066,2026-03-14,3,166,14,5,0,214
LMS001309,STU00066,2026-05-16,2,49,13,5,3,66
LMS001310,STU00066,2026-03-10,4,53,15,0,2,51
LMS001311,STU00066,2026-01-24,4,66,6,1,1,131
LMS001312,STU00066,2026-05-11,8,157,1,3,4,37
LMS001313,STU00066,2026-06-21,2,3,3,1,0,70
LMS001314,STU00066,2026-06-10,0,96,10,1,1,201
LMS001315,STU00066,2026-04-13,4,116,5,5,0,18
LMS001316,STU00066,2026-06-05,0,23,7,3,0,8
LMS001317,STU00066,2026-02-27,3,49,9,5,1,160
LMS001318,STU00066,2026-01-06,1,114,7,4,4,136
LMS001319,STU00066,2026-03-17,8,168,11,5,3,194
LMS001320,STU00066,2026-02-14,5,160,1,5,2,28
LMS001321,STU00067,2026-06-01,1,26,8,4,0,218
LMS001322,STU00067,2026-03-05,8,44,10,3,5,103
LMS001323,STU00067,2026-04-05,5,28,1,2,5,201
LMS001324,STU00067,2026-02-13,1,72,15,0,3,92
LMS001325,STU00067,2026-06-24,2,162,5,0,2,48
LMS001326,STU00067,2026-05-10,0,106,1,3,5,96
LMS001327,STU00067,2026-01-04,3,0,13,4,0,87
LMS001328,STU00067,2026-02-03,4,39,9,0,3,133
LMS001329,STU00067,2026-01-01,1,111,11,5,0,234
LMS001330,STU00067,2026-01-23,3,74,15,4,3,3
LMS001331,STU00067,2026-01-04,6,63,2,1,5,42
LMS001332,STU00067,2026-01-02,5,59,9,2,2,133
LMS001333,STU00067,2026-02-06,5,70,9,5,3,42
LMS001334,STU00067,2026-01-26,2,11,6,0,5,183
LMS001335,STU00067,2026-01-10,2,15,13,5,3,64
LMS001336,STU00067,2026-04-05,0,108,12,5,1,222
LMS001337,STU00067,2026-03-06,6,46,7,2,5,84
LMS001338,STU00067,2026-04-01,8,22,15,1,1,137
LMS001339,STU00067,2026-01-08,4,107,12,5,0,2
LMS001340,STU00067,2026-01-18,6,36,3,2,0,119
LMS001341,STU00068,2026-05-18,3,72,9,5,1,113
LMS001342,STU00068,2026-02-19,3,166,0,4,2,76
LMS001343,STU00068,2026-03-03,3,88,8,1,0,48
LMS001344,STU00068,2026-03-28,6,121,10,5,3,180
LMS001345,STU00068,2026-05-30,7,130,11,5,3,79
LMS001346,STU00068,2026-01-20,2,9,10,1,3,79
LMS001347,STU00068,2026-06-09,5,12,5,3,2,26
LMS001348,STU00068,2026-01-02,5,10,10,4,4,127
LMS001349,STU00068,2026-04-18,5,60,12,4,2,131
LMS001350,STU00068,2026-04-23,6,2,12,4,0,0
LMS001351,STU00068,2026-01-13,2,111,4,0,5,73
LMS001352,STU00068,2026-01-08,4,77,1,3,1,62
LMS001353,STU00068,2026-02-17,3,52,5,2,2,92
LMS001354,STU00068,2026-06-09,3,93,3,3,3,193
LMS001355,STU00068,2026-06-08,8,74,4,4,3,28
LMS001356,STU00068,2026-01-09,5,104,14,0,5,163
LMS001357,STU00068,2026-05-11,4,32,14,3,3,98
LMS001358,STU00068,2026-02-20,7,2,1,2,1,9
LMS001359,STU00068,2026-03-06,3,104,3,3,2,178
LMS001360,STU00068,2026-04-28,7,105,3,5,3,167
LMS001361,STU00069,2026-03-09,2,139,1,2,1,142
LMS001362,STU00069,2026-03-23,2,152,10,4,3,99
LMS001363,STU00069,2026-01-22,3,61,3,3,1,68
LMS001364,STU00069,2026-04-14,3,35,14,2,2,115
LMS001365,STU00069,2026-05-09,8,176,11,0,2,229
LMS001366,STU00069,2026-02-16,8,45,7,1,4,206
LMS001367,STU00069,2026-06-01,0,130,15,5,2,164
LMS001368,STU00069,2026-01-18,2,95,4,3,4,186
LMS001369,STU00069,2026-04-04,4,64,12,4,1,172
LMS001370,STU00069,2026-04-05,1,169,14,1,5,237
LMS001371,STU00069,2026-02-26,3,85,7,3,4,90
LMS001372,STU00069,2026-05-04,3,93,0,2,2,40
LMS001373,STU00069,2026-02-25,1,125,10,4,3,117
LMS001374,STU00069,2026-02-20,2,45,15,5,3,133
LMS001375,STU00069,2026-02-23,4,66,14,2,0,104
LMS001376,STU00069,2026-03-13,1,172,8,4,1,25
LMS001377,STU00069,2026-06-28,8,25,13,5,0,238
LMS001378,STU00069,2026-03-30,7,4,6,5,0,157
LMS001379,STU00069,2026-04-07,0,112,4,0,4,82
LMS001380,STU00069,2026-05-11,6,145,15,5,4,145
LMS001381,STU00070,2026-06-16,4,84,0,1,0,42
LMS001382,STU00070,2026-03-29,6,161,1,1,5,66
LMS001383,STU00070,2026-05-29,6,170,8,3,0,13
LMS001384,STU00070,2026-04-18,0,53,10,4,1,172
LMS001385,STU00070,2026-03-11,6,34,0,4,0,230
LMS001386,STU00070,2026-06-13,2,57,13,5,5,28
LMS001387,STU00070,2026-04-07,3,126,9,1,0,157
LMS001388,STU00070,2026-04-29,4,10,13,1,1,59
LMS001389,STU00070,2026-05-31,5,163,3,5,5,124
LMS001390,STU00070,2026-06-23,7,86,4,1,3,46
LMS001391,STU00070,2026-04-18,3,99,11,4,2,104
LMS001392,STU00070,2026-05-04,8,24,9,0,4,61
LMS001393,STU00070,2026-03-08,6,38,5,4,5,19
LMS001394,STU00070,2026-06-14,6,31,3,5,4,102
LMS001395,STU00070,2026-01-28,5,131,4,0,5,220
LMS001396,STU00070,2026-05-15,2,69,13,1,4,52
LMS001397,STU00070,2026-04-04,6,33,6,2,5,188
LMS001398,STU00070,2026-01-30,0,2,3,2,1,71
LMS001399,STU00070,2026-06-17,3,124,0,2,0,139
LMS001400,STU00070,2026-03-15,5,17,9,3,4,83
LMS001401,STU00071,2026-03-23,5,127,0,3,5,7
LMS001402,STU00071,2026-06-07,3,170,9,3,1,59
LMS001403,STU00071,2026-06-10,5,102,3,2,3,76
LMS001404,STU00071,2026-01-27,5,14,5,5,1,57
LMS001405,STU00071,2026-04-19,1,0,9,0,2,23
LMS001406,STU00071,2026-01-10,1,87,10,2,0,77
LMS001407,STU00071,2026-01-31,0,171,14,1,0,56
LMS001408,STU00071,2026-05-03,3,86,6,5,1,144
LMS001409,STU00071,2026-05-21,8,88,12,5,5,16
LMS001410,STU00071,2026-01-23,8,73,9,4,0,7
LMS001411,STU00071,2026-04-21,6,89,7,4,5,96
LMS001412,STU00071,2026-03-23,3,50,7,1,1,115
LMS001413,STU00071,2026-06-28,0,177,9,1,0,236
LMS001414,STU00071,2026-01-07,7,71,6,0,5,149
LMS001415,STU00071,2026-01-24,0,13,4,1,4,201
LMS001416,STU00071,2026-04-30,5,108,5,5,3,185
LMS001417,STU00071,2026-04-12,0,140,14,5,2,69
LMS001418,STU00071,2026-04-17,7,41,6,3,4,117
LMS001419,STU00071,2026-03-13,2,6,6,5,4,228
LMS001420,STU00071,2026-02-27,2,49,1,2,0,191
LMS001421,STU00072,2026-06-10,0,48,4,5,3,85
LMS001422,STU00072,2026-06-08,2,29,4,2,4,144
LMS001423,STU00072,2026-06-05,6,136,8,0,5,171
LMS001424,STU00072,2026-01-19,4,32,0,0,2,125
LMS001425,STU00072,2026-03-17,6,60,11,5,1,126
LMS001426,STU00072,2026-01-05,2,119,2,4,2,38
LMS001427,STU00072,2026-02-08,8,113,3,0,2,233
LMS001428,STU00072,2026-05-05,7,111,11,1,4,14
LMS001429,STU00072,2026-04-07,8,5,5,3,1,12
LMS001430,STU00072,2026-05-26,2,98,10,5,4,84
LMS001431,STU00072,2026-06-02,3,74,9,1,0,153
LMS001432,STU00072,2026-02-17,8,110,13,4,4,103
LMS001433,STU00072,2026-03-18,2,164,9,2,2,40
LMS001434,STU00072,2026-03-31,2,47,7,3,0,198
LMS001435,STU00072,2026-03-23,0,135,8,0,4,117
LMS001436,STU00072,2026-04-06,2,85,10,5,0,61
LMS001437,STU00072,2026-03-29,0,81,9,4,3,87
LMS001438,STU00072,2026-06-10,0,74,10,3,2,84
LMS001439,STU00072,2026-05-02,4,89,11,5,1,209
LMS001440,STU00072,2026-04-04,3,23,12,0,1,8
LMS001441,STU00073,2026-04-19,4,144,3,5,0,159
LMS001442,STU00073,2026-04-22,1,147,9,3,3,52
LMS001443,STU00073,2026-05-10,2,52,3,1,4,187
LMS001444,STU00073,2026-05-14,3,67,14,0,1,81
LMS001445,STU00073,2026-04-09,2,117,0,5,1,21
LMS001446,STU00073,2026-02-12,6,26,0,1,3,47
LMS001447,STU00073,2026-02-22,7,26,2,2,5,196
LMS001448,STU00073,2026-05-09,8,51,12,1,2,103
LMS001449,STU00073,2026-01-26,8,94,2,2,0,212
LMS001450,STU00073,2026-04-16,2,83,7,5,0,128
LMS001451,STU00073,2026-06-23,6,90,8,3,5,104
LMS001452,STU00073,2026-05-21,1,158,10,2,5,35
LMS001453,STU00073,2026-03-28,5,117,9,2,3,51
LMS001454,STU00073,2026-05-14,5,44,15,4,4,70
LMS001455,STU00073,2026-01-11,8,164,8,0,0,136
LMS001456,STU00073,2026-05-13,7,110,1,0,2,125
LMS001457,STU00073,2026-05-12,5,30,8,0,1,100
LMS001458,STU00073,2026-04-27,0,107,0,2,4,118
LMS001459,STU00073,2026-04-19,1,82,6,5,4,219
LMS001460,STU00073,2026-06-29,6,155,14,0,0,34
LMS001461,STU00074,2026-04-27,3,162,5,4,5,37
LMS001462,STU00074,2026-01-17,5,108,14,0,0,202
LMS001463,STU00074,2026-04-06,1,155,6,0,4,32
LMS001464,STU00074,2026-01-23,7,164,6,5,3,51
LMS001465,STU00074,2026-06-14,3,137,10,1,2,143
LMS001466,STU00074,2026-01-20,1,24,0,5,5,102
LMS001467,STU00074,2026-03-30,4,68,8,0,5,194
LMS001468,STU00074,2026-02-17,7,166,15,0,2,84
LMS001469,STU00074,2026-06-08,1,12,0,2,3,137
LMS001470,STU00074,2026-03-02,7,154,2,4,5,108
LMS001471,STU00074,2026-05-01,1,172,14,1,4,36
LMS001472,STU00074,2026-03-15,4,131,10,0,4,231
LMS001473,STU00074,2026-05-11,6,150,9,2,1,134
LMS001474,STU00074,2026-02-16,7,127,13,3,4,232
LMS001475,STU00074,2026-01-12,4,87,9,4,3,228
LMS001476,STU00074,2026-02-08,7,70,7,4,4,76
LMS001477,STU00074,2026-04-05,4,125,0,2,3,169
LMS001478,STU00074,2026-03-11,8,162,12,4,2,36
LMS001479,STU00074,2026-02-25,6,135,14,2,0,120
LMS001480,STU00074,2026-04-10,1,163,6,5,4,133
LMS001481,STU00075,2026-03-22,0,25,7,2,3,32
LMS001482,STU00075,2026-06-26,6,65,2,1,2,10
LMS001483,STU00075,2026-05-31,6,24,9,2,2,150
LMS001484,STU00075,2026-02-26,2,74,6,3,3,15
LMS001485,STU00075,2026-01-11,7,65,8,0,4,9
LMS001486,STU00075,2026-02-16,5,140,1,5,1,80
LMS001487,STU00075,2026-04-15,5,144,5,5,3,216
LMS001488,STU00075,2026-01-24,5,34,13,2,3,110
LMS001489,STU00075,2026-05-10,4,86,0,0,2,106
LMS001490,STU00075,2026-06-09,1,172,12,2,1,38
LMS001491,STU00075,2026-06-17,7,151,6,0,5,54
LMS001492,STU00075,2026-06-15,1,120,4,3,4,29
LMS001493,STU00075,2026-06-19,2,73,2,0,2,178
LMS001494,STU00075,2026-04-23,2,98,14,2,1,79
LMS001495,STU00075,2026-01-29,7,24,6,5,0,134
LMS001496,STU00075,2026-03-23,4,154,15,5,3,225
LMS001497,STU00075,2026-03-08,3,58,7,2,2,85
LMS001498,STU00075,2026-01-01,0,17,14,0,1,17
LMS001499,STU00075,2026-05-05,0,25,15,2,0,194
LMS001500,STU00075,2026-05-16,2,89,13,1,3,224
LMS001501,STU00076,2026-04-05,2,1,2,2,4,53
LMS001502,STU00076,2026-06-14,8,39,15,4,3,155
LMS001503,STU00076,2026-01-30,4,12,11,1,0,1
LMS001504,STU00076,2026-01-02,3,172,8,5,4,169
LMS001505,STU00076,2026-06-09,0,72,13,2,2,154
LMS001506,STU00076,2026-05-15,2,69,11,4,2,185
LMS001507,STU00076,2026-01-17,3,158,9,3,4,213
LMS001508,STU00076,2026-05-22,1,175,11,4,2,229
LMS001509,STU00076,2026-02-04,3,91,3,0,3,110
LMS001510,STU00076,2026-02-16,1,94,6,4,4,213
LMS001511,STU00076,2026-04-11,7,121,5,0,0,192
LMS001512,STU00076,2026-04-20,6,88,6,5,4,123
LMS001513,STU00076,2026-04-18,4,95,3,0,0,43
LMS001514,STU00076,2026-01-07,5,81,5,0,4,14
LMS001515,STU00076,2026-05-15,2,166,6,3,0,82
LMS001516,STU00076,2026-01-19,2,102,6,2,5,7
LMS001517,STU00076,2026-03-01,6,39,15,2,0,77
LMS001518,STU00076,2026-02-26,7,169,4,4,5,74
LMS001519,STU00076,2026-04-15,5,85,14,3,3,164
LMS001520,STU00076,2026-03-08,8,32,4,1,3,235
LMS001521,STU00077,2026-02-09,5,94,4,2,5,134
LMS001522,STU00077,2026-06-15,5,151,15,4,0,165
LMS001523,STU00077,2026-06-09,4,163,10,1,4,177
LMS001524,STU00077,2026-02-11,5,118,4,0,0,15
LMS001525,STU00077,2026-03-16,5,172,6,2,4,26
LMS001526,STU00077,2026-06-26,5,99,5,2,4,236
LMS001527,STU00077,2026-05-03,4,24,13,0,0,223
LMS001528,STU00077,2026-04-22,0,124,0,3,3,75
LMS001529,STU00077,2026-02-22,6,12,15,0,3,161
LMS001530,STU00077,2026-05-09,0,157,14,5,1,181
LMS001531,STU00077,2026-04-01,4,176,1,3,1,206
LMS001532,STU00077,2026-02-06,3,82,0,0,1,37
LMS001533,STU00077,2026-01-13,5,79,0,4,0,210
LMS001534,STU00077,2026-02-22,5,147,15,1,2,74
LMS001535,STU00077,2026-03-14,8,12,14,4,2,76
LMS001536,STU00077,2026-02-26,4,42,14,0,0,208
LMS001537,STU00077,2026-01-07,5,21,5,3,2,151
LMS001538,STU00077,2026-05-06,3,30,12,0,2,116
LMS001539,STU00077,2026-05-31,2,125,11,1,2,95
LMS001540,STU00077,2026-05-01,0,23,11,2,3,90
LMS001541,STU00078,2026-03-04,6,160,6,4,0,231
LMS001542,STU00078,2026-03-06,5,45,5,3,3,47
LMS001543,STU00078,2026-06-09,7,99,1,0,2,86
LMS001544,STU00078,2026-01-24,6,91,4,5,1,101
LMS001545,STU00078,2026-03-29,1,2,0,1,5,201
LMS001546,STU00078,2026-05-11,4,12,5,0,2,201
LMS001547,STU00078,2026-01-05,8,62,15,5,4,195
LMS001548,STU00078,2026-05-22,3,140,12,1,5,95
LMS001549,STU00078,2026-02-20,8,83,4,2,2,197
LMS001550,STU00078,2026-05-12,4,106,11,0,1,4
LMS001551,STU00078,2026-04-15,1,2,11,0,5,113
LMS001552,STU00078,2026-01-01,1,25,2,2,3,218
LMS001553,STU00078,2026-06-20,2,85,10,0,3,160
LMS001554,STU00078,2026-05-12,4,159,2,0,3,127
LMS001555,STU00078,2026-03-31,1,66,9,2,0,15
LMS001556,STU00078,2026-03-24,8,91,4,5,0,148
LMS001557,STU00078,2026-06-29,6,27,12,3,2,3
LMS001558,STU00078,2026-05-01,1,129,9,0,3,5
LMS001559,STU00078,2026-02-26,4,147,5,0,2,53
LMS001560,STU00078,2026-04-21,0,57,13,0,0,235
LMS001561,STU00079,2026-01-05,6,106,9,0,2,144
LMS001562,STU00079,2026-02-01,5,102,2,2,5,87
LMS001563,STU00079,2026-04-13,1,113,3,0,0,151
LMS001564,STU00079,2026-04-29,7,20,12,3,4,13
LMS001565,STU00079,2026-06-03,0,136,10,0,1,2
LMS001566,STU00079,2026-05-17,2,126,3,0,3,236
LMS001567,STU00079,2026-06-09,5,40,15,0,3,33
LMS001568,STU00079,2026-01-31,1,9,8,4,5,225
LMS001569,STU00079,2026-05-18,8,56,0,0,5,209
LMS001570,STU00079,2026-05-11,8,75,10,4,1,77
LMS001571,STU00079,2026-04-09,4,101,10,2,3,4
LMS001572,STU00079,2026-01-01,8,151,9,3,4,20
LMS001573,STU00079,2026-05-29,3,79,0,2,0,193
LMS001574,STU00079,2026-06-01,2,0,13,3,3,154
LMS001575,STU00079,2026-03-17,3,31,5,3,1,175
LMS001576,STU00079,2026-05-17,4,17,1,2,2,173
LMS001577,STU00079,2026-06-07,7,59,14,5,4,4
LMS001578,STU00079,2026-03-29,2,126,3,5,5,7
LMS001579,STU00079,2026-03-25,0,22,9,3,2,75
LMS001580,STU00079,2026-06-10,1,84,8,5,2,149
LMS001581,STU00080,2026-01-05,2,130,1,2,3,217
LMS001582,STU00080,2026-01-18,8,42,8,3,1,33
LMS001583,STU00080,2026-03-29,4,94,6,1,4,64
LMS001584,STU00080,2026-05-31,0,12,9,5,3,89
LMS001585,STU00080,2026-01-27,1,138,6,2,3,148
LMS001586,STU00080,2026-05-24,6,37,3,2,3,189
LMS001587,STU00080,2026-02-09,3,18,0,3,3,75
LMS001588,STU00080,2026-02-19,7,67,12,1,5,183
LMS001589,STU00080,2026-04-28,8,111,0,1,3,216
LMS001590,STU00080,2026-04-04,5,139,11,2,0,54
LMS001591,STU00080,2026-02-24,1,138,10,2,1,117
LMS001592,STU00080,2026-06-11,4,75,3,3,3,206
LMS001593,STU00080,2026-05-27,0,40,1,2,5,72
LMS001594,STU00080,2026-05-15,1,104,2,4,1,236
LMS001595,STU00080,2026-05-09,5,90,12,5,1,236
LMS001596,STU00080,2026-04-23,5,37,15,4,1,119
LMS001597,STU00080,2026-05-28,6,35,10,5,0,144
LMS001598,STU00080,2026-05-16,1,102,5,4,3,183
LMS001599,STU00080,2026-02-24,1,36,6,5,4,126
LMS001600,STU00080,2026-06-01,2,163,1,2,0,121
LMS001601,STU00081,2026-05-25,2,155,9,4,0,171
LMS001602,STU00081,2026-05-20,2,149,15,1,3,14
LMS001603,STU00081,2026-03-01,3,89,10,1,4,77
LMS001604,STU00081,2026-01-30,7,155,5,3,5,119
LMS001605,STU00081,2026-01-06,8,16,5,2,0,215
LMS001606,STU00081,2026-01-31,0,30,14,2,3,62
LMS001607,STU00081,2026-01-26,7,19,11,0,0,40
LMS001608,STU00081,2026-03-29,2,94,0,2,0,79
LMS001609,STU00081,2026-06-20,2,14,5,1,4,57
LMS001610,STU00081,2026-03-07,7,151,11,1,4,188
LMS001611,STU00081,2026-02-25,7,172,11,1,2,113
LMS001612,STU00081,2026-05-03,4,96,3,2,2,228
LMS001613,STU00081,2026-01-24,0,4,10,5,0,21
LMS001614,STU00081,2026-02-10,5,73,5,5,5,100
LMS001615,STU00081,2026-02-13,1,100,7,0,4,228
LMS001616,STU00081,2026-05-09,6,93,7,4,0,224
LMS001617,STU00081,2026-06-18,1,35,12,1,5,26
LMS001618,STU00081,2026-05-22,1,47,12,4,3,188
LMS001619,STU00081,2026-04-25,6,26,14,1,3,17
LMS001620,STU00081,2026-01-07,1,144,2,0,3,142
LMS001621,STU00082,2026-06-20,6,64,8,0,3,89
LMS001622,STU00082,2026-02-16,3,9,4,2,1,203
LMS001623,STU00082,2026-06-29,7,163,6,4,2,171
LMS001624,STU00082,2026-05-05,7,76,15,3,5,81
LMS001625,STU00082,2026-04-16,4,105,14,5,1,209
LMS001626,STU00082,2026-04-06,5,138,15,5,0,60
LMS001627,STU00082,2026-06-18,7,5,8,3,5,12
LMS001628,STU00082,2026-06-04,5,122,10,0,5,38
LMS001629,STU00082,2026-05-20,7,0,7,2,5,19
LMS001630,STU00082,2026-01-30,0,157,4,3,0,18
LMS001631,STU00082,2026-05-07,8,19,2,3,1,158
LMS001632,STU00082,2026-04-06,1,49,7,5,3,103
LMS001633,STU00082,2026-05-14,7,135,15,1,0,152
LMS001634,STU00082,2026-02-18,0,78,3,3,2,61
LMS001635,STU00082,2026-02-28,6,76,9,4,3,211
LMS001636,STU00082,2026-05-06,0,102,9,0,3,151
LMS001637,STU00082,2026-01-03,0,83,4,5,5,158
LMS001638,STU00082,2026-01-03,0,114,8,3,0,237
LMS001639,STU00082,2026-02-26,3,30,0,3,3,20
LMS001640,STU00082,2026-03-11,1,40,8,1,2,180
LMS001641,STU00083,2026-01-19,1,12,9,3,1,84
LMS001642,STU00083,2026-03-03,2,60,11,4,4,150
LMS001643,STU00083,2026-01-20,0,1,9,3,5,176
LMS001644,STU00083,2026-06-29,5,48,2,3,0,165
LMS001645,STU00083,2026-03-28,8,157,15,4,3,22
LMS001646,STU00083,2026-03-06,6,158,5,5,0,51
LMS001647,STU00083,2026-02-03,3,156,0,5,2,135
LMS001648,STU00083,2026-03-01,2,16,3,1,1,230
LMS001649,STU00083,2026-05-24,5,127,6,0,4,156
LMS001650,STU00083,2026-01-26,6,96,2,0,0,58
LMS001651,STU00083,2026-03-02,7,155,7,4,4,157
LMS001652,STU00083,2026-04-25,0,23,14,1,3,76
LMS001653,STU00083,2026-04-30,6,14,6,4,3,230
LMS001654,STU00083,2026-01-12,4,31,9,0,1,74
LMS001655,STU00083,2026-04-22,4,79,9,0,0,27
LMS001656,STU00083,2026-02-18,5,44,12,4,1,96
LMS001657,STU00083,2026-06-16,8,123,13,1,2,17
LMS001658,STU00083,2026-04-18,0,140,7,4,2,174
LMS001659,STU00083,2026-04-14,3,95,15,5,3,57
LMS001660,STU00083,2026-05-02,0,14,15,0,2,99
LMS001661,STU00084,2026-05-14,0,6,2,2,1,143
LMS001662,STU00084,2026-01-18,4,102,3,0,3,68
LMS001663,STU00084,2026-04-13,8,158,13,4,4,125
LMS001664,STU00084,2026-03-11,8,126,12,0,2,207
LMS001665,STU00084,2026-01-30,5,4,15,3,4,215
LMS001666,STU00084,2026-04-10,3,149,5,4,5,169
LMS001667,STU00084,2026-02-25,0,91,14,2,4,207
LMS001668,STU00084,2026-04-13,4,103,2,4,0,21
LMS001669,STU00084,2026-01-20,2,22,10,1,5,84
LMS001670,STU00084,2026-04-14,0,120,14,2,4,224
LMS001671,STU00084,2026-05-13,8,140,10,3,1,194
LMS001672,STU00084,2026-05-29,2,13,0,0,2,213
LMS001673,STU00084,2026-02-20,0,52,3,0,0,86
LMS001674,STU00084,2026-01-28,3,154,0,5,4,160
LMS001675,STU00084,2026-05-17,6,118,4,0,1,141
LMS001676,STU00084,2026-02-23,7,140,7,1,2,222
LMS001677,STU00084,2026-03-11,6,96,12,0,0,59
LMS001678,STU00084,2026-03-18,4,12,0,0,1,165
LMS001679,STU00084,2026-02-05,0,96,6,5,2,20
LMS001680,STU00084,2026-02-01,6,73,3,2,0,63
LMS001681,STU00085,2026-04-29,6,162,14,0,2,51
LMS001682,STU00085,2026-02-24,7,8,5,1,2,192
LMS001683,STU00085,2026-05-26,6,124,4,2,3,47
LMS001684,STU00085,2026-03-06,4,142,2,1,4,50
LMS001685,STU00085,2026-05-14,6,111,5,4,1,125
LMS001686,STU00085,2026-04-18,8,176,12,3,1,9
LMS001687,STU00085,2026-02-28,8,107,9,5,3,147
LMS001688,STU00085,2026-03-25,3,8,2,1,2,212
LMS001689,STU00085,2026-03-19,4,127,11,2,5,171
LMS001690,STU00085,2026-03-18,8,93,8,0,3,59
LMS001691,STU00085,2026-03-13,3,30,3,5,3,68
LMS001692,STU00085,2026-05-16,8,177,11,4,1,161
LMS001693,STU00085,2026-01-07,4,16,8,5,2,102
LMS001694,STU00085,2026-06-15,4,50,14,4,2,114
LMS001695,STU00085,2026-04-02,3,171,3,1,1,127
LMS001696,STU00085,2026-02-12,4,7,8,5,1,209
LMS001697,STU00085,2026-04-18,7,33,9,0,3,192
LMS001698,STU00085,2026-02-03,1,26,10,3,3,99
LMS001699,STU00085,2026-02-19,0,140,10,0,2,68
LMS001700,STU00085,2026-02-07,4,27,9,0,2,170
LMS001701,STU00086,2026-03-16,0,171,5,0,2,210
LMS001702,STU00086,2026-02-15,2,73,9,3,5,52
LMS001703,STU00086,2026-04-09,7,169,7,2,2,238
LMS001704,STU00086,2026-02-21,4,47,9,4,4,132
LMS001705,STU00086,2026-02-27,1,118,8,0,5,230
LMS001706,STU00086,2026-02-12,7,49,12,3,4,203
LMS001707,STU00086,2026-06-10,0,96,14,5,5,39
LMS001708,STU00086,2026-02-05,7,13,9,1,0,144
LMS001709,STU00086,2026-06-10,1,66,0,4,0,77
LMS001710,STU00086,2026-01-31,4,136,9,3,5,224
LMS001711,STU00086,2026-05-08,5,35,8,1,2,149
LMS001712,STU00086,2026-02-19,7,59,13,1,2,72
LMS001713,STU00086,2026-03-10,1,162,10,1,0,0
LMS001714,STU00086,2026-06-22,3,57,11,2,2,50
LMS001715,STU00086,2026-01-05,1,126,10,0,4,143
LMS001716,STU00086,2026-06-30,0,93,9,3,1,204
LMS001717,STU00086,2026-03-09,7,65,11,1,1,2
LMS001718,STU00086,2026-02-05,3,29,3,0,1,172
LMS001719,STU00086,2026-03-29,5,171,2,2,3,78
LMS001720,STU00086,2026-03-10,3,76,7,4,1,217
LMS001721,STU00087,2026-05-11,6,19,1,2,1,209
LMS001722,STU00087,2026-01-09,3,129,0,5,5,197
LMS001723,STU00087,2026-02-25,7,32,14,4,0,54
LMS001724,STU00087,2026-01-28,5,174,0,3,1,33
LMS001725,STU00087,2026-01-31,7,144,12,4,2,235
LMS001726,STU00087,2026-03-28,5,126,6,1,3,99
LMS001727,STU00087,2026-06-18,0,132,4,4,0,1
LMS001728,STU00087,2026-01-09,8,115,3,0,3,193
LMS001729,STU00087,2026-02-14,1,158,10,4,2,133
LMS001730,STU00087,2026-04-16,6,7,10,1,2,87
LMS001731,STU00087,2026-05-16,5,11,8,1,5,236
LMS001732,STU00087,2026-03-24,2,50,12,1,4,52
LMS001733,STU00087,2026-06-02,2,74,7,0,0,169
LMS001734,STU00087,2026-05-16,5,58,10,3,3,218
LMS001735,STU00087,2026-06-04,7,112,0,2,2,31
LMS001736,STU00087,2026-03-06,0,17,15,2,3,172
LMS001737,STU00087,2026-04-03,2,79,15,5,1,216
LMS001738,STU00087,2026-06-18,5,31,0,1,1,170
LMS001739,STU00087,2026-01-31,2,113,13,2,0,222
LMS001740,STU00087,2026-03-28,7,79,12,0,2,179
LMS001741,STU00088,2026-06-29,6,125,0,3,1,186
LMS001742,STU00088,2026-06-19,2,22,13,5,2,21
LMS001743,STU00088,2026-05-27,6,96,12,4,4,187
LMS001744,STU00088,2026-02-22,3,156,15,3,1,189
LMS001745,STU00088,2026-06-30,0,112,10,2,5,2
LMS001746,STU00088,2026-03-18,1,48,12,5,0,62
LMS001747,STU00088,2026-04-15,6,59,13,3,5,72
LMS001748,STU00088,2026-06-27,3,21,9,1,2,214
LMS001749,STU00088,2026-06-09,6,28,0,3,5,113
LMS001750,STU00088,2026-06-18,4,170,14,4,4,6
LMS001751,STU00088,2026-01-29,7,25,2,3,5,102
LMS001752,STU00088,2026-01-09,4,142,9,2,3,4
LMS001753,STU00088,2026-02-10,5,100,4,3,5,85
LMS001754,STU00088,2026-01-04,5,99,3,4,4,42
LMS001755,STU00088,2026-03-04,1,174,5,5,1,95
LMS001756,STU00088,2026-05-14,7,81,12,4,3,155
LMS001757,STU00088,2026-01-17,1,137,7,0,1,25
LMS001758,STU00088,2026-06-24,8,113,11,1,3,158
LMS001759,STU00088,2026-01-08,7,165,8,3,2,168
LMS001760,STU00088,2026-02-19,0,160,5,5,4,101
LMS001761,STU00089,2026-04-30,2,85,1,0,4,88
LMS001762,STU00089,2026-02-28,7,165,6,5,4,223
LMS001763,STU00089,2026-05-15,4,96,8,1,1,221
LMS001764,STU00089,2026-02-28,5,139,10,3,1,128
LMS001765,STU00089,2026-05-10,0,174,13,0,0,27
LMS001766,STU00089,2026-02-05,2,151,1,2,3,61
LMS001767,STU00089,2026-02-17,0,50,7,0,4,116
LMS001768,STU00089,2026-06-19,5,128,9,2,5,83
LMS001769,STU00089,2026-06-24,6,83,9,2,5,207
LMS001770,STU00089,2026-04-16,7,84,15,4,3,202
LMS001771,STU00089,2026-03-06,0,45,15,4,2,94
LMS001772,STU00089,2026-01-30,8,107,1,2,2,199
LMS001773,STU00089,2026-04-06,3,90,2,5,1,194
LMS001774,STU00089,2026-02-19,0,40,10,1,1,66
LMS001775,STU00089,2026-01-21,0,133,13,0,5,94
LMS001776,STU00089,2026-05-22,8,40,5,1,1,163
LMS001777,STU00089,2026-05-18,3,48,0,1,5,201
LMS001778,STU00089,2026-05-06,0,156,13,4,0,53
LMS001779,STU00089,2026-05-22,5,90,12,3,5,115
LMS001780,STU00089,2026-04-21,1,97,14,4,4,39
LMS001781,STU00090,2026-04-04,1,156,13,0,3,173
LMS001782,STU00090,2026-03-04,2,45,6,3,4,96
LMS001783,STU00090,2026-06-11,7,59,3,5,5,18
LMS001784,STU00090,2026-06-27,5,51,1,4,5,35
LMS001785,STU00090,2026-06-03,1,170,11,2,0,209
LMS001786,STU00090,2026-04-11,1,57,1,5,0,17
LMS001787,STU00090,2026-05-09,2,120,5,3,5,165
LMS001788,STU00090,2026-03-06,3,149,3,5,3,22
LMS001789,STU00090,2026-03-09,4,34,10,3,1,22
LMS001790,STU00090,2026-04-12,6,45,14,3,2,145
LMS001791,STU00090,2026-02-21,5,100,0,5,2,140
LMS001792,STU00090,2026-04-12,8,28,8,1,5,103
LMS001793,STU00090,2026-03-08,7,130,10,4,2,145
LMS001794,STU00090,2026-01-02,0,153,11,0,4,232
LMS001795,STU00090,2026-02-08,4,78,11,2,2,49
LMS001796,STU00090,2026-03-16,3,5,0,3,0,67
LMS001797,STU00090,2026-04-29,1,111,0,0,3,224
LMS001798,STU00090,2026-02-20,8,128,11,5,0,195
LMS001799,STU00090,2026-06-27,0,173,7,1,5,165
LMS001800,STU00090,2026-04-13,2,43,12,2,4,64
LMS001801,STU00091,2026-02-11,7,143,8,0,1,189
LMS001802,STU00091,2026-01-31,0,122,4,2,5,23
LMS001803,STU00091,2026-02-20,4,36,9,2,1,83
LMS001804,STU00091,2026-04-30,6,109,6,0,2,29
LMS001805,STU00091,2026-02-19,8,101,14,0,0,55
LMS001806,STU00091,2026-03-10,3,167,3,1,3,120
LMS001807,STU00091,2026-05-22,4,24,4,1,5,210
LMS001808,STU00091,2026-05-21,2,51,8,0,5,42
LMS001809,STU00091,2026-05-21,0,95,4,2,4,214
LMS001810,STU00091,2026-04-10,1,39,13,1,1,41
LMS001811,STU00091,2026-04-20,8,86,15,4,4,5
LMS001812,STU00091,2026-02-14,4,153,1,3,0,147
LMS001813,STU00091,2026-05-02,8,106,15,4,1,90
LMS001814,STU00091,2026-05-12,8,163,1,1,4,130
LMS001815,STU00091,2026-03-30,7,38,8,4,5,199
LMS001816,STU00091,2026-01-12,8,146,13,5,1,181
LMS001817,STU00091,2026-04-23,7,114,0,4,5,74
LMS001818,STU00091,2026-03-30,5,123,1,2,1,64
LMS001819,STU00091,2026-06-05,6,67,15,5,4,56
LMS001820,STU00091,2026-01-07,6,59,13,5,1,202
LMS001821,STU00092,2026-03-31,4,5,14,1,3,27
LMS001822,STU00092,2026-06-23,1,56,6,0,2,217
LMS001823,STU00092,2026-04-14,2,52,4,1,4,195
LMS001824,STU00092,2026-05-16,7,76,2,5,2,24
LMS001825,STU00092,2026-03-07,0,149,15,5,5,88
LMS001826,STU00092,2026-03-12,2,121,15,2,1,209
LMS001827,STU00092,2026-03-28,1,1,13,5,1,125
LMS001828,STU00092,2026-02-28,0,149,10,3,3,160
LMS001829,STU00092,2026-01-20,4,142,7,1,0,129
LMS001830,STU00092,2026-01-04,2,23,0,4,0,107
LMS001831,STU00092,2026-01-24,2,90,8,2,1,49
LMS001832,STU00092,2026-01-16,3,113,0,2,0,178
LMS001833,STU00092,2026-03-17,4,3,4,4,5,205
LMS001834,STU00092,2026-05-16,3,48,1,3,0,156
LMS001835,STU00092,2026-06-23,6,8,3,3,5,15
LMS001836,STU00092,2026-06-28,0,121,10,3,0,199
LMS001837,STU00092,2026-04-08,6,24,0,5,2,28
LMS001838,STU00092,2026-05-13,5,123,3,5,1,36
LMS001839,STU00092,2026-05-24,3,156,6,0,2,60
LMS001840,STU00092,2026-05-25,0,124,13,2,2,233
LMS001841,STU00093,2026-03-09,0,4,4,3,4,162
LMS001842,STU00093,2026-05-31,7,76,10,2,4,34
LMS001843,STU00093,2026-01-24,7,10,15,1,0,62
LMS001844,STU00093,2026-04-13,4,65,2,4,4,120
LMS001845,STU00093,2026-04-28,7,159,15,3,3,129
LMS001846,STU00093,2026-01-14,3,26,14,5,2,233
LMS001847,STU00093,2026-05-30,1,87,10,3,1,167
LMS001848,STU00093,2026-01-22,6,100,5,2,3,204
LMS001849,STU00093,2026-01-18,0,54,5,2,5,159
LMS001850,STU00093,2026-06-21,2,75,12,2,4,165
LMS001851,STU00093,2026-05-07,5,114,11,4,2,208
LMS001852,STU00093,2026-01-16,1,177,15,3,4,196
LMS001853,STU00093,2026-05-06,6,82,10,4,4,157
LMS001854,STU00093,2026-01-18,2,22,11,5,2,240
LMS001855,STU00093,2026-04-16,3,1,8,2,2,60
LMS001856,STU00093,2026-02-13,7,119,9,1,0,73
LMS001857,STU00093,2026-05-05,8,47,12,1,4,100
LMS001858,STU00093,2026-05-28,0,1,14,2,5,95
LMS001859,STU00093,2026-01-08,5,59,7,1,1,207
LMS001860,STU00093,2026-05-20,0,132,14,3,1,184
LMS001861,STU00094,2026-06-22,0,9,3,0,5,79
LMS001862,STU00094,2026-04-01,4,67,9,0,5,208
LMS001863,STU00094,2026-01-26,7,94,4,5,3,204
LMS001864,STU00094,2026-05-13,7,161,15,3,3,175
LMS001865,STU00094,2026-05-28,1,109,14,5,5,197
LMS001866,STU00094,2026-02-09,6,44,5,1,3,82
LMS001867,STU00094,2026-05-19,3,94,9,5,5,103
LMS001868,STU00094,2026-04-02,2,177,2,0,1,53
LMS001869,STU00094,2026-06-09,7,70,0,4,4,205
LMS001870,STU00094,2026-03-03,4,76,1,1,4,150
LMS001871,STU00094,2026-04-04,1,49,10,1,4,43
LMS001872,STU00094,2026-01-14,3,49,8,3,4,211
LMS001873,STU00094,2026-01-18,4,37,2,1,5,49
LMS001874,STU00094,2026-02-10,5,106,3,1,3,226
LMS001875,STU00094,2026-06-18,5,109,1,2,3,228
LMS001876,STU00094,2026-05-07,3,71,13,3,2,211
LMS001877,STU00094,2026-06-02,6,69,5,5,3,191
LMS001878,STU00094,2026-01-29,8,19,2,0,3,125
LMS001879,STU00094,2026-02-28,5,68,12,2,1,134
LMS001880,STU00094,2026-04-04,6,97,4,1,3,237
LMS001881,STU00095,2026-06-12,5,99,12,2,5,17
LMS001882,STU00095,2026-04-09,0,52,12,1,1,152
LMS001883,STU00095,2026-02-24,1,134,3,5,4,86
LMS001884,STU00095,2026-04-21,2,103,13,5,2,176
LMS001885,STU00095,2026-02-02,0,21,3,5,4,22
LMS001886,STU00095,2026-02-11,1,166,9,5,2,58
LMS001887,STU00095,2026-06-21,5,157,0,5,4,162
LMS001888,STU00095,2026-03-01,8,162,11,4,4,135
LMS001889,STU00095,2026-01-25,2,110,0,5,0,225
LMS001890,STU00095,2026-03-20,0,51,1,0,2,44
LMS001891,STU00095,2026-03-13,2,95,6,1,4,159
LMS001892,STU00095,2026-05-18,6,161,2,4,0,12
LMS001893,STU00095,2026-02-03,8,74,3,5,1,93
LMS001894,STU00095,2026-03-11,4,51,12,1,2,148
LMS001895,STU00095,2026-02-19,0,86,0,3,1,99
LMS001896,STU00095,2026-05-04,1,75,11,2,3,98
LMS001897,STU00095,2026-01-19,3,117,14,4,4,115
LMS001898,STU00095,2026-04-16,0,97,15,3,5,197
LMS001899,STU00095,2026-04-21,4,67,8,5,3,114
LMS001900,STU00095,2026-05-11,0,94,9,2,5,168
LMS001901,STU00096,2026-03-16,4,38,14,5,2,30
LMS001902,STU00096,2026-06-08,7,180,5,1,4,224
LMS001903,STU00096,2026-04-11,2,67,3,5,5,44
LMS001904,STU00096,2026-05-11,3,142,2,2,5,96
LMS001905,STU00096,2026-03-10,7,81,10,0,5,91
LMS001906,STU00096,2026-02-13,1,137,10,1,3,173
LMS001907,STU00096,2026-03-16,4,48,3,0,3,34
LMS001908,STU00096,2026-02-05,6,45,5,2,3,207
LMS001909,STU00096,2026-05-20,4,108,12,2,2,208
LMS001910,STU00096,2026-05-31,3,47,0,1,4,239
LMS001911,STU00096,2026-03-31,5,74,2,4,0,183
LMS001912,STU00096,2026-03-05,5,78,5,2,0,181
LMS001913,STU00096,2026-03-30,8,81,5,4,2,39
LMS001914,STU00096,2026-06-04,7,110,0,1,2,193
LMS001915,STU00096,2026-06-12,2,51,4,2,0,205
LMS001916,STU00096,2026-01-07,6,18,9,3,1,164
LMS001917,STU00096,2026-03-16,5,44,14,2,3,201
LMS001918,STU00096,2026-06-05,5,157,13,4,1,202
LMS001919,STU00096,2026-05-31,0,64,10,5,1,26
LMS001920,STU00096,2026-04-06,4,141,0,2,4,225
LMS001921,STU00097,2026-06-29,0,128,15,4,3,204
LMS001922,STU00097,2026-03-18,4,64,8,0,2,52
LMS001923,STU00097,2026-03-29,2,76,5,4,4,64
LMS001924,STU00097,2026-05-11,8,58,3,4,1,140
LMS001925,STU00097,2026-06-17,2,3,7,1,2,163
LMS001926,STU00097,2026-05-04,6,175,5,3,2,61
LMS001927,STU00097,2026-05-29,3,80,4,3,0,15
LMS001928,STU00097,2026-03-31,8,152,3,0,5,28
LMS001929,STU00097,2026-03-13,5,70,14,5,2,22
LMS001930,STU00097,2026-01-22,5,28,4,0,0,140
LMS001931,STU00097,2026-03-05,0,145,2,5,4,208
LMS001932,STU00097,2026-02-01,4,85,9,5,3,83
LMS001933,STU00097,2026-05-17,0,25,4,2,2,229
LMS001934,STU00097,2026-05-22,0,163,11,1,4,131
LMS001935,STU00097,2026-01-20,5,50,9,1,1,94
LMS001936,STU00097,2026-03-09,3,44,12,2,1,58
LMS001937,STU00097,2026-01-26,1,48,7,3,4,188
LMS001938,STU00097,2026-04-28,3,120,15,5,5,63
LMS001939,STU00097,2026-02-09,8,92,12,2,5,175
LMS001940,STU00097,2026-02-15,0,81,9,2,4,93
LMS001941,STU00098,2026-06-11,2,34,4,5,0,183
LMS001942,STU00098,2026-04-30,4,90,0,2,0,190
LMS001943,STU00098,2026-04-01,5,6,15,1,3,143
LMS001944,STU00098,2026-01-28,5,50,6,1,5,223
LMS001945,STU00098,2026-04-23,5,77,9,5,2,77
LMS001946,STU00098,2026-03-12,6,108,8,0,3,24
LMS001947,STU00098,2026-01-10,0,107,5,5,1,156
LMS001948,STU00098,2026-06-16,1,90,1,2,3,123
LMS001949,STU00098,2026-03-07,1,142,13,2,2,148
LMS001950,STU00098,2026-02-19,0,173,6,0,1,52
LMS001951,STU00098,2026-02-16,0,8,8,3,0,154
LMS001952,STU00098,2026-06-07,0,122,9,1,1,134
LMS001953,STU00098,2026-04-30,2,160,12,0,3,16
LMS001954,STU00098,2026-01-14,3,70,0,1,1,169
LMS001955,STU00098,2026-01-14,8,43,5,3,2,156
LMS001956,STU00098,2026-01-31,3,99,5,3,4,114
LMS001957,STU00098,2026-06-06,6,110,15,1,1,50
LMS001958,STU00098,2026-06-25,0,18,15,5,5,21
LMS001959,STU00098,2026-05-24,2,40,3,3,0,226
LMS001960,STU00098,2026-02-07,6,119,7,3,5,2
LMS001961,STU00099,2026-04-22,7,24,2,1,4,221
LMS001962,STU00099,2026-06-03,5,20,1,0,1,189
LMS001963,STU00099,2026-02-06,1,2,2,2,1,42
LMS001964,STU00099,2026-05-21,0,160,11,2,0,165
LMS001965,STU00099,2026-02-25,4,67,3,1,1,81
LMS001966,STU00099,2026-01-25,3,0,8,3,0,3
LMS001967,STU00099,2026-01-13,8,71,8,2,0,239
LMS001968,STU00099,2026-06-03,7,122,8,3,4,46
LMS001969,STU00099,2026-04-22,5,173,12,4,0,136
LMS001970,STU00099,2026-06-25,0,103,13,2,4,195
LMS001971,STU00099,2026-02-11,1,151,15,0,1,38
LMS001972,STU00099,2026-04-16,4,33,15,2,3,195
LMS001973,STU00099,2026-05-05,6,59,9,1,2,21
LMS001974,STU00099,2026-01-12,1,162,14,2,5,45
LMS001975,STU00099,2026-04-30,6,4,2,1,5,31
LMS001976,STU00099,2026-01-04,6,15,3,1,0,237
LMS001977,STU00099,2026-04-12,5,91,7,0,1,134
LMS001978,STU00099,2026-01-23,5,150,2,5,2,190
LMS001979,STU00099,2026-01-20,7,139,1,3,2,127
LMS001980,STU00099,2026-02-08,8,137,4,1,5,42
LMS001981,STU00100,2026-05-17,0,160,5,5,2,199
LMS001982,STU00100,2026-05-13,1,19,4,5,1,62
LMS001983,STU00100,2026-05-25,6,110,10,4,5,234
LMS001984,STU00100,2026-01-17,4,63,4,5,5,21
LMS001985,STU00100,2026-05-26,1,42,4,0,4,123
LMS001986,STU00100,2026-04-28,2,94,7,2,3,64
LMS001987,STU00100,2026-02-06,8,81,2,5,5,188
LMS001988,STU00100,2026-05-10,0,165,4,2,1,60
LMS001989,STU00100,2026-01-22,4,40,11,2,0,231
LMS001990,STU00100,2026-02-10,8,89,14,2,5,167
LMS001991,STU00100,2026-04-22,0,94,11,0,4,149
LMS001992,STU00100,2026-04-08,0,6,0,2,1,180
LMS001993,STU00100,2026-05-31,4,168,7,3,2,46
LMS001994,STU00100,2026-02-21,0,23,3,4,0,4
LMS001995,STU00100,2026-05-26,8,84,6,2,4,20
LMS001996,STU00100,2026-01-14,4,99,0,5,2,166
LMS001997,STU00100,2026-03-13,8,178,9,0,2,164
LMS001998,STU00100,2026-04-11,4,83,5,2,1,233
LMS001999,STU00100,2026-02-06,1,165,3,2,2,55
LMS002000,STU00100,2026-01-27,8,35,6,4,2,143
LMS002001,STU00101,2026-06-17,1,39,6,4,4,89
LMS002002,STU00101,2026-06-20,5,139,9,2,1,149
LMS002003,STU00101,2026-01-17,5,85,4,4,2,51
LMS002004,STU00101,2026-06-28,8,84,5,4,3,214
LMS002005,STU00101,2026-01-20,6,73,15,2,1,102
LMS002006,STU00101,2026-02-03,1,82,15,5,3,21
LMS002007,STU00101,2026-03-11,8,65,11,0,3,113
LMS002008,STU00101,2026-01-08,2,2,11,2,0,91
LMS002009,STU00101,2026-03-07,1,25,7,4,2,82
LMS002010,STU00101,2026-01-31,8,30,13,3,1,191
LMS002011,STU00101,2026-03-04,8,179,2,5,5,98
LMS002012,STU00101,2026-02-03,3,163,5,3,0,203
LMS002013,STU00101,2026-06-21,2,81,11,1,5,19
LMS002014,STU00101,2026-06-21,6,14,8,0,3,221
LMS002015,STU00101,2026-05-07,6,72,7,4,1,84
LMS002016,STU00101,2026-05-15,7,157,1,5,3,61
LMS002017,STU00101,2026-05-20,7,145,1,5,0,95
LMS002018,STU00101,2026-03-18,8,72,0,1,5,87
LMS002019,STU00101,2026-05-02,8,83,10,3,1,83
LMS002020,STU00101,2026-04-29,6,74,10,0,5,171
LMS002021,STU00102,2026-02-24,5,37,10,5,1,236
LMS002022,STU00102,2026-04-08,5,140,6,2,0,129
LMS002023,STU00102,2026-01-21,8,143,10,0,0,146
LMS002024,STU00102,2026-06-07,1,110,8,4,3,62
LMS002025,STU00102,2026-02-14,3,46,0,0,1,81
LMS002026,STU00102,2026-04-10,4,131,0,4,5,229
LMS002027,STU00102,2026-06-12,1,169,1,0,3,102
LMS002028,STU00102,2026-05-18,4,49,0,1,1,6
LMS002029,STU00102,2026-04-10,8,155,10,1,0,64
LMS002030,STU00102,2026-03-18,6,139,14,3,2,32
LMS002031,STU00102,2026-06-04,2,45,12,3,2,198
LMS002032,STU00102,2026-06-13,4,131,5,3,2,54
LMS002033,STU00102,2026-05-09,1,42,1,1,3,132
LMS002034,STU00102,2026-01-07,7,47,3,4,4,22
LMS002035,STU00102,2026-03-12,4,148,0,5,3,91
LMS002036,STU00102,2026-05-16,0,107,9,2,3,38
LMS002037,STU00102,2026-05-26,2,9,3,0,5,5
LMS002038,STU00102,2026-02-15,4,45,12,2,1,127
LMS002039,STU00102,2026-01-01,5,60,13,4,2,186
LMS002040,STU00102,2026-06-10,3,32,6,1,1,200
LMS002041,STU00103,2026-03-12,0,37,15,5,1,134
LMS002042,STU00103,2026-04-06,1,12,10,1,5,119
LMS002043,STU00103,2026-03-19,8,139,2,3,2,223
LMS002044,STU00103,2026-01-24,5,165,3,4,2,127
LMS002045,STU00103,2026-04-30,3,28,12,3,2,59
LMS002046,STU00103,2026-01-13,3,50,9,5,1,91
LMS002047,STU00103,2026-02-10,6,60,6,2,3,125
LMS002048,STU00103,2026-05-19,6,44,13,5,4,100
LMS002049,STU00103,2026-02-20,8,130,5,2,4,90
LMS002050,STU00103,2026-05-28,0,128,11,3,5,168
LMS002051,STU00103,2026-05-20,7,70,9,4,2,77
LMS002052,STU00103,2026-01-03,1,136,8,0,4,132
LMS002053,STU00103,2026-02-18,8,105,3,1,2,227
LMS002054,STU00103,2026-06-07,4,148,0,1,1,233
LMS002055,STU00103,2026-01-18,4,14,1,1,0,209
LMS002056,STU00103,2026-04-07,1,178,4,3,2,128
LMS002057,STU00103,2026-03-28,3,62,8,5,3,26
LMS002058,STU00103,2026-03-25,4,41,4,4,4,125
LMS002059,STU00103,2026-04-13,5,140,13,0,4,157
LMS002060,STU00103,2026-06-01,8,180,15,3,5,36
LMS002061,STU00104,2026-05-28,5,114,15,1,0,18
LMS002062,STU00104,2026-05-28,0,83,3,5,1,173
LMS002063,STU00104,2026-02-09,2,144,1,2,3,150
LMS002064,STU00104,2026-01-12,0,180,4,1,2,140
LMS002065,STU00104,2026-06-26,1,12,0,1,2,66
LMS002066,STU00104,2026-03-12,6,99,14,0,2,230
LMS002067,STU00104,2026-06-19,5,15,2,3,0,13
LMS002068,STU00104,2026-03-06,5,32,13,5,4,72
LMS002069,STU00104,2026-06-13,3,51,14,2,5,133
LMS002070,STU00104,2026-03-29,6,97,8,2,3,13
LMS002071,STU00104,2026-04-12,1,178,12,5,2,126
LMS002072,STU00104,2026-06-02,7,90,0,3,1,81
LMS002073,STU00104,2026-04-17,8,45,11,1,4,86
LMS002074,STU00104,2026-05-01,0,43,9,5,0,228
LMS002075,STU00104,2026-02-04,7,95,12,0,3,141
LMS002076,STU00104,2026-02-05,8,26,1,1,1,195
LMS002077,STU00104,2026-02-06,0,144,11,2,1,103
LMS002078,STU00104,2026-02-06,5,19,13,1,0,106
LMS002079,STU00104,2026-03-11,3,157,0,1,5,94
LMS002080,STU00104,2026-05-03,6,131,13,0,2,117
LMS002081,STU00105,2026-02-02,0,107,7,2,2,12
LMS002082,STU00105,2026-03-30,7,113,4,0,4,84
LMS002083,STU00105,2026-04-20,2,142,14,2,2,76
LMS002084,STU00105,2026-03-04,7,50,9,4,0,157
LMS002085,STU00105,2026-05-17,2,0,12,3,1,139
LMS002086,STU00105,2026-02-24,3,89,0,1,3,131
LMS002087,STU00105,2026-04-07,1,99,0,1,5,28
LMS002088,STU00105,2026-01-01,2,103,11,1,0,110
LMS002089,STU00105,2026-01-25,7,19,15,5,1,95
LMS002090,STU00105,2026-01-08,0,106,15,5,2,21
LMS002091,STU00105,2026-04-28,2,132,10,1,3,234
LMS002092,STU00105,2026-01-13,5,54,6,1,1,20
LMS002093,STU00105,2026-04-16,7,56,10,4,4,167
LMS002094,STU00105,2026-01-12,4,144,7,2,2,58
LMS002095,STU00105,2026-06-18,5,51,1,2,2,77
LMS002096,STU00105,2026-06-20,3,162,9,2,1,186
LMS002097,STU00105,2026-04-24,7,17,2,1,1,16
LMS002098,STU00105,2026-06-08,1,111,9,4,2,36
LMS002099,STU00105,2026-02-07,3,13,0,5,1,135
LMS002100,STU00105,2026-04-15,2,161,6,5,1,99
LMS002101,STU00106,2026-05-12,6,90,13,5,2,239
LMS002102,STU00106,2026-03-11,8,84,11,2,2,161
LMS002103,STU00106,2026-05-05,6,137,11,1,3,207
LMS002104,STU00106,2026-03-01,5,154,4,4,5,168
LMS002105,STU00106,2026-04-10,2,106,4,3,4,203
LMS002106,STU00106,2026-01-23,3,143,12,4,2,161
LMS002107,STU00106,2026-05-02,2,103,1,4,4,172
LMS002108,STU00106,2026-05-18,4,125,13,4,3,192
LMS002109,STU00106,2026-02-02,3,62,4,1,3,231
LMS002110,STU00106,2026-05-01,2,165,8,2,3,33
LMS002111,STU00106,2026-05-21,7,119,3,1,2,238
LMS002112,STU00106,2026-01-01,6,102,11,5,5,212
LMS002113,STU00106,2026-03-09,0,0,0,5,2,93
LMS002114,STU00106,2026-06-22,4,39,1,0,1,223
LMS002115,STU00106,2026-06-23,6,19,10,0,5,210
LMS002116,STU00106,2026-05-14,8,17,1,4,5,111
LMS002117,STU00106,2026-05-08,6,135,8,5,3,87
LMS002118,STU00106,2026-02-04,6,36,5,4,5,201
LMS002119,STU00106,2026-03-11,5,98,0,4,5,136
LMS002120,STU00106,2026-06-06,2,6,9,5,1,134
LMS002121,STU00107,2026-02-17,4,31,10,1,3,196
LMS002122,STU00107,2026-04-24,2,50,3,1,0,60
LMS002123,STU00107,2026-06-02,2,40,6,5,5,69
LMS002124,STU00107,2026-05-28,6,89,12,2,1,128
LMS002125,STU00107,2026-05-18,8,3,10,1,2,56
LMS002126,STU00107,2026-02-17,0,91,13,0,4,181
LMS002127,STU00107,2026-02-05,6,40,7,4,1,205
LMS002128,STU00107,2026-05-17,3,58,10,3,5,233
LMS002129,STU00107,2026-01-01,4,19,9,0,5,193
LMS002130,STU00107,2026-04-15,8,144,1,5,0,183
LMS002131,STU00107,2026-05-21,3,84,13,0,1,159
LMS002132,STU00107,2026-03-19,8,172,4,2,0,153
LMS002133,STU00107,2026-04-16,6,69,7,1,0,218
LMS002134,STU00107,2026-02-02,1,109,11,0,3,71
LMS002135,STU00107,2026-03-07,2,149,13,0,3,203
LMS002136,STU00107,2026-05-22,4,77,8,3,5,186
LMS002137,STU00107,2026-02-21,0,10,11,2,3,66
LMS002138,STU00107,2026-03-15,0,26,9,5,5,224
LMS002139,STU00107,2026-02-26,0,100,15,1,0,30
LMS002140,STU00107,2026-02-14,2,68,9,2,4,108
LMS002141,STU00108,2026-03-27,7,38,8,4,2,159
LMS002142,STU00108,2026-06-24,7,157,3,1,5,178
LMS002143,STU00108,2026-04-14,0,103,0,2,4,35
LMS002144,STU00108,2026-01-09,7,107,13,0,4,201
LMS002145,STU00108,2026-06-20,1,81,3,1,5,128
LMS002146,STU00108,2026-02-23,2,29,8,0,5,38
LMS002147,STU00108,2026-01-07,2,155,4,0,3,215
LMS002148,STU00108,2026-04-25,2,157,12,4,4,49
LMS002149,STU00108,2026-02-15,6,21,12,2,0,115
LMS002150,STU00108,2026-03-09,3,42,9,3,5,56
LMS002151,STU00108,2026-01-15,6,16,2,3,4,163
LMS002152,STU00108,2026-02-05,6,44,14,5,1,1
LMS002153,STU00108,2026-04-03,4,178,1,0,3,73
LMS002154,STU00108,2026-04-18,6,151,5,4,1,179
LMS002155,STU00108,2026-02-28,0,30,15,2,3,236
LMS002156,STU00108,2026-02-15,6,53,5,3,4,193
LMS002157,STU00108,2026-04-11,8,96,1,5,2,186
LMS002158,STU00108,2026-05-27,4,28,7,3,1,112
LMS002159,STU00108,2026-01-14,6,83,3,4,3,77
LMS002160,STU00108,2026-01-10,5,115,6,3,2,107
LMS002161,STU00109,2026-04-14,6,48,2,3,5,124
LMS002162,STU00109,2026-04-13,6,93,11,5,2,181
LMS002163,STU00109,2026-01-23,2,20,7,2,2,123
LMS002164,STU00109,2026-03-10,4,55,6,5,5,75
LMS002165,STU00109,2026-06-04,2,135,12,1,4,228
LMS002166,STU00109,2026-02-19,0,165,3,3,2,185
LMS002167,STU00109,2026-01-18,8,2,8,0,0,151
LMS002168,STU00109,2026-05-05,7,118,13,3,5,42
LMS002169,STU00109,2026-03-27,4,85,14,0,2,169
LMS002170,STU00109,2026-04-19,6,73,12,2,2,66
LMS002171,STU00109,2026-03-10,1,103,15,4,1,140
LMS002172,STU00109,2026-04-20,4,92,13,4,1,53
LMS002173,STU00109,2026-02-16,0,39,8,3,1,82
LMS002174,STU00109,2026-04-08,7,18,10,2,3,123
LMS002175,STU00109,2026-03-27,5,29,14,4,4,72
LMS002176,STU00109,2026-02-20,7,90,3,0,3,170
LMS002177,STU00109,2026-06-29,0,24,2,0,2,174
LMS002178,STU00109,2026-04-17,0,50,12,5,0,195
LMS002179,STU00109,2026-01-24,7,109,1,2,5,8
LMS002180,STU00109,2026-02-22,0,21,5,5,0,190
LMS002181,STU00110,2026-06-18,6,119,14,0,4,25
LMS002182,STU00110,2026-02-20,0,4,11,5,2,129
LMS002183,STU00110,2026-05-15,1,106,6,0,1,210
LMS002184,STU00110,2026-01-17,2,151,5,5,3,109
LMS002185,STU00110,2026-01-02,3,97,14,0,1,144
LMS002186,STU00110,2026-04-11,4,79,3,3,4,157
LMS002187,STU00110,2026-03-30,2,115,6,0,1,235
LMS002188,STU00110,2026-05-07,3,130,6,5,0,89
LMS002189,STU00110,2026-05-06,2,130,7,5,4,167
LMS002190,STU00110,2026-03-17,1,11,9,0,4,49
LMS002191,STU00110,2026-01-14,5,160,15,5,2,24
LMS002192,STU00110,2026-04-07,0,39,1,2,2,141
LMS002193,STU00110,2026-05-12,6,116,10,2,3,88
LMS002194,STU00110,2026-03-28,8,44,9,0,3,19
LMS002195,STU00110,2026-02-21,1,43,4,5,5,55
LMS002196,STU00110,2026-03-19,7,51,3,5,5,235
LMS002197,STU00110,2026-01-27,1,119,7,4,3,6
LMS002198,STU00110,2026-04-11,4,56,10,0,2,164
LMS002199,STU00110,2026-01-05,5,126,10,3,0,90
LMS002200,STU00110,2026-01-10,8,90,14,1,5,6
LMS002201,STU00111,2026-04-19,7,138,2,2,1,68
LMS002202,STU00111,2026-01-24,3,47,12,1,3,42
LMS002203,STU00111,2026-05-05,1,64,3,5,2,118
LMS002204,STU00111,2026-06-13,0,174,3,0,1,97
LMS002205,STU00111,2026-04-10,3,157,8,3,4,78
LMS002206,STU00111,2026-05-11,4,86,7,3,1,183
LMS002207,STU00111,2026-06-06,2,114,12,3,2,79
LMS002208,STU00111,2026-05-29,1,97,0,4,0,72
LMS002209,STU00111,2026-06-08,7,155,15,5,3,11
LMS002210,STU00111,2026-05-09,8,24,8,5,5,177
LMS002211,STU00111,2026-04-10,5,49,4,3,4,114
LMS002212,STU00111,2026-01-27,1,5,15,3,3,5
LMS002213,STU00111,2026-06-27,8,124,1,4,1,68
LMS002214,STU00111,2026-05-25,1,27,15,1,3,9
LMS002215,STU00111,2026-02-05,2,29,2,3,1,87
LMS002216,STU00111,2026-01-24,1,40,8,4,0,28
LMS002217,STU00111,2026-05-26,6,55,11,3,3,228
LMS002218,STU00111,2026-03-02,1,171,4,1,1,61
LMS002219,STU00111,2026-06-17,2,62,4,3,2,10
LMS002220,STU00111,2026-02-20,1,123,0,1,4,227
LMS002221,STU00112,2026-02-10,6,125,10,2,5,9
LMS002222,STU00112,2026-01-13,7,102,2,3,0,64
LMS002223,STU00112,2026-06-01,6,34,10,1,2,148
LMS002224,STU00112,2026-05-23,4,104,7,0,3,52
LMS002225,STU00112,2026-01-14,3,28,8,2,0,145
LMS002226,STU00112,2026-02-28,8,165,1,3,5,78
LMS002227,STU00112,2026-01-21,5,142,8,4,2,107
LMS002228,STU00112,2026-01-26,7,167,5,4,4,125
LMS002229,STU00112,2026-05-31,8,159,12,4,4,121
LMS002230,STU00112,2026-01-06,1,173,13,1,5,45
LMS002231,STU00112,2026-03-28,4,68,1,0,0,181
LMS002232,STU00112,2026-05-12,5,78,9,1,5,50
LMS002233,STU00112,2026-06-02,2,137,10,4,2,54
LMS002234,STU00112,2026-02-08,2,109,12,3,1,188
LMS002235,STU00112,2026-04-20,2,53,8,0,5,79
LMS002236,STU00112,2026-03-09,2,47,2,2,3,131
LMS002237,STU00112,2026-03-20,4,139,0,3,3,34
LMS002238,STU00112,2026-05-14,8,24,7,2,4,21
LMS002239,STU00112,2026-04-30,2,161,14,1,0,58
LMS002240,STU00112,2026-05-23,7,58,6,5,0,227
LMS002241,STU00113,2026-05-09,2,159,11,4,3,228
LMS002242,STU00113,2026-01-15,5,58,5,1,3,19
LMS002243,STU00113,2026-01-23,4,60,12,4,3,210
LMS002244,STU00113,2026-03-04,4,113,3,5,0,193
LMS002245,STU00113,2026-01-22,2,149,0,4,3,58
LMS002246,STU00113,2026-06-10,7,95,0,1,4,160
LMS002247,STU00113,2026-05-12,0,46,9,3,2,152
LMS002248,STU00113,2026-04-03,8,143,3,1,4,215
LMS002249,STU00113,2026-01-06,4,70,14,4,5,117
LMS002250,STU00113,2026-02-05,2,46,6,3,0,2
LMS002251,STU00113,2026-04-29,3,81,6,2,5,202
LMS002252,STU00113,2026-02-24,4,50,8,1,3,175
LMS002253,STU00113,2026-04-03,6,92,12,4,4,159
LMS002254,STU00113,2026-02-25,0,71,12,5,1,199
LMS002255,STU00113,2026-05-12,3,42,2,5,2,186
LMS002256,STU00113,2026-01-28,6,70,1,4,1,39
LMS002257,STU00113,2026-04-04,3,112,13,4,5,126
LMS002258,STU00113,2026-02-02,5,41,3,3,3,170
LMS002259,STU00113,2026-06-01,8,119,9,4,3,136
LMS002260,STU00113,2026-02-14,3,0,7,5,5,192
LMS002261,STU00114,2026-06-12,4,112,11,5,1,217
LMS002262,STU00114,2026-02-21,0,17,0,0,1,167
LMS002263,STU00114,2026-01-02,5,5,11,3,0,93
LMS002264,STU00114,2026-03-13,6,92,4,1,1,168
LMS002265,STU00114,2026-02-18,7,5,6,5,5,47
LMS002266,STU00114,2026-05-01,8,139,1,4,3,228
LMS002267,STU00114,2026-06-02,0,17,15,4,3,108
LMS002268,STU00114,2026-04-30,6,24,7,2,0,82
LMS002269,STU00114,2026-03-02,4,171,10,3,1,74
LMS002270,STU00114,2026-03-12,7,92,12,4,3,214
LMS002271,STU00114,2026-03-26,0,31,5,1,3,165
LMS002272,STU00114,2026-01-17,7,55,9,0,0,53
LMS002273,STU00114,2026-06-18,4,14,1,5,4,196
LMS002274,STU00114,2026-06-11,3,151,15,1,2,11
LMS002275,STU00114,2026-03-31,5,180,0,4,5,2
LMS002276,STU00114,2026-06-21,4,5,10,5,2,162
LMS002277,STU00114,2026-02-10,3,174,12,3,3,51
LMS002278,STU00114,2026-03-17,6,6,13,4,5,25
LMS002279,STU00114,2026-04-03,1,6,14,1,2,207
LMS002280,STU00114,2026-05-23,0,145,15,4,1,55
LMS002281,STU00115,2026-03-24,0,143,2,0,2,77
LMS002282,STU00115,2026-04-16,0,37,11,2,4,58
LMS002283,STU00115,2026-05-30,5,17,8,3,5,231
LMS002284,STU00115,2026-04-16,5,106,12,1,0,104
LMS002285,STU00115,2026-05-16,7,136,12,5,5,36
LMS002286,STU00115,2026-03-26,8,120,12,4,1,62
LMS002287,STU00115,2026-03-25,3,77,10,2,1,80
LMS002288,STU00115,2026-02-26,0,20,15,0,3,231
LMS002289,STU00115,2026-05-09,1,162,0,2,3,102
LMS002290,STU00115,2026-01-28,2,37,7,5,3,97
LMS002291,STU00115,2026-02-18,1,142,8,3,4,25
LMS002292,STU00115,2026-01-02,1,71,11,0,5,117
LMS002293,STU00115,2026-05-26,8,80,14,0,5,138
LMS002294,STU00115,2026-03-08,7,37,8,5,2,13
LMS002295,STU00115,2026-01-28,3,159,3,1,0,62
LMS002296,STU00115,2026-02-02,4,176,5,4,2,149
LMS002297,STU00115,2026-03-21,5,20,2,0,0,150
LMS002298,STU00115,2026-03-21,7,111,6,3,2,32
LMS002299,STU00115,2026-03-04,4,180,13,1,0,172
LMS002300,STU00115,2026-02-08,4,82,1,1,1,226
LMS002301,STU00116,2026-06-08,6,160,15,1,4,153
LMS002302,STU00116,2026-02-09,5,64,13,2,3,203
LMS002303,STU00116,2026-01-05,5,32,1,1,5,197
LMS002304,STU00116,2026-01-29,0,57,13,4,0,235
LMS002305,STU00116,2026-02-07,5,147,14,0,5,200
LMS002306,STU00116,2026-01-04,8,10,9,5,0,114
LMS002307,STU00116,2026-02-04,6,53,1,1,0,232
LMS002308,STU00116,2026-01-13,4,26,3,2,0,64
LMS002309,STU00116,2026-03-13,1,103,7,5,5,179
LMS002310,STU00116,2026-03-30,3,49,3,5,4,46
LMS002311,STU00116,2026-02-15,0,56,7,0,2,224
LMS002312,STU00116,2026-06-30,2,145,3,2,5,229
LMS002313,STU00116,2026-02-10,3,14,4,3,1,81
LMS002314,STU00116,2026-02-28,8,172,2,2,4,151
LMS002315,STU00116,2026-06-29,7,56,11,3,2,119
LMS002316,STU00116,2026-02-07,2,11,1,2,4,208
LMS002317,STU00116,2026-01-20,8,103,5,3,5,18
LMS002318,STU00116,2026-02-05,1,57,6,0,0,86
LMS002319,STU00116,2026-05-05,5,104,0,2,4,164
LMS002320,STU00116,2026-04-29,1,107,2,0,5,95
LMS002321,STU00117,2026-04-17,0,136,11,1,0,133
LMS002322,STU00117,2026-04-23,8,101,6,2,5,96
LMS002323,STU00117,2026-06-12,1,173,13,0,2,187
LMS002324,STU00117,2026-06-11,3,77,13,1,0,112
LMS002325,STU00117,2026-03-31,1,175,7,1,5,134
LMS002326,STU00117,2026-05-13,4,18,8,3,5,123
LMS002327,STU00117,2026-04-12,2,54,13,4,5,121
LMS002328,STU00117,2026-06-19,4,50,10,5,3,59
LMS002329,STU00117,2026-03-23,2,46,10,4,2,79
LMS002330,STU00117,2026-03-30,2,71,15,1,0,19
LMS002331,STU00117,2026-06-14,8,6,12,2,4,13
LMS002332,STU00117,2026-06-29,4,92,0,5,4,88
LMS002333,STU00117,2026-01-13,0,162,9,5,5,80
LMS002334,STU00117,2026-01-25,7,52,10,5,3,125
LMS002335,STU00117,2026-03-01,8,34,6,5,2,42
LMS002336,STU00117,2026-06-27,7,61,1,5,1,95
LMS002337,STU00117,2026-04-22,1,7,8,0,5,57
LMS002338,STU00117,2026-03-15,0,144,0,4,1,206
LMS002339,STU00117,2026-04-19,4,2,5,2,1,89
LMS002340,STU00117,2026-01-16,7,153,9,3,5,33
LMS002341,STU00118,2026-05-07,2,42,10,2,1,94
LMS002342,STU00118,2026-04-17,6,125,7,4,2,202
LMS002343,STU00118,2026-04-10,0,51,15,5,5,227
LMS002344,STU00118,2026-05-20,5,52,9,4,4,117
LMS002345,STU00118,2026-01-26,1,39,12,1,5,50
LMS002346,STU00118,2026-03-11,8,3,14,3,2,233
LMS002347,STU00118,2026-04-03,4,160,3,3,3,137
LMS002348,STU00118,2026-01-19,3,101,5,2,5,137
LMS002349,STU00118,2026-01-28,8,111,7,1,4,60
LMS002350,STU00118,2026-01-08,8,153,2,4,5,139
LMS002351,STU00118,2026-04-02,2,26,6,1,0,78
LMS002352,STU00118,2026-05-11,1,167,4,3,0,25
LMS002353,STU00118,2026-02-22,7,53,15,2,0,219
LMS002354,STU00118,2026-02-25,6,113,6,3,1,183
LMS002355,STU00118,2026-06-21,3,157,3,2,2,103
LMS002356,STU00118,2026-06-08,8,79,1,4,4,120
LMS002357,STU00118,2026-04-13,8,4,13,1,1,210
LMS002358,STU00118,2026-06-17,1,91,11,5,1,209
LMS002359,STU00118,2026-01-23,2,44,14,4,4,128
LMS002360,STU00118,2026-01-28,8,118,9,3,0,170
LMS002361,STU00119,2026-06-12,6,55,10,1,3,224
LMS002362,STU00119,2026-03-30,6,176,11,4,4,176
LMS002363,STU00119,2026-03-10,8,10,5,4,5,203
LMS002364,STU00119,2026-02-11,2,60,14,5,2,150
LMS002365,STU00119,2026-02-24,0,168,5,2,0,68
LMS002366,STU00119,2026-02-11,0,114,2,1,5,24
LMS002367,STU00119,2026-05-25,7,23,13,1,4,59
LMS002368,STU00119,2026-03-24,2,122,12,0,4,190
LMS002369,STU00119,2026-05-27,2,14,2,5,1,98
LMS002370,STU00119,2026-05-13,6,22,8,3,0,57
LMS002371,STU00119,2026-01-11,5,120,12,3,5,47
LMS002372,STU00119,2026-03-05,1,59,0,2,4,85
LMS002373,STU00119,2026-06-16,0,131,8,0,3,65
LMS002374,STU00119,2026-04-27,8,49,7,1,1,76
LMS002375,STU00119,2026-06-01,1,122,6,5,4,151
LMS002376,STU00119,2026-01-02,4,163,4,3,4,218
LMS002377,STU00119,2026-05-25,4,158,1,2,0,140
LMS002378,STU00119,2026-04-28,8,167,8,0,5,35
LMS002379,STU00119,2026-02-13,6,55,7,5,3,1
LMS002380,STU00119,2026-03-06,5,125,3,1,1,53
LMS002381,STU00120,2026-02-06,6,47,13,1,2,176
LMS002382,STU00120,2026-04-01,0,112,12,2,3,203
LMS002383,STU00120,2026-05-21,5,33,0,0,3,182
LMS002384,STU00120,2026-03-13,6,126,8,2,3,109
LMS002385,STU00120,2026-01-13,5,6,14,0,1,195
LMS002386,STU00120,2026-04-01,1,137,14,3,1,212
LMS002387,STU00120,2026-03-10,0,131,6,0,5,88
LMS002388,STU00120,2026-05-10,2,127,6,5,0,174
LMS002389,STU00120,2026-02-25,6,28,10,2,0,161
LMS002390,STU00120,2026-05-20,0,109,12,0,1,234
LMS002391,STU00120,2026-03-24,5,86,4,3,4,79
LMS002392,STU00120,2026-03-07,3,80,13,0,4,141
LMS002393,STU00120,2026-05-07,6,17,1,4,1,168
LMS002394,STU00120,2026-03-09,8,13,12,4,1,97
LMS002395,STU00120,2026-05-14,1,176,1,5,1,124
LMS002396,STU00120,2026-06-02,5,40,3,4,1,215
LMS002397,STU00120,2026-01-02,3,38,0,2,1,145
LMS002398,STU00120,2026-04-16,8,30,0,1,0,230
LMS002399,STU00120,2026-01-08,1,171,14,1,1,165
LMS002400,STU00120,2026-04-08,0,107,5,4,3,125
LMS002401,STU00121,2026-04-22,7,116,9,4,3,237
LMS002402,STU00121,2026-01-20,6,105,7,4,3,234
LMS002403,STU00121,2026-03-25,4,44,2,5,2,144
LMS002404,STU00121,2026-04-26,8,162,4,4,4,149
LMS002405,STU00121,2026-01-01,3,64,5,1,5,238
LMS002406,STU00121,2026-05-25,4,111,11,5,1,218
LMS002407,STU00121,2026-06-18,2,131,15,5,4,12
LMS002408,STU00121,2026-03-30,2,76,4,1,0,92
LMS002409,STU00121,2026-06-16,0,26,3,3,4,123
LMS002410,STU00121,2026-01-03,3,19,6,1,2,70
LMS002411,STU00121,2026-04-26,4,11,10,5,1,65
LMS002412,STU00121,2026-05-02,7,36,9,1,0,26
LMS002413,STU00121,2026-04-14,0,119,2,5,1,216
LMS002414,STU00121,2026-04-27,8,129,6,0,1,56
LMS002415,STU00121,2026-03-29,0,37,6,0,5,222
LMS002416,STU00121,2026-04-18,7,91,9,1,0,159
LMS002417,STU00121,2026-05-23,7,100,4,5,3,222
LMS002418,STU00121,2026-03-14,1,115,14,3,4,110
LMS002419,STU00121,2026-01-24,3,112,5,5,0,153
LMS002420,STU00121,2026-06-27,7,55,2,1,2,12
LMS002421,STU00122,2026-04-14,0,10,12,3,3,174
LMS002422,STU00122,2026-04-21,2,82,11,3,4,40
LMS002423,STU00122,2026-04-28,5,110,15,0,0,175
LMS002424,STU00122,2026-06-06,0,95,1,1,2,91
LMS002425,STU00122,2026-05-10,1,152,0,5,3,146
LMS002426,STU00122,2026-06-20,3,81,10,2,2,166
LMS002427,STU00122,2026-04-19,0,20,3,2,1,219
LMS002428,STU00122,2026-05-10,5,27,8,3,4,37
LMS002429,STU00122,2026-02-01,3,27,3,4,2,237
LMS002430,STU00122,2026-04-11,0,58,14,3,3,76
LMS002431,STU00122,2026-05-07,4,74,0,0,4,184
LMS002432,STU00122,2026-04-14,7,132,9,5,1,87
LMS002433,STU00122,2026-05-24,5,88,9,0,4,122
LMS002434,STU00122,2026-03-08,1,45,5,4,5,29
LMS002435,STU00122,2026-02-26,5,41,3,2,4,16
LMS002436,STU00122,2026-06-04,5,161,1,1,3,117
LMS002437,STU00122,2026-06-29,5,153,11,4,2,208
LMS002438,STU00122,2026-06-05,7,87,4,2,0,3
LMS002439,STU00122,2026-04-27,4,148,2,0,3,148
LMS002440,STU00122,2026-05-29,4,120,2,1,2,45
LMS002441,STU00123,2026-05-24,4,86,6,5,3,76
LMS002442,STU00123,2026-03-09,1,135,12,1,0,2
LMS002443,STU00123,2026-05-27,0,132,1,1,0,104
LMS002444,STU00123,2026-05-03,1,174,7,0,5,100
LMS002445,STU00123,2026-03-27,0,161,8,4,2,208
LMS002446,STU00123,2026-03-01,3,84,13,3,0,95
LMS002447,STU00123,2026-02-04,7,96,0,4,5,213
LMS002448,STU00123,2026-03-21,0,166,8,5,1,208
LMS002449,STU00123,2026-06-10,5,71,5,1,1,132
LMS002450,STU00123,2026-03-13,0,136,13,5,5,239
LMS002451,STU00123,2026-06-26,7,37,3,1,0,5
LMS002452,STU00123,2026-04-05,4,102,0,2,2,68
LMS002453,STU00123,2026-03-13,2,76,15,0,2,159
LMS002454,STU00123,2026-02-05,4,76,4,3,4,129
LMS002455,STU00123,2026-05-17,8,139,13,4,0,68
LMS002456,STU00123,2026-04-13,4,103,0,5,2,20
LMS002457,STU00123,2026-05-08,8,79,9,0,3,213
LMS002458,STU00123,2026-04-19,4,101,5,2,4,2
LMS002459,STU00123,2026-03-16,7,44,12,3,5,60
LMS002460,STU00123,2026-01-24,8,19,6,5,3,112
LMS002461,STU00124,2026-05-19,1,68,2,3,1,203
LMS002462,STU00124,2026-01-21,6,164,4,1,4,174
LMS002463,STU00124,2026-05-23,7,25,9,1,4,225
LMS002464,STU00124,2026-01-06,1,167,14,5,3,205
LMS002465,STU00124,2026-03-01,8,73,3,0,0,175
LMS002466,STU00124,2026-02-03,3,28,0,1,5,188
LMS002467,STU00124,2026-06-24,7,131,12,2,1,96
LMS002468,STU00124,2026-03-16,8,15,10,3,1,119
LMS002469,STU00124,2026-03-30,2,19,11,3,0,56
LMS002470,STU00124,2026-04-22,3,18,2,1,4,238
LMS002471,STU00124,2026-05-26,3,152,5,1,5,203
LMS002472,STU00124,2026-06-11,0,119,10,2,1,74
LMS002473,STU00124,2026-03-14,4,85,11,2,1,7
LMS002474,STU00124,2026-01-19,1,85,1,4,2,187
LMS002475,STU00124,2026-06-22,8,122,4,3,2,68
LMS002476,STU00124,2026-01-10,7,33,3,2,0,232
LMS002477,STU00124,2026-06-15,7,66,1,3,5,26
LMS002478,STU00124,2026-06-22,2,166,12,5,4,60
LMS002479,STU00124,2026-04-30,3,131,4,3,4,173
LMS002480,STU00124,2026-03-08,3,103,13,2,2,148
LMS002481,STU00125,2026-04-04,8,38,8,4,0,20
LMS002482,STU00125,2026-05-24,6,21,3,4,4,22
LMS002483,STU00125,2026-02-19,7,118,3,0,2,79
LMS002484,STU00125,2026-02-14,6,71,14,0,2,116
LMS002485,STU00125,2026-04-25,1,8,11,1,4,98
LMS002486,STU00125,2026-03-24,7,126,3,1,5,22
LMS002487,STU00125,2026-06-01,1,7,0,0,0,2
LMS002488,STU00125,2026-02-13,3,38,11,5,3,42
LMS002489,STU00125,2026-06-28,1,76,4,2,4,57
LMS002490,STU00125,2026-04-30,1,180,8,5,4,93
LMS002491,STU00125,2026-03-13,1,14,11,4,1,14
LMS002492,STU00125,2026-04-11,1,162,8,2,4,196
LMS002493,STU00125,2026-02-23,4,107,2,0,3,49
LMS002494,STU00125,2026-05-21,7,170,6,4,0,1
LMS002495,STU00125,2026-05-22,0,38,6,4,1,235
LMS002496,STU00125,2026-04-06,7,37,14,2,0,47
LMS002497,STU00125,2026-01-28,6,82,8,2,4,37
LMS002498,STU00125,2026-04-15,7,6,13,1,5,236
LMS002499,STU00125,2026-03-23,8,99,9,5,1,231
LMS002500,STU00125,2026-04-17,4,7,13,2,2,59
LMS002501,STU00126,2026-02-08,0,37,14,1,4,35
LMS002502,STU00126,2026-06-26,7,32,12,0,1,51
LMS002503,STU00126,2026-04-25,8,103,12,5,3,93
LMS002504,STU00126,2026-03-31,0,39,1,5,5,157
LMS002505,STU00126,2026-05-23,1,43,3,1,3,230
LMS002506,STU00126,2026-03-15,7,175,9,3,4,137
LMS002507,STU00126,2026-01-21,2,27,5,4,0,18
LMS002508,STU00126,2026-03-19,2,11,9,3,4,92
LMS002509,STU00126,2026-05-23,6,70,4,3,4,108
LMS002510,STU00126,2026-02-24,3,100,12,5,4,0
LMS002511,STU00126,2026-01-10,3,43,4,2,0,181
LMS002512,STU00126,2026-01-16,4,86,15,0,2,72
LMS002513,STU00126,2026-04-05,4,138,5,0,1,193
LMS002514,STU00126,2026-01-19,1,8,1,2,2,30
LMS002515,STU00126,2026-03-11,7,129,6,0,0,185
LMS002516,STU00126,2026-03-14,4,128,15,5,0,82
LMS002517,STU00126,2026-06-01,1,23,2,5,4,69
LMS002518,STU00126,2026-04-08,3,125,2,4,1,172
LMS002519,STU00126,2026-06-25,8,111,13,3,2,29
LMS002520,STU00126,2026-05-09,8,88,0,4,5,102
LMS002521,STU00127,2026-06-24,2,145,4,1,2,8
LMS002522,STU00127,2026-03-05,2,80,14,4,5,154
LMS002523,STU00127,2026-01-13,6,140,3,4,0,127
LMS002524,STU00127,2026-03-26,7,14,13,2,1,204
LMS002525,STU00127,2026-03-08,1,68,13,3,1,111
LMS002526,STU00127,2026-01-21,5,176,4,3,5,33
LMS002527,STU00127,2026-02-27,3,158,10,3,2,176
LMS002528,STU00127,2026-04-28,3,140,0,5,0,63
LMS002529,STU00127,2026-04-12,7,93,14,2,3,214
LMS002530,STU00127,2026-04-23,1,8,11,2,0,166
LMS002531,STU00127,2026-06-19,5,99,7,4,4,193
LMS002532,STU00127,2026-01-17,1,93,1,1,2,98
LMS002533,STU00127,2026-05-13,4,131,8,4,5,35
LMS002534,STU00127,2026-05-15,8,22,0,5,5,184
LMS002535,STU00127,2026-06-21,5,61,15,0,0,139
LMS002536,STU00127,2026-01-15,7,150,1,4,3,10
LMS002537,STU00127,2026-05-06,5,81,4,1,0,59
LMS002538,STU00127,2026-01-09,1,18,15,4,4,99
LMS002539,STU00127,2026-02-20,8,19,1,5,2,49
LMS002540,STU00127,2026-03-09,4,134,4,0,3,160
LMS002541,STU00128,2026-01-22,5,164,5,0,5,96
LMS002542,STU00128,2026-04-11,0,126,9,1,3,225
LMS002543,STU00128,2026-04-24,5,102,14,3,5,167
LMS002544,STU00128,2026-01-31,2,42,9,5,4,95
LMS002545,STU00128,2026-05-01,0,108,7,1,5,83
LMS002546,STU00128,2026-06-12,6,13,14,5,4,143
LMS002547,STU00128,2026-01-26,6,39,7,1,4,161
LMS002548,STU00128,2026-05-09,3,39,10,5,5,20
LMS002549,STU00128,2026-05-07,2,10,3,4,4,210
LMS002550,STU00128,2026-04-07,4,92,2,1,0,102
LMS002551,STU00128,2026-02-25,8,101,15,2,4,230
LMS002552,STU00128,2026-02-16,3,7,3,3,3,2
LMS002553,STU00128,2026-04-07,6,164,14,3,2,192
LMS002554,STU00128,2026-05-02,4,40,11,1,3,228
LMS002555,STU00128,2026-03-19,8,107,10,0,3,104
LMS002556,STU00128,2026-03-19,2,138,6,1,4,195
LMS002557,STU00128,2026-01-24,4,79,9,0,3,16
LMS002558,STU00128,2026-01-04,3,18,14,4,5,216
LMS002559,STU00128,2026-05-08,6,79,0,2,2,93
LMS002560,STU00128,2026-05-20,2,124,8,1,1,4
LMS002561,STU00129,2026-04-19,3,14,3,3,1,14
LMS002562,STU00129,2026-06-21,5,161,2,3,2,145
LMS002563,STU00129,2026-03-28,6,131,15,1,1,94
LMS002564,STU00129,2026-03-15,2,110,0,3,4,106
LMS002565,STU00129,2026-05-02,7,57,11,2,3,128
LMS002566,STU00129,2026-01-23,2,29,8,5,0,80
LMS002567,STU00129,2026-02-11,4,150,5,2,5,163
LMS002568,STU00129,2026-04-24,8,60,9,2,0,199
LMS002569,STU00129,2026-06-16,2,96,0,5,1,65
LMS002570,STU00129,2026-02-08,4,141,9,5,3,108
LMS002571,STU00129,2026-04-07,1,52,4,5,4,97
LMS002572,STU00129,2026-03-29,8,165,3,5,3,41
LMS002573,STU00129,2026-05-15,1,16,8,4,4,30
LMS002574,STU00129,2026-01-19,0,97,0,0,1,69
LMS002575,STU00129,2026-01-22,8,85,9,3,5,59
LMS002576,STU00129,2026-05-25,8,85,11,0,0,130
LMS002577,STU00129,2026-01-02,1,59,5,3,1,89
LMS002578,STU00129,2026-06-17,8,1,2,5,2,58
LMS002579,STU00129,2026-01-05,4,110,5,5,0,233
LMS002580,STU00129,2026-01-23,6,43,9,4,3,172
LMS002581,STU00130,2026-06-29,1,114,9,3,3,35
LMS002582,STU00130,2026-03-07,2,63,3,5,0,184
LMS002583,STU00130,2026-01-17,2,165,0,1,3,3
LMS002584,STU00130,2026-06-09,6,127,10,2,1,45
LMS002585,STU00130,2026-05-11,7,87,5,3,4,40
LMS002586,STU00130,2026-06-08,7,129,6,2,3,218
LMS002587,STU00130,2026-01-30,6,177,4,2,2,175
LMS002588,STU00130,2026-03-29,0,15,11,3,3,106
LMS002589,STU00130,2026-05-03,8,2,11,5,3,222
LMS002590,STU00130,2026-04-26,7,41,2,2,0,112
LMS002591,STU00130,2026-06-22,2,153,0,1,5,64
LMS002592,STU00130,2026-03-20,5,46,0,0,4,132
LMS002593,STU00130,2026-06-10,8,102,10,1,0,45
LMS002594,STU00130,2026-05-22,7,61,10,2,5,58
LMS002595,STU00130,2026-05-01,5,156,12,4,1,171
LMS002596,STU00130,2026-01-07,1,90,10,3,5,159
LMS002597,STU00130,2026-06-12,4,63,13,4,5,61
LMS002598,STU00130,2026-05-01,4,107,3,4,1,104
LMS002599,STU00130,2026-05-22,4,119,11,0,1,93
LMS002600,STU00130,2026-04-25,5,77,10,5,1,131
LMS002601,STU00131,2026-05-21,2,54,1,0,0,124
LMS002602,STU00131,2026-05-25,6,23,10,2,3,187
LMS002603,STU00131,2026-04-29,5,95,3,1,0,18
LMS002604,STU00131,2026-02-04,1,50,8,1,0,181
LMS002605,STU00131,2026-04-11,2,37,6,2,2,75
LMS002606,STU00131,2026-02-22,6,17,8,2,4,170
LMS002607,STU00131,2026-03-23,6,173,12,3,5,153
LMS002608,STU00131,2026-03-22,1,117,5,5,5,191
LMS002609,STU00131,2026-06-08,6,20,12,5,0,26
LMS002610,STU00131,2026-06-12,6,11,0,5,1,89
LMS002611,STU00131,2026-02-06,0,50,6,2,5,94
LMS002612,STU00131,2026-06-07,7,83,8,0,4,58
LMS002613,STU00131,2026-01-14,4,142,10,0,4,106
LMS002614,STU00131,2026-02-23,6,138,6,4,4,55
LMS002615,STU00131,2026-04-12,4,85,6,5,3,161
LMS002616,STU00131,2026-05-26,1,128,6,5,5,36
LMS002617,STU00131,2026-04-25,2,22,9,1,0,163
LMS002618,STU00131,2026-06-03,8,152,14,4,4,130
LMS002619,STU00131,2026-02-15,8,148,14,2,0,68
LMS002620,STU00131,2026-02-26,7,57,3,5,2,93
LMS002621,STU00132,2026-02-28,1,123,8,0,5,192
LMS002622,STU00132,2026-06-28,4,110,8,4,3,40
LMS002623,STU00132,2026-04-15,4,117,11,3,3,26
LMS002624,STU00132,2026-02-04,0,162,1,0,1,231
LMS002625,STU00132,2026-02-28,4,74,13,5,5,207
LMS002626,STU00132,2026-04-25,6,23,6,0,0,51
LMS002627,STU00132,2026-01-25,7,101,11,1,0,156
LMS002628,STU00132,2026-06-09,3,108,9,3,4,190
LMS002629,STU00132,2026-05-24,0,56,9,4,5,163
LMS002630,STU00132,2026-06-13,0,105,3,3,0,1
LMS002631,STU00132,2026-04-16,4,92,11,5,2,161
LMS002632,STU00132,2026-01-09,7,179,3,2,0,199
LMS002633,STU00132,2026-01-13,7,52,14,3,2,108
LMS002634,STU00132,2026-02-27,2,36,15,3,1,179
LMS002635,STU00132,2026-01-07,7,134,0,5,5,207
LMS002636,STU00132,2026-04-28,7,158,11,5,3,62
LMS002637,STU00132,2026-02-25,3,43,10,0,1,226
LMS002638,STU00132,2026-03-17,8,115,1,5,1,157
LMS002639,STU00132,2026-05-15,2,144,4,3,2,177
LMS002640,STU00132,2026-03-28,8,60,13,5,5,56
LMS002641,STU00133,2026-02-02,8,138,8,2,3,159
LMS002642,STU00133,2026-06-12,4,117,1,1,4,197
LMS002643,STU00133,2026-03-06,2,118,7,1,3,138
LMS002644,STU00133,2026-01-06,8,51,14,1,2,9
LMS002645,STU00133,2026-04-28,1,52,3,1,1,205
LMS002646,STU00133,2026-05-07,0,96,0,5,1,227
LMS002647,STU00133,2026-02-16,6,43,4,2,5,25
LMS002648,STU00133,2026-02-16,2,142,1,1,1,68
LMS002649,STU00133,2026-06-13,6,10,0,0,4,116
LMS002650,STU00133,2026-05-05,6,114,7,0,2,162
LMS002651,STU00133,2026-04-12,3,28,7,2,3,192
LMS002652,STU00133,2026-05-14,0,10,4,2,4,188
LMS002653,STU00133,2026-06-10,5,171,3,2,2,150
LMS002654,STU00133,2026-04-30,1,13,9,4,5,131
LMS002655,STU00133,2026-02-12,2,151,2,5,5,116
LMS002656,STU00133,2026-02-17,3,114,12,2,1,111
LMS002657,STU00133,2026-02-04,8,33,0,3,4,192
LMS002658,STU00133,2026-05-26,6,180,3,3,3,45
LMS002659,STU00133,2026-02-10,5,49,4,4,3,165
LMS002660,STU00133,2026-05-17,2,106,6,1,3,24
LMS002661,STU00134,2026-02-15,5,126,1,4,2,77
LMS002662,STU00134,2026-06-11,2,87,12,1,1,185
LMS002663,STU00134,2026-05-25,1,102,10,2,2,93
LMS002664,STU00134,2026-05-17,5,34,7,5,5,152
LMS002665,STU00134,2026-01-18,3,3,12,3,5,190
LMS002666,STU00134,2026-01-05,6,68,12,0,1,48
LMS002667,STU00134,2026-02-23,1,63,11,5,1,55
LMS002668,STU00134,2026-02-11,3,172,7,4,5,113
LMS002669,STU00134,2026-06-04,8,25,15,5,0,29
LMS002670,STU00134,2026-01-29,6,112,12,0,1,200
LMS002671,STU00134,2026-05-06,3,53,8,1,1,159
LMS002672,STU00134,2026-06-21,0,15,6,1,1,55
LMS002673,STU00134,2026-03-02,6,101,1,1,4,24
LMS002674,STU00134,2026-02-14,0,96,10,2,2,61
LMS002675,STU00134,2026-02-20,3,134,3,3,1,119
LMS002676,STU00134,2026-02-19,2,68,6,0,5,11
LMS002677,STU00134,2026-03-02,6,166,14,1,2,234
LMS002678,STU00134,2026-04-01,5,35,14,1,0,77
LMS002679,STU00134,2026-02-25,2,10,10,5,1,147
LMS002680,STU00134,2026-03-03,1,85,12,4,5,211
LMS002681,STU00135,2026-04-04,4,84,11,5,3,236
LMS002682,STU00135,2026-04-01,1,60,2,0,4,204
LMS002683,STU00135,2026-05-25,1,61,5,5,1,210
LMS002684,STU00135,2026-03-23,4,28,13,4,5,127
LMS002685,STU00135,2026-02-08,5,80,15,2,0,163
LMS002686,STU00135,2026-05-13,2,64,14,1,5,119
LMS002687,STU00135,2026-02-16,6,97,9,5,3,34
LMS002688,STU00135,2026-06-11,6,126,2,3,2,61
LMS002689,STU00135,2026-05-31,1,162,2,0,1,191
LMS002690,STU00135,2026-04-01,0,21,6,5,5,89
LMS002691,STU00135,2026-03-12,8,4,10,0,1,195
LMS002692,STU00135,2026-05-25,3,16,3,2,4,29
LMS002693,STU00135,2026-04-27,4,79,8,3,4,189
LMS002694,STU00135,2026-03-12,6,12,13,1,1,144
LMS002695,STU00135,2026-06-17,1,95,0,4,3,61
LMS002696,STU00135,2026-03-02,1,107,14,5,5,55
LMS002697,STU00135,2026-04-29,1,103,10,4,2,75
LMS002698,STU00135,2026-01-29,1,166,5,3,0,51
LMS002699,STU00135,2026-06-29,8,118,0,1,1,105
LMS002700,STU00135,2026-01-04,3,86,14,0,1,222
LMS002701,STU00136,2026-02-16,8,58,3,3,2,89
LMS002702,STU00136,2026-02-06,0,46,2,0,0,234
LMS002703,STU00136,2026-06-02,0,103,12,1,1,224
LMS002704,STU00136,2026-03-27,8,167,15,2,2,62
LMS002705,STU00136,2026-03-24,4,37,12,0,0,228
LMS002706,STU00136,2026-01-07,4,82,5,0,1,35
LMS002707,STU00136,2026-05-25,4,73,4,1,2,29
LMS002708,STU00136,2026-03-25,8,109,2,3,1,163
LMS002709,STU00136,2026-06-21,3,3,10,2,0,114
LMS002710,STU00136,2026-02-08,7,128,15,4,2,88
LMS002711,STU00136,2026-06-12,0,100,0,4,1,17
LMS002712,STU00136,2026-03-20,7,43,10,2,4,47
LMS002713,STU00136,2026-02-24,2,122,7,2,3,132
LMS002714,STU00136,2026-04-09,2,150,6,5,0,114
LMS002715,STU00136,2026-02-17,4,16,13,1,5,94
LMS002716,STU00136,2026-03-29,7,106,10,5,4,227
LMS002717,STU00136,2026-01-23,2,106,11,4,1,143
LMS002718,STU00136,2026-05-26,1,88,3,4,4,132
LMS002719,STU00136,2026-01-23,4,72,3,1,5,174
LMS002720,STU00136,2026-06-10,1,169,10,0,3,77
LMS002721,STU00137,2026-05-17,2,148,14,1,0,27
LMS002722,STU00137,2026-01-01,4,3,3,5,5,174
LMS002723,STU00137,2026-01-19,4,105,10,3,1,179
LMS002724,STU00137,2026-01-05,5,143,6,0,5,8
LMS002725,STU00137,2026-06-01,6,160,11,1,1,182
LMS002726,STU00137,2026-05-17,1,68,11,2,5,193
LMS002727,STU00137,2026-04-10,3,134,3,4,1,132
LMS002728,STU00137,2026-01-18,0,118,6,4,5,225
LMS002729,STU00137,2026-05-09,6,64,9,2,1,220
LMS002730,STU00137,2026-04-01,7,156,2,4,3,92
LMS002731,STU00137,2026-01-06,5,4,9,5,3,48
LMS002732,STU00137,2026-04-03,6,48,7,0,1,49
LMS002733,STU00137,2026-02-10,3,29,14,1,3,61
LMS002734,STU00137,2026-02-02,4,146,1,5,5,231
LMS002735,STU00137,2026-02-15,6,176,6,4,1,228
LMS002736,STU00137,2026-03-02,0,134,7,4,3,213
LMS002737,STU00137,2026-02-16,4,62,4,3,4,130
LMS002738,STU00137,2026-04-07,0,92,10,0,2,19
LMS002739,STU00137,2026-03-23,1,60,15,2,5,11
LMS002740,STU00137,2026-03-03,7,94,14,5,3,74
LMS002741,STU00138,2026-03-24,0,142,2,5,4,190
LMS002742,STU00138,2026-04-23,6,104,6,4,1,121
LMS002743,STU00138,2026-05-04,4,100,0,0,2,71
LMS002744,STU00138,2026-06-29,1,154,5,5,0,157
LMS002745,STU00138,2026-03-17,1,63,3,4,4,170
LMS002746,STU00138,2026-02-26,2,62,6,4,2,75
LMS002747,STU00138,2026-06-20,0,167,5,1,1,61
LMS002748,STU00138,2026-05-04,6,138,0,4,2,61
LMS002749,STU00138,2026-03-13,6,81,1,3,1,0
LMS002750,STU00138,2026-05-07,4,129,4,4,0,14
LMS002751,STU00138,2026-04-09,2,72,4,2,0,25
LMS002752,STU00138,2026-03-30,0,111,10,4,0,98
LMS002753,STU00138,2026-04-01,0,52,14,1,4,19
LMS002754,STU00138,2026-06-11,0,137,4,2,4,193
LMS002755,STU00138,2026-03-20,4,37,8,0,5,142
LMS002756,STU00138,2026-01-15,8,147,14,1,5,91
LMS002757,STU00138,2026-06-08,2,116,9,0,4,195
LMS002758,STU00138,2026-03-30,4,125,1,5,1,42
LMS002759,STU00138,2026-06-03,7,5,0,3,3,122
LMS002760,STU00138,2026-01-12,0,145,7,5,1,164
LMS002761,STU00139,2026-02-23,5,118,14,2,5,137
LMS002762,STU00139,2026-03-21,1,21,13,4,1,6
LMS002763,STU00139,2026-05-06,7,141,3,0,3,223
LMS002764,STU00139,2026-06-30,8,17,0,5,1,6
LMS002765,STU00139,2026-03-20,8,33,15,4,1,227
LMS002766,STU00139,2026-05-30,2,124,10,0,0,172
LMS002767,STU00139,2026-01-18,6,93,5,5,3,204
LMS002768,STU00139,2026-05-15,7,107,2,2,3,237
LMS002769,STU00139,2026-01-26,7,45,4,4,1,217
LMS002770,STU00139,2026-02-22,2,29,6,1,3,239
LMS002771,STU00139,2026-01-03,4,46,0,0,5,81
LMS002772,STU00139,2026-03-23,8,156,2,3,3,216
LMS002773,STU00139,2026-04-21,7,165,12,1,1,223
LMS002774,STU00139,2026-03-29,3,39,8,1,2,98
LMS002775,STU00139,2026-04-24,7,64,9,3,3,53
LMS002776,STU00139,2026-01-07,4,61,4,1,1,144
LMS002777,STU00139,2026-05-28,5,31,1,5,5,87
LMS002778,STU00139,2026-02-05,6,95,8,3,0,64
LMS002779,STU00139,2026-03-17,4,157,14,0,5,41
LMS002780,STU00139,2026-01-28,0,22,5,0,2,183
LMS002781,STU00140,2026-06-21,5,78,5,5,0,219
LMS002782,STU00140,2026-02-08,3,55,11,3,3,101
LMS002783,STU00140,2026-05-07,7,142,9,3,2,99
LMS002784,STU00140,2026-04-23,4,80,9,1,0,204
LMS002785,STU00140,2026-03-02,3,33,5,2,5,124
LMS002786,STU00140,2026-05-10,0,167,2,4,4,224
LMS002787,STU00140,2026-03-15,1,0,15,4,4,18
LMS002788,STU00140,2026-06-30,5,173,14,0,1,191
LMS002789,STU00140,2026-06-02,5,92,1,0,5,92
LMS002790,STU00140,2026-01-10,2,3,4,4,2,58
LMS002791,STU00140,2026-05-13,6,99,3,5,4,88
LMS002792,STU00140,2026-03-11,6,110,5,2,1,235
LMS002793,STU00140,2026-01-12,5,10,2,0,5,218
LMS002794,STU00140,2026-01-23,8,41,12,0,2,107
LMS002795,STU00140,2026-01-18,2,69,12,1,4,223
LMS002796,STU00140,2026-03-26,6,0,0,5,5,129
LMS002797,STU00140,2026-06-06,3,22,5,1,5,192
LMS002798,STU00140,2026-01-22,1,139,13,1,4,42
LMS002799,STU00140,2026-04-24,3,21,6,4,5,103
LMS002800,STU00140,2026-06-02,1,141,4,1,1,94
LMS002801,STU00141,2026-04-13,4,97,11,4,2,35
LMS002802,STU00141,2026-03-10,2,125,13,4,5,201
LMS002803,STU00141,2026-01-14,1,141,12,2,1,127
LMS002804,STU00141,2026-05-27,0,141,5,5,3,218
LMS002805,STU00141,2026-04-12,1,149,5,4,0,185
LMS002806,STU00141,2026-05-26,6,53,11,5,0,72
LMS002807,STU00141,2026-01-04,7,48,1,4,0,78
LMS002808,STU00141,2026-01-07,6,177,10,1,3,209
LMS002809,STU00141,2026-01-12,6,119,7,2,3,116
LMS002810,STU00141,2026-02-28,1,52,15,3,0,38
LMS002811,STU00141,2026-05-30,2,87,0,0,3,168
LMS002812,STU00141,2026-02-23,7,170,15,3,0,42
LMS002813,STU00141,2026-02-03,1,7,13,3,5,60
LMS002814,STU00141,2026-05-12,3,20,15,3,0,238
LMS002815,STU00141,2026-03-11,7,28,3,5,4,40
LMS002816,STU00141,2026-06-11,2,29,4,2,1,57
LMS002817,STU00141,2026-06-05,3,130,9,5,0,220
LMS002818,STU00141,2026-01-05,7,115,13,5,1,198
LMS002819,STU00141,2026-05-17,4,7,15,0,1,209
LMS002820,STU00141,2026-06-14,3,171,1,1,2,35
LMS002821,STU00142,2026-02-11,6,39,0,1,5,170
LMS002822,STU00142,2026-03-27,8,38,2,5,2,46
LMS002823,STU00142,2026-05-15,8,35,5,3,4,102
LMS002824,STU00142,2026-01-27,8,27,3,2,5,230
LMS002825,STU00142,2026-06-21,4,128,6,2,5,179
LMS002826,STU00142,2026-06-14,1,139,6,1,3,5
LMS002827,STU00142,2026-05-14,7,147,14,2,2,62
LMS002828,STU00142,2026-05-01,1,104,7,4,3,225
LMS002829,STU00142,2026-06-22,2,145,6,2,0,108
LMS002830,STU00142,2026-01-15,0,30,11,4,2,90
LMS002831,STU00142,2026-02-20,4,64,3,5,1,102
LMS002832,STU00142,2026-01-23,0,71,5,3,1,26
LMS002833,STU00142,2026-06-30,7,4,5,5,3,197
LMS002834,STU00142,2026-02-19,8,86,12,4,4,163
LMS002835,STU00142,2026-03-18,2,149,12,4,5,152
LMS002836,STU00142,2026-04-19,7,12,13,5,5,223
LMS002837,STU00142,2026-01-04,1,6,0,5,3,7
LMS002838,STU00142,2026-05-15,2,77,2,5,4,27
LMS002839,STU00142,2026-05-13,2,75,10,1,3,184
LMS002840,STU00142,2026-06-14,2,138,13,5,5,15
LMS002841,STU00143,2026-05-31,1,115,7,2,2,208
LMS002842,STU00143,2026-02-07,4,132,0,4,0,59
LMS002843,STU00143,2026-04-14,8,28,2,5,5,48
LMS002844,STU00143,2026-04-22,6,133,10,2,2,209
LMS002845,STU00143,2026-03-25,8,171,14,0,1,43
LMS002846,STU00143,2026-05-15,1,128,12,5,2,142
LMS002847,STU00143,2026-04-23,5,15,13,2,5,116
LMS002848,STU00143,2026-02-23,1,110,5,4,4,48
LMS002849,STU00143,2026-06-19,0,97,3,0,1,222
LMS002850,STU00143,2026-03-26,1,175,11,1,5,50
LMS002851,STU00143,2026-01-23,5,34,5,1,3,171
LMS002852,STU00143,2026-04-06,4,157,8,2,1,63
LMS002853,STU00143,2026-01-11,3,45,4,1,1,155
LMS002854,STU00143,2026-04-06,1,92,4,1,4,152
LMS002855,STU00143,2026-06-13,6,119,8,2,5,7
LMS002856,STU00143,2026-05-22,2,171,13,3,0,54
LMS002857,STU00143,2026-01-16,4,7,15,2,2,195
LMS002858,STU00143,2026-02-16,6,98,5,1,0,41
LMS002859,STU00143,2026-06-08,2,20,15,0,1,25
LMS002860,STU00143,2026-05-25,3,177,2,3,3,184
LMS002861,STU00144,2026-02-13,6,94,6,4,5,141
LMS002862,STU00144,2026-04-06,4,127,10,1,4,142
LMS002863,STU00144,2026-06-02,1,67,3,1,0,35
LMS002864,STU00144,2026-06-08,1,140,13,1,4,182
LMS002865,STU00144,2026-02-11,0,86,1,2,2,107
LMS002866,STU00144,2026-01-06,2,60,6,2,3,17
LMS002867,STU00144,2026-03-30,7,56,13,3,0,193
LMS002868,STU00144,2026-02-12,6,179,3,3,0,175
LMS002869,STU00144,2026-04-25,3,155,4,5,0,159
LMS002870,STU00144,2026-02-26,1,131,1,0,1,70
LMS002871,STU00144,2026-04-02,7,108,8,2,1,212
LMS002872,STU00144,2026-04-21,2,97,5,5,4,215
LMS002873,STU00144,2026-02-02,6,93,6,2,3,64
LMS002874,STU00144,2026-05-14,5,76,4,5,2,33
LMS002875,STU00144,2026-02-08,7,73,15,4,1,18
LMS002876,STU00144,2026-03-14,5,122,0,5,3,234
LMS002877,STU00144,2026-05-03,7,1,2,2,1,124
LMS002878,STU00144,2026-02-04,4,128,15,5,5,85
LMS002879,STU00144,2026-06-08,8,74,14,1,1,99
LMS002880,STU00144,2026-01-19,1,37,6,0,3,225
LMS002881,STU00145,2026-04-01,0,90,11,4,4,107
LMS002882,STU00145,2026-01-29,1,41,14,5,4,213
LMS002883,STU00145,2026-01-31,1,30,5,0,2,229
LMS002884,STU00145,2026-02-04,8,144,13,0,1,32
LMS002885,STU00145,2026-04-01,7,14,13,2,5,221
LMS002886,STU00145,2026-01-21,1,18,15,3,3,176
LMS002887,STU00145,2026-04-21,7,106,13,2,2,101
LMS002888,STU00145,2026-05-21,6,15,10,4,1,180
LMS002889,STU00145,2026-04-15,3,65,11,0,1,89
LMS002890,STU00145,2026-01-15,4,166,0,4,1,50
LMS002891,STU00145,2026-04-10,5,52,3,0,2,224
LMS002892,STU00145,2026-05-30,8,111,15,5,5,74
LMS002893,STU00145,2026-06-14,8,102,0,5,1,52
LMS002894,STU00145,2026-05-14,3,27,6,1,3,155
LMS002895,STU00145,2026-04-18,5,173,14,2,5,232
LMS002896,STU00145,2026-02-05,2,44,10,5,3,65
LMS002897,STU00145,2026-04-19,4,121,2,4,1,96
LMS002898,STU00145,2026-06-29,2,55,9,5,4,236
LMS002899,STU00145,2026-02-27,1,154,10,1,0,22
LMS002900,STU00145,2026-05-13,1,57,3,5,4,184
LMS002901,STU00146,2026-02-17,0,28,0,1,2,79
LMS002902,STU00146,2026-04-07,5,135,10,3,4,22
LMS002903,STU00146,2026-03-10,5,0,11,4,1,189
LMS002904,STU00146,2026-03-17,3,127,6,0,3,199
LMS002905,STU00146,2026-03-05,0,159,14,5,5,132
LMS002906,STU00146,2026-05-21,8,94,8,2,4,126
LMS002907,STU00146,2026-02-18,5,89,3,2,1,206
LMS002908,STU00146,2026-04-21,0,56,2,3,4,151
LMS002909,STU00146,2026-04-18,0,51,6,3,0,203
LMS002910,STU00146,2026-04-07,4,25,5,3,3,183
LMS002911,STU00146,2026-06-08,4,160,6,0,1,88
LMS002912,STU00146,2026-03-25,0,142,15,4,2,124
LMS002913,STU00146,2026-01-18,0,122,1,2,3,24
LMS002914,STU00146,2026-02-21,8,158,1,1,2,192
LMS002915,STU00146,2026-01-08,4,145,7,5,3,52
LMS002916,STU00146,2026-06-27,8,39,6,0,2,174
LMS002917,STU00146,2026-02-23,0,148,5,5,3,24
LMS002918,STU00146,2026-02-05,1,128,4,0,5,12
LMS002919,STU00146,2026-06-12,1,127,0,3,1,104
LMS002920,STU00146,2026-03-10,4,157,6,3,4,228
LMS002921,STU00147,2026-05-17,1,166,6,5,2,66
LMS002922,STU00147,2026-02-06,8,35,14,2,3,126
LMS002923,STU00147,2026-06-03,5,170,4,1,5,230
LMS002924,STU00147,2026-06-12,3,113,1,0,5,36
LMS002925,STU00147,2026-02-01,7,55,3,3,0,138
LMS002926,STU00147,2026-06-18,0,101,12,3,2,165
LMS002927,STU00147,2026-03-02,7,103,13,5,1,134
LMS002928,STU00147,2026-02-26,1,134,12,4,2,5
LMS002929,STU00147,2026-02-21,8,95,15,0,2,76
LMS002930,STU00147,2026-02-04,7,86,8,5,4,121
LMS002931,STU00147,2026-03-12,1,115,4,5,5,116
LMS002932,STU00147,2026-03-13,8,142,11,3,0,158
LMS002933,STU00147,2026-02-13,8,66,10,1,4,235
LMS002934,STU00147,2026-04-19,2,112,13,5,1,142
LMS002935,STU00147,2026-01-22,3,69,6,2,5,74
LMS002936,STU00147,2026-02-16,0,36,11,4,1,203
LMS002937,STU00147,2026-05-15,4,110,12,3,3,183
LMS002938,STU00147,2026-05-28,3,86,3,0,2,91
LMS002939,STU00147,2026-05-27,6,142,5,4,5,232
LMS002940,STU00147,2026-02-04,6,72,13,0,4,233
LMS002941,STU00148,2026-06-19,7,139,15,3,5,42
LMS002942,STU00148,2026-05-13,8,65,9,0,1,86
LMS002943,STU00148,2026-05-22,3,35,14,2,5,85
LMS002944,STU00148,2026-05-22,1,41,9,1,1,100
LMS002945,STU00148,2026-01-24,5,166,5,5,3,175
LMS002946,STU00148,2026-04-07,0,78,6,5,5,84
LMS002947,STU00148,2026-02-10,2,20,6,1,1,191
LMS002948,STU00148,2026-04-01,4,19,6,1,5,69
LMS002949,STU00148,2026-06-01,5,53,4,0,0,220
LMS002950,STU00148,2026-04-17,6,114,15,1,3,41
LMS002951,STU00148,2026-02-05,0,32,12,2,3,192
LMS002952,STU00148,2026-04-24,6,0,0,1,3,143
LMS002953,STU00148,2026-03-16,0,0,3,2,2,191
LMS002954,STU00148,2026-04-24,0,45,1,1,2,145
LMS002955,STU00148,2026-02-17,2,158,4,5,5,228
LMS002956,STU00148,2026-05-10,7,150,10,1,5,179
LMS002957,STU00148,2026-02-18,2,54,6,4,4,223
LMS002958,STU00148,2026-06-07,8,100,4,0,2,90
LMS002959,STU00148,2026-01-22,3,90,12,4,0,102
LMS002960,STU00148,2026-02-05,1,134,3,0,4,93
LMS002961,STU00149,2026-06-06,7,88,0,0,1,53
LMS002962,STU00149,2026-06-14,6,146,2,1,4,80
LMS002963,STU00149,2026-04-08,0,141,11,0,0,0
LMS002964,STU00149,2026-06-13,2,56,0,0,1,60
LMS002965,STU00149,2026-05-12,5,59,2,0,1,42
LMS002966,STU00149,2026-06-14,6,146,15,1,5,115
LMS002967,STU00149,2026-03-31,8,56,13,3,5,196
LMS002968,STU00149,2026-06-22,6,125,6,5,3,142
LMS002969,STU00149,2026-04-23,5,70,5,5,3,154
LMS002970,STU00149,2026-05-09,2,51,4,5,5,87
LMS002971,STU00149,2026-03-11,1,139,3,4,1,200
LMS002972,STU00149,2026-04-22,8,16,1,3,3,167
LMS002973,STU00149,2026-03-11,1,134,13,2,5,216
LMS002974,STU00149,2026-05-08,5,37,3,4,5,179
LMS002975,STU00149,2026-06-24,7,100,6,2,5,131
LMS002976,STU00149,2026-01-21,5,169,15,5,1,29
LMS002977,STU00149,2026-01-11,1,16,14,0,0,145
LMS002978,STU00149,2026-06-26,8,74,4,1,1,202
LMS002979,STU00149,2026-05-26,7,178,4,5,2,38
LMS002980,STU00149,2026-05-06,6,28,10,2,2,174
LMS002981,STU00150,2026-02-18,1,136,14,0,4,130
LMS002982,STU00150,2026-01-09,1,99,13,0,0,111
LMS002983,STU00150,2026-03-28,6,107,14,1,5,2
LMS002984,STU00150,2026-01-25,4,48,7,5,1,124
LMS002985,STU00150,2026-05-30,3,155,0,4,3,74
LMS002986,STU00150,2026-05-29,0,90,5,4,5,184
LMS002987,STU00150,2026-03-12,5,150,3,3,1,134
LMS002988,STU00150,2026-03-04,6,100,3,3,0,19
LMS002989,STU00150,2026-03-05,1,107,11,3,0,223
LMS002990,STU00150,2026-02-23,6,116,4,2,1,207
LMS002991,STU00150,2026-02-14,3,172,3,0,1,168
LMS002992,STU00150,2026-05-24,8,122,2,2,3,106
LMS002993,STU00150,2026-03-21,5,12,14,3,2,145
LMS002994,STU00150,2026-04-19,2,23,4,3,0,184
LMS002995,STU00150,2026-02-23,6,80,4,3,5,98
LMS002996,STU00150,2026-03-23,6,59,15,3,0,55
LMS002997,STU00150,2026-03-01,8,146,5,2,0,196
LMS002998,STU00150,2026-02-14,7,154,8,3,1,8
LMS002999,STU00150,2026-02-11,8,147,0,3,4,148
LMS003000,STU00150,2026-05-12,3,173,7,3,5,186
LMS003001,STU00151,2026-02-05,0,1,15,1,1,177
LMS003002,STU00151,2026-06-27,0,15,11,2,5,156
LMS003003,STU00151,2026-05-07,0,151,15,4,3,177
LMS003004,STU00151,2026-01-24,7,111,0,2,4,39
LMS003005,STU00151,2026-02-14,8,29,11,1,2,50
LMS003006,STU00151,2026-02-25,8,166,2,1,2,223
LMS003007,STU00151,2026-01-30,1,76,11,2,4,215
LMS003008,STU00151,2026-05-06,2,116,3,0,1,208
LMS003009,STU00151,2026-03-02,0,47,4,4,1,194
LMS003010,STU00151,2026-05-17,2,164,4,2,1,92
LMS003011,STU00151,2026-05-17,4,82,5,2,3,174
LMS003012,STU00151,2026-02-06,8,167,3,4,2,25
LMS003013,STU00151,2026-03-17,3,125,7,2,2,229
LMS003014,STU00151,2026-01-25,7,104,15,3,5,33
LMS003015,STU00151,2026-03-08,5,89,13,0,5,163
LMS003016,STU00151,2026-02-01,1,126,12,0,2,171
LMS003017,STU00151,2026-05-13,0,25,7,1,3,16
LMS003018,STU00151,2026-06-12,1,111,8,1,4,149
LMS003019,STU00151,2026-03-18,2,2,12,4,3,4
LMS003020,STU00151,2026-06-03,0,38,14,5,1,32
LMS003021,STU00152,2026-03-06,2,152,8,4,5,68
LMS003022,STU00152,2026-03-17,0,90,10,1,1,10
LMS003023,STU00152,2026-04-19,8,160,15,3,5,221
LMS003024,STU00152,2026-02-27,5,150,8,3,5,54
LMS003025,STU00152,2026-05-16,0,68,14,0,2,216
LMS003026,STU00152,2026-02-03,5,81,4,5,0,212
LMS003027,STU00152,2026-06-13,4,34,6,0,4,55
LMS003028,STU00152,2026-01-05,5,134,0,2,1,171
LMS003029,STU00152,2026-05-08,1,76,11,1,5,132
LMS003030,STU00152,2026-01-03,4,8,3,4,1,127
LMS003031,STU00152,2026-05-25,8,132,9,5,2,170
LMS003032,STU00152,2026-02-24,2,47,15,2,5,207
LMS003033,STU00152,2026-02-26,8,9,5,5,5,179
LMS003034,STU00152,2026-03-30,0,176,14,1,5,3
LMS003035,STU00152,2026-04-24,8,34,2,1,0,215
LMS003036,STU00152,2026-03-21,1,46,2,3,4,150
LMS003037,STU00152,2026-03-04,3,136,0,0,1,78
LMS003038,STU00152,2026-01-28,6,93,2,2,4,9
LMS003039,STU00152,2026-06-21,5,176,3,0,3,98
LMS003040,STU00152,2026-04-23,2,128,1,5,4,98
LMS003041,STU00153,2026-04-19,4,109,2,1,0,151
LMS003042,STU00153,2026-06-22,1,8,0,4,4,8
LMS003043,STU00153,2026-01-04,3,7,2,4,4,136
LMS003044,STU00153,2026-01-26,4,137,9,5,0,207
LMS003045,STU00153,2026-05-13,2,88,8,3,2,233
LMS003046,STU00153,2026-04-19,2,12,1,0,4,213
LMS003047,STU00153,2026-03-30,4,70,2,4,0,19
LMS003048,STU00153,2026-05-09,2,85,12,4,1,176
LMS003049,STU00153,2026-02-07,5,65,1,2,3,137
LMS003050,STU00153,2026-01-08,1,68,15,1,1,22
LMS003051,STU00153,2026-01-30,8,133,0,5,2,140
LMS003052,STU00153,2026-06-10,2,67,9,5,2,78
LMS003053,STU00153,2026-01-12,1,28,1,1,1,209
LMS003054,STU00153,2026-04-11,5,12,4,3,5,56
LMS003055,STU00153,2026-06-08,7,113,12,0,2,39
LMS003056,STU00153,2026-03-23,3,120,12,0,0,202
LMS003057,STU00153,2026-06-20,2,177,13,4,1,19
LMS003058,STU00153,2026-05-12,1,144,14,3,1,12
LMS003059,STU00153,2026-04-22,0,20,8,5,2,34
LMS003060,STU00153,2026-01-06,4,17,12,5,1,187
LMS003061,STU00154,2026-04-10,8,43,11,4,3,2
LMS003062,STU00154,2026-06-12,2,65,2,4,1,141
LMS003063,STU00154,2026-02-18,7,128,0,3,4,37
LMS003064,STU00154,2026-05-21,2,43,5,2,4,24
LMS003065,STU00154,2026-04-05,7,145,12,3,5,108
LMS003066,STU00154,2026-06-04,5,143,13,2,0,229
LMS003067,STU00154,2026-06-20,3,134,9,3,5,142
LMS003068,STU00154,2026-02-01,3,74,0,5,3,87
LMS003069,STU00154,2026-06-21,5,69,11,3,1,68
LMS003070,STU00154,2026-03-05,5,17,6,4,4,218
LMS003071,STU00154,2026-01-23,5,163,11,4,4,43
LMS003072,STU00154,2026-01-14,2,63,15,5,2,114
LMS003073,STU00154,2026-01-20,0,63,1,0,1,203
LMS003074,STU00154,2026-02-28,6,29,14,0,2,51
LMS003075,STU00154,2026-03-28,8,91,15,3,5,96
LMS003076,STU00154,2026-03-31,6,95,1,3,1,38
LMS003077,STU00154,2026-01-23,1,139,7,0,2,14
LMS003078,STU00154,2026-05-22,3,127,13,4,4,21
LMS003079,STU00154,2026-06-22,8,115,9,1,0,51
LMS003080,STU00154,2026-02-25,7,76,13,1,4,231
LMS003081,STU00155,2026-06-14,4,138,4,4,0,72
LMS003082,STU00155,2026-03-03,4,173,14,5,2,224
LMS003083,STU00155,2026-04-09,6,124,0,3,0,92
LMS003084,STU00155,2026-03-17,2,45,4,1,4,46
LMS003085,STU00155,2026-05-21,6,63,11,4,5,112
LMS003086,STU00155,2026-01-22,2,165,8,4,4,85
LMS003087,STU00155,2026-01-03,8,56,3,4,1,134
LMS003088,STU00155,2026-01-24,6,154,1,4,1,57
LMS003089,STU00155,2026-01-09,5,95,3,0,1,74
LMS003090,STU00155,2026-04-19,8,85,13,0,5,151
LMS003091,STU00155,2026-01-16,8,13,14,0,2,219
LMS003092,STU00155,2026-03-24,6,155,11,2,3,89
LMS003093,STU00155,2026-05-28,6,122,5,0,0,137
LMS003094,STU00155,2026-03-04,3,39,9,4,1,220
LMS003095,STU00155,2026-06-04,7,65,12,1,1,92
LMS003096,STU00155,2026-03-21,7,157,14,1,1,128
LMS003097,STU00155,2026-02-06,7,128,3,2,4,135
LMS003098,STU00155,2026-02-08,5,115,9,3,4,62
LMS003099,STU00155,2026-05-21,8,128,7,3,5,143
LMS003100,STU00155,2026-01-07,0,80,7,2,5,24
LMS003101,STU00156,2026-06-22,0,158,7,1,5,8
LMS003102,STU00156,2026-06-11,0,17,9,4,5,7
LMS003103,STU00156,2026-05-11,3,155,5,5,5,121
LMS003104,STU00156,2026-04-28,7,129,14,2,3,56
LMS003105,STU00156,2026-05-19,8,134,15,4,0,69
LMS003106,STU00156,2026-04-11,1,150,1,4,3,96
LMS003107,STU00156,2026-06-30,1,17,7,5,5,210
LMS003108,STU00156,2026-04-21,5,109,5,0,4,14
LMS003109,STU00156,2026-03-13,7,179,1,1,1,97
LMS003110,STU00156,2026-04-07,1,50,7,1,4,147
LMS003111,STU00156,2026-03-14,8,109,12,3,5,210
LMS003112,STU00156,2026-01-10,8,9,15,0,0,177
LMS003113,STU00156,2026-03-03,6,40,12,2,0,143
LMS003114,STU00156,2026-03-18,0,99,2,5,4,13
LMS003115,STU00156,2026-05-09,5,64,11,2,3,191
LMS003116,STU00156,2026-02-06,6,180,9,2,5,137
LMS003117,STU00156,2026-05-22,8,23,3,4,4,125
LMS003118,STU00156,2026-01-11,6,112,13,1,5,127
LMS003119,STU00156,2026-03-15,4,92,3,1,2,100
LMS003120,STU00156,2026-06-14,1,118,0,4,3,154
LMS003121,STU00157,2026-05-21,5,141,14,0,5,155
LMS003122,STU00157,2026-03-09,3,88,12,3,0,100
LMS003123,STU00157,2026-05-02,0,11,6,4,5,142
LMS003124,STU00157,2026-04-06,3,3,0,5,5,194
LMS003125,STU00157,2026-06-15,2,127,2,0,2,30
LMS003126,STU00157,2026-04-10,1,56,12,3,1,220
LMS003127,STU00157,2026-06-30,5,16,9,2,1,152
LMS003128,STU00157,2026-01-16,5,145,8,1,0,227
LMS003129,STU00157,2026-06-19,2,80,8,5,4,83
LMS003130,STU00157,2026-05-26,7,105,15,3,3,0
LMS003131,STU00157,2026-01-10,3,131,1,5,3,14
LMS003132,STU00157,2026-01-02,6,86,12,4,1,20
LMS003133,STU00157,2026-02-25,5,10,8,4,4,108
LMS003134,STU00157,2026-04-01,4,21,1,3,2,221
LMS003135,STU00157,2026-03-17,5,145,1,2,1,237
LMS003136,STU00157,2026-01-03,6,149,9,5,1,88
LMS003137,STU00157,2026-02-08,3,108,11,1,3,222
LMS003138,STU00157,2026-01-28,7,2,9,2,1,77
LMS003139,STU00157,2026-03-25,1,6,0,4,4,21
LMS003140,STU00157,2026-01-02,4,9,11,2,2,229
LMS003141,STU00158,2026-01-12,2,18,12,5,5,161
LMS003142,STU00158,2026-05-29,4,6,11,0,0,63
LMS003143,STU00158,2026-06-21,0,67,1,3,0,219
LMS003144,STU00158,2026-06-22,7,144,13,2,5,121
LMS003145,STU00158,2026-05-13,7,124,4,1,3,29
LMS003146,STU00158,2026-05-16,7,95,9,4,3,1
LMS003147,STU00158,2026-05-19,5,36,13,3,4,151
LMS003148,STU00158,2026-04-07,6,136,5,0,4,166
LMS003149,STU00158,2026-01-22,7,88,14,0,4,19
LMS003150,STU00158,2026-02-14,6,142,7,1,5,121
LMS003151,STU00158,2026-01-26,7,4,0,2,4,13
LMS003152,STU00158,2026-01-27,5,24,15,4,1,199
LMS003153,STU00158,2026-01-19,4,145,9,0,0,47
LMS003154,STU00158,2026-03-04,3,152,3,5,3,173
LMS003155,STU00158,2026-05-27,0,156,13,3,3,100
LMS003156,STU00158,2026-03-04,4,139,3,3,3,23
LMS003157,STU00158,2026-05-08,3,122,1,5,0,102
LMS003158,STU00158,2026-02-15,0,57,7,2,2,117
LMS003159,STU00158,2026-04-30,3,148,12,2,0,145
LMS003160,STU00158,2026-06-05,5,118,5,0,3,24
LMS003161,STU00159,2026-01-25,8,137,5,0,3,3
LMS003162,STU00159,2026-03-07,3,67,15,1,2,47
LMS003163,STU00159,2026-04-16,0,167,3,2,2,173
LMS003164,STU00159,2026-05-29,3,92,3,0,2,72
LMS003165,STU00159,2026-05-05,0,147,0,4,0,149
LMS003166,STU00159,2026-01-31,7,25,1,5,2,29
LMS003167,STU00159,2026-03-11,7,107,7,3,0,176
LMS003168,STU00159,2026-01-19,4,62,2,2,1,38
LMS003169,STU00159,2026-05-10,6,19,4,5,3,46
LMS003170,STU00159,2026-04-22,6,59,5,2,4,105
LMS003171,STU00159,2026-04-29,6,124,1,3,0,93
LMS003172,STU00159,2026-03-12,5,35,10,2,2,2
LMS003173,STU00159,2026-05-09,7,137,8,1,5,143
LMS003174,STU00159,2026-06-13,0,68,0,5,5,220
LMS003175,STU00159,2026-06-29,7,99,5,0,5,82
LMS003176,STU00159,2026-03-13,2,48,1,5,4,15
LMS003177,STU00159,2026-04-11,8,143,12,0,3,0
LMS003178,STU00159,2026-04-25,7,140,5,5,5,106
LMS003179,STU00159,2026-04-15,3,174,1,2,5,77
LMS003180,STU00159,2026-02-28,7,36,8,5,1,15
LMS003181,STU00160,2026-06-13,5,107,12,1,2,3
LMS003182,STU00160,2026-02-13,7,67,10,3,3,179
LMS003183,STU00160,2026-03-10,4,85,12,3,4,199
LMS003184,STU00160,2026-04-06,2,127,2,1,4,82
LMS003185,STU00160,2026-04-08,1,80,7,5,2,185
LMS003186,STU00160,2026-01-30,0,100,13,0,1,228
LMS003187,STU00160,2026-06-19,8,34,6,0,2,139
LMS003188,STU00160,2026-04-23,8,177,5,0,3,50
LMS003189,STU00160,2026-03-05,3,121,4,0,3,27
LMS003190,STU00160,2026-05-15,3,85,4,2,1,68
LMS003191,STU00160,2026-04-13,1,19,15,4,2,15
LMS003192,STU00160,2026-01-24,6,4,7,4,4,79
LMS003193,STU00160,2026-04-30,6,65,12,3,3,20
LMS003194,STU00160,2026-03-18,3,114,13,0,4,33
LMS003195,STU00160,2026-03-24,5,174,12,1,2,113
LMS003196,STU00160,2026-03-22,2,49,4,0,3,221
LMS003197,STU00160,2026-02-26,1,70,7,0,3,74
LMS003198,STU00160,2026-06-19,0,80,4,5,3,129
LMS003199,STU00160,2026-01-21,8,63,14,5,1,62
LMS003200,STU00160,2026-01-26,5,27,0,0,0,51
LMS003201,STU00161,2026-04-04,7,141,7,3,1,159
LMS003202,STU00161,2026-05-15,2,166,8,5,5,153
LMS003203,STU00161,2026-03-04,4,48,7,2,4,86
LMS003204,STU00161,2026-05-22,2,19,8,1,5,72
LMS003205,STU00161,2026-01-16,0,150,5,5,3,170
LMS003206,STU00161,2026-04-29,8,148,11,2,3,219
LMS003207,STU00161,2026-01-17,2,46,5,3,2,69
LMS003208,STU00161,2026-04-30,2,137,7,2,5,232
LMS003209,STU00161,2026-01-18,4,144,8,4,1,159
LMS003210,STU00161,2026-03-05,3,151,8,0,5,223
LMS003211,STU00161,2026-05-06,1,177,8,5,3,25
LMS003212,STU00161,2026-02-13,4,158,13,3,1,208
LMS003213,STU00161,2026-01-16,6,83,9,2,3,210
LMS003214,STU00161,2026-03-02,5,38,14,0,1,33
LMS003215,STU00161,2026-06-24,3,31,0,2,0,35
LMS003216,STU00161,2026-01-15,4,15,11,2,1,209
LMS003217,STU00161,2026-01-06,6,172,1,4,4,5
LMS003218,STU00161,2026-06-01,4,56,0,5,4,71
LMS003219,STU00161,2026-04-03,5,172,5,5,4,130
LMS003220,STU00161,2026-04-03,4,121,10,4,4,24
LMS003221,STU00162,2026-01-26,5,124,13,3,3,32
LMS003222,STU00162,2026-05-10,3,26,0,2,2,166
LMS003223,STU00162,2026-04-27,1,29,10,0,2,52
LMS003224,STU00162,2026-02-22,1,2,5,3,0,156
LMS003225,STU00162,2026-02-19,6,67,1,5,1,74
LMS003226,STU00162,2026-05-14,6,53,15,1,1,102
LMS003227,STU00162,2026-06-22,3,61,15,0,5,124
LMS003228,STU00162,2026-06-25,7,16,6,4,3,50
LMS003229,STU00162,2026-01-31,3,76,11,3,1,26
LMS003230,STU00162,2026-06-05,1,46,5,3,3,104
LMS003231,STU00162,2026-06-25,5,39,5,0,5,27
LMS003232,STU00162,2026-03-27,6,47,13,0,5,18
LMS003233,STU00162,2026-01-24,6,145,0,3,3,150
LMS003234,STU00162,2026-06-24,5,36,5,5,3,221
LMS003235,STU00162,2026-03-02,4,29,5,4,2,69
LMS003236,STU00162,2026-02-15,6,156,15,3,5,42
LMS003237,STU00162,2026-01-16,7,1,2,2,1,34
LMS003238,STU00162,2026-01-05,2,70,2,3,0,156
LMS003239,STU00162,2026-01-26,8,105,11,2,0,46
LMS003240,STU00162,2026-03-21,1,129,1,5,4,106
LMS003241,STU00163,2026-03-02,6,19,0,4,0,106
LMS003242,STU00163,2026-05-09,2,70,8,3,4,22
LMS003243,STU00163,2026-02-28,8,111,2,2,0,224
LMS003244,STU00163,2026-05-26,7,108,8,2,3,72
LMS003245,STU00163,2026-02-02,1,13,6,0,4,98
LMS003246,STU00163,2026-05-29,0,161,2,3,2,193
LMS003247,STU00163,2026-06-19,2,161,8,5,0,187
LMS003248,STU00163,2026-02-12,1,109,15,3,2,207
LMS003249,STU00163,2026-06-22,7,49,1,2,5,153
LMS003250,STU00163,2026-06-02,4,105,5,4,3,147
LMS003251,STU00163,2026-01-12,2,29,8,5,2,215
LMS003252,STU00163,2026-02-19,4,33,6,2,0,210
LMS003253,STU00163,2026-02-06,3,165,14,5,2,130
LMS003254,STU00163,2026-02-05,8,151,0,3,3,56
LMS003255,STU00163,2026-03-13,7,150,0,1,2,72
LMS003256,STU00163,2026-02-24,7,153,9,1,5,56
LMS003257,STU00163,2026-05-14,8,167,4,5,4,129
LMS003258,STU00163,2026-03-27,0,127,4,5,1,46
LMS003259,STU00163,2026-01-07,1,69,12,0,2,151
LMS003260,STU00163,2026-06-08,2,74,11,0,0,154
LMS003261,STU00164,2026-02-20,0,74,15,1,0,122
LMS003262,STU00164,2026-01-20,7,66,1,2,3,129
LMS003263,STU00164,2026-05-29,3,61,12,4,3,209
LMS003264,STU00164,2026-05-09,5,97,1,5,4,226
LMS003265,STU00164,2026-06-06,7,118,12,1,5,7
LMS003266,STU00164,2026-03-23,8,146,4,5,3,233
LMS003267,STU00164,2026-01-10,1,128,10,2,3,40
LMS003268,STU00164,2026-04-06,7,58,12,3,5,105
LMS003269,STU00164,2026-06-11,2,72,3,1,4,152
LMS003270,STU00164,2026-01-28,1,24,13,0,5,223
LMS003271,STU00164,2026-05-28,8,177,1,3,1,94
LMS003272,STU00164,2026-04-15,1,40,1,2,5,176
LMS003273,STU00164,2026-02-04,4,147,8,3,4,40
LMS003274,STU00164,2026-05-30,0,65,12,0,2,157
LMS003275,STU00164,2026-05-05,4,112,2,4,1,139
LMS003276,STU00164,2026-02-03,5,127,0,4,4,165
LMS003277,STU00164,2026-03-25,6,84,11,4,4,44
LMS003278,STU00164,2026-06-27,7,60,12,5,0,204
LMS003279,STU00164,2026-05-19,5,175,5,3,3,180
LMS003280,STU00164,2026-05-13,1,105,9,4,5,22
LMS003281,STU00165,2026-05-07,6,80,10,0,1,48
LMS003282,STU00165,2026-04-08,4,158,6,3,2,43
LMS003283,STU00165,2026-03-16,6,106,0,4,0,10
LMS003284,STU00165,2026-01-17,4,73,5,4,0,97
LMS003285,STU00165,2026-06-10,4,120,4,5,2,213
LMS003286,STU00165,2026-03-14,1,49,11,3,3,15
LMS003287,STU00165,2026-01-16,8,167,6,5,5,202
LMS003288,STU00165,2026-03-04,8,176,14,4,3,206
LMS003289,STU00165,2026-05-13,7,23,13,3,4,60
LMS003290,STU00165,2026-06-05,5,129,5,1,1,31
LMS003291,STU00165,2026-03-05,0,162,1,1,0,25
LMS003292,STU00165,2026-02-13,4,135,6,0,4,104
LMS003293,STU00165,2026-03-23,0,126,11,5,5,70
LMS003294,STU00165,2026-02-17,2,152,13,5,4,117
LMS003295,STU00165,2026-05-25,6,33,2,2,4,167
LMS003296,STU00165,2026-04-01,4,58,7,4,2,164
LMS003297,STU00165,2026-02-27,6,120,3,4,3,94
LMS003298,STU00165,2026-04-18,4,90,15,5,1,125
LMS003299,STU00165,2026-06-02,5,3,4,5,4,226
LMS003300,STU00165,2026-04-27,6,120,2,2,3,202
LMS003301,STU00166,2026-06-02,3,61,10,3,3,28
LMS003302,STU00166,2026-02-08,1,169,15,4,2,4
LMS003303,STU00166,2026-03-20,5,54,4,2,0,234
LMS003304,STU00166,2026-04-10,4,54,7,0,5,64
LMS003305,STU00166,2026-04-28,8,141,11,0,4,88
LMS003306,STU00166,2026-03-05,5,166,11,0,4,26
LMS003307,STU00166,2026-01-10,0,130,6,4,2,169
LMS003308,STU00166,2026-01-11,0,11,11,2,0,42
LMS003309,STU00166,2026-01-22,0,25,9,1,4,71
LMS003310,STU00166,2026-02-14,7,136,5,0,1,139
LMS003311,STU00166,2026-05-11,4,116,1,4,0,143
LMS003312,STU00166,2026-01-04,8,60,14,3,4,134
LMS003313,STU00166,2026-02-09,4,160,14,4,3,136
LMS003314,STU00166,2026-04-10,3,68,2,2,0,57
LMS003315,STU00166,2026-02-09,3,50,11,2,2,172
LMS003316,STU00166,2026-02-15,6,103,5,3,1,215
LMS003317,STU00166,2026-02-14,5,148,13,4,2,86
LMS003318,STU00166,2026-05-22,6,23,10,5,0,237
LMS003319,STU00166,2026-01-26,1,125,15,4,2,111
LMS003320,STU00166,2026-06-26,1,41,9,0,3,50
LMS003321,STU00167,2026-02-10,0,168,11,5,0,128
LMS003322,STU00167,2026-03-12,5,121,14,0,4,129
LMS003323,STU00167,2026-01-24,6,144,6,0,1,234
LMS003324,STU00167,2026-02-26,7,165,8,1,2,169
LMS003325,STU00167,2026-03-17,3,140,11,4,4,31
LMS003326,STU00167,2026-03-02,3,142,0,2,0,150
LMS003327,STU00167,2026-06-17,7,0,11,0,1,216
LMS003328,STU00167,2026-03-01,3,178,4,2,3,87
LMS003329,STU00167,2026-05-29,5,175,12,4,1,162
LMS003330,STU00167,2026-06-09,5,175,12,1,2,239
LMS003331,STU00167,2026-05-20,5,77,15,1,4,237
LMS003332,STU00167,2026-01-28,8,160,2,4,0,166
LMS003333,STU00167,2026-03-04,8,91,5,2,3,58
LMS003334,STU00167,2026-01-22,3,4,4,1,1,40
LMS003335,STU00167,2026-03-04,5,91,2,3,1,234
LMS003336,STU00167,2026-04-09,3,145,5,5,1,127
LMS003337,STU00167,2026-05-27,2,164,10,1,0,2
LMS003338,STU00167,2026-01-09,7,32,11,5,4,124
LMS003339,STU00167,2026-03-25,8,23,4,4,5,64
LMS003340,STU00167,2026-03-13,4,76,5,3,3,199
LMS003341,STU00168,2026-05-26,4,84,5,3,4,67
LMS003342,STU00168,2026-02-27,1,95,14,3,4,186
LMS003343,STU00168,2026-04-03,1,180,8,5,0,194
LMS003344,STU00168,2026-03-21,1,156,1,0,0,59
LMS003345,STU00168,2026-06-20,1,155,9,2,4,44
LMS003346,STU00168,2026-05-25,1,141,3,1,4,209
LMS003347,STU00168,2026-02-27,4,120,14,1,1,149
LMS003348,STU00168,2026-01-18,3,63,7,1,3,56
LMS003349,STU00168,2026-05-27,1,125,11,5,3,50
LMS003350,STU00168,2026-03-16,3,151,6,4,5,160
LMS003351,STU00168,2026-04-23,2,32,2,4,1,154
LMS003352,STU00168,2026-01-05,0,107,11,2,2,58
LMS003353,STU00168,2026-02-18,7,6,12,5,4,118
LMS003354,STU00168,2026-04-03,7,26,11,5,5,216
LMS003355,STU00168,2026-04-11,6,125,12,1,4,208
LMS003356,STU00168,2026-06-07,7,79,7,4,1,27
LMS003357,STU00168,2026-05-29,8,41,13,4,1,137
LMS003358,STU00168,2026-01-15,0,62,11,3,4,136
LMS003359,STU00168,2026-02-11,8,176,13,4,0,109
LMS003360,STU00168,2026-05-27,1,105,6,2,0,33
LMS003361,STU00169,2026-03-11,5,109,8,3,1,235
LMS003362,STU00169,2026-05-30,6,54,13,4,2,191
LMS003363,STU00169,2026-05-22,2,9,2,0,1,64
LMS003364,STU00169,2026-05-31,3,13,6,1,0,115
LMS003365,STU00169,2026-04-28,7,51,11,2,2,199
LMS003366,STU00169,2026-01-18,0,161,8,0,5,156
LMS003367,STU00169,2026-02-05,4,126,11,0,0,191
LMS003368,STU00169,2026-04-03,7,76,2,1,3,176
LMS003369,STU00169,2026-03-18,8,140,5,5,5,20
LMS003370,STU00169,2026-05-28,8,61,8,3,3,83
LMS003371,STU00169,2026-06-14,6,156,6,0,0,146
LMS003372,STU00169,2026-03-18,5,127,3,3,2,101
LMS003373,STU00169,2026-06-03,7,156,3,0,3,50
LMS003374,STU00169,2026-05-29,1,55,7,4,5,23
LMS003375,STU00169,2026-05-24,6,41,8,2,3,6
LMS003376,STU00169,2026-05-07,4,158,7,0,0,114
LMS003377,STU00169,2026-05-17,5,26,10,0,3,201
LMS003378,STU00169,2026-06-24,1,46,6,3,1,181
LMS003379,STU00169,2026-02-25,4,135,9,0,3,71
LMS003380,STU00169,2026-04-04,3,0,4,1,2,118
LMS003381,STU00170,2026-03-08,5,138,12,0,2,185
LMS003382,STU00170,2026-03-26,2,98,4,3,4,70
LMS003383,STU00170,2026-05-17,1,87,15,4,5,80
LMS003384,STU00170,2026-01-11,4,138,3,3,5,46
LMS003385,STU00170,2026-03-15,8,162,5,2,3,80
LMS003386,STU00170,2026-04-16,6,141,2,4,5,137
LMS003387,STU00170,2026-01-31,1,91,3,5,2,103
LMS003388,STU00170,2026-01-02,4,124,0,5,2,124
LMS003389,STU00170,2026-03-24,8,49,5,5,1,82
LMS003390,STU00170,2026-06-23,8,6,12,0,1,50
LMS003391,STU00170,2026-03-17,6,29,0,2,5,128
LMS003392,STU00170,2026-03-19,1,14,10,1,0,170
LMS003393,STU00170,2026-04-23,8,105,14,5,2,152
LMS003394,STU00170,2026-01-21,5,126,9,4,5,167
LMS003395,STU00170,2026-04-15,5,130,1,4,5,85
LMS003396,STU00170,2026-02-05,3,72,3,2,0,61
LMS003397,STU00170,2026-02-21,2,1,4,5,4,216
LMS003398,STU00170,2026-02-14,8,9,9,1,2,210
LMS003399,STU00170,2026-05-03,2,102,11,1,5,229
LMS003400,STU00170,2026-01-28,3,60,13,4,2,184
LMS003401,STU00171,2026-01-22,1,161,11,2,1,118
LMS003402,STU00171,2026-05-25,6,134,14,2,1,170
LMS003403,STU00171,2026-03-13,7,86,4,2,0,240
LMS003404,STU00171,2026-04-17,7,78,14,4,4,172
LMS003405,STU00171,2026-01-18,8,20,0,5,4,168
LMS003406,STU00171,2026-01-18,2,143,0,1,2,106
LMS003407,STU00171,2026-06-11,1,27,9,2,3,239
LMS003408,STU00171,2026-02-10,2,80,2,1,5,34
LMS003409,STU00171,2026-01-23,1,39,3,2,4,101
LMS003410,STU00171,2026-03-18,2,69,2,1,3,104
LMS003411,STU00171,2026-05-21,8,135,13,4,0,71
LMS003412,STU00171,2026-03-03,1,129,5,5,4,178
LMS003413,STU00171,2026-05-03,4,90,10,2,5,161
LMS003414,STU00171,2026-03-21,8,160,4,3,1,81
LMS003415,STU00171,2026-04-01,7,158,8,2,0,73
LMS003416,STU00171,2026-02-26,4,47,12,5,5,136
LMS003417,STU00171,2026-05-25,3,144,14,3,3,140
LMS003418,STU00171,2026-03-19,0,95,14,2,3,192
LMS003419,STU00171,2026-01-04,1,47,6,5,2,204
LMS003420,STU00171,2026-04-09,5,148,11,0,1,90
LMS003421,STU00172,2026-02-05,6,135,13,2,0,100
LMS003422,STU00172,2026-06-24,0,73,11,2,1,58
LMS003423,STU00172,2026-02-08,5,88,0,3,3,130
LMS003424,STU00172,2026-01-09,6,130,2,3,3,82
LMS003425,STU00172,2026-03-20,5,72,9,3,3,43
LMS003426,STU00172,2026-06-11,7,71,7,1,2,200
LMS003427,STU00172,2026-04-20,0,113,9,3,4,54
LMS003428,STU00172,2026-05-05,3,77,8,1,4,33
LMS003429,STU00172,2026-04-08,1,74,2,0,2,33
LMS003430,STU00172,2026-03-28,3,155,7,3,1,152
LMS003431,STU00172,2026-04-16,6,5,1,4,5,7
LMS003432,STU00172,2026-06-28,3,107,12,4,0,13
LMS003433,STU00172,2026-01-17,6,127,15,3,5,240
LMS003434,STU00172,2026-03-02,7,68,2,2,4,42
LMS003435,STU00172,2026-03-13,4,159,7,1,0,161
LMS003436,STU00172,2026-01-11,1,131,7,2,0,226
LMS003437,STU00172,2026-05-13,7,44,5,5,5,142
LMS003438,STU00172,2026-05-25,7,149,7,4,5,7
LMS003439,STU00172,2026-06-14,0,39,9,5,4,49
LMS003440,STU00172,2026-04-02,0,91,13,0,1,48
LMS003441,STU00173,2026-03-13,0,92,12,3,0,51
LMS003442,STU00173,2026-03-04,5,173,5,5,4,151
LMS003443,STU00173,2026-03-28,5,4,11,0,4,151
LMS003444,STU00173,2026-04-13,1,75,0,4,1,94
LMS003445,STU00173,2026-01-18,2,11,15,3,2,80
LMS003446,STU00173,2026-03-05,4,42,11,3,5,93
LMS003447,STU00173,2026-06-10,5,58,9,3,0,195
LMS003448,STU00173,2026-01-14,5,97,0,5,3,151
LMS003449,STU00173,2026-02-24,4,128,4,3,2,135
LMS003450,STU00173,2026-03-31,2,106,3,1,1,179
LMS003451,STU00173,2026-05-21,8,140,14,4,4,183
LMS003452,STU00173,2026-03-01,8,111,15,3,2,30
LMS003453,STU00173,2026-02-07,3,30,15,2,4,35
LMS003454,STU00173,2026-01-31,4,134,12,2,0,180
LMS003455,STU00173,2026-02-24,5,114,15,3,5,184
LMS003456,STU00173,2026-01-16,4,79,14,2,1,222
LMS003457,STU00173,2026-05-05,0,10,10,5,0,208
LMS003458,STU00173,2026-01-04,0,166,1,3,4,151
LMS003459,STU00173,2026-05-28,2,140,6,3,4,222
LMS003460,STU00173,2026-06-22,8,35,0,3,2,122
LMS003461,STU00174,2026-04-10,5,130,3,1,1,218
LMS003462,STU00174,2026-04-24,4,150,11,1,1,171
LMS003463,STU00174,2026-06-13,3,174,13,2,0,223
LMS003464,STU00174,2026-03-20,0,3,14,4,4,84
LMS003465,STU00174,2026-01-05,2,76,6,0,1,208
LMS003466,STU00174,2026-04-20,0,61,14,4,3,3
LMS003467,STU00174,2026-02-07,7,128,9,2,1,120
LMS003468,STU00174,2026-03-14,7,121,14,5,3,40
LMS003469,STU00174,2026-04-07,0,80,14,1,0,40
LMS003470,STU00174,2026-04-22,7,100,2,4,5,159
LMS003471,STU00174,2026-05-28,7,135,15,1,4,165
LMS003472,STU00174,2026-03-28,1,111,9,5,4,200
LMS003473,STU00174,2026-06-05,4,41,3,1,2,104
LMS003474,STU00174,2026-05-17,8,162,9,5,5,191
LMS003475,STU00174,2026-02-09,6,140,11,0,5,32
LMS003476,STU00174,2026-02-04,2,44,14,0,0,52
LMS003477,STU00174,2026-02-04,0,9,0,4,1,14
LMS003478,STU00174,2026-06-07,1,98,3,4,0,234
LMS003479,STU00174,2026-06-29,6,174,11,0,5,5
LMS003480,STU00174,2026-02-07,7,25,15,0,4,98
LMS003481,STU00175,2026-02-06,0,86,7,1,4,64
LMS003482,STU00175,2026-04-04,6,48,9,5,0,159
LMS003483,STU00175,2026-01-15,1,123,11,0,2,160
LMS003484,STU00175,2026-04-23,4,174,1,2,1,27
LMS003485,STU00175,2026-03-11,1,161,13,4,4,221
LMS003486,STU00175,2026-04-25,6,112,3,0,3,184
LMS003487,STU00175,2026-01-16,4,167,1,5,3,23
LMS003488,STU00175,2026-05-28,8,92,5,3,2,124
LMS003489,STU00175,2026-02-27,3,139,7,1,0,238
LMS003490,STU00175,2026-01-17,5,129,2,2,5,126
LMS003491,STU00175,2026-05-02,3,169,12,2,2,155
LMS003492,STU00175,2026-02-05,7,120,7,2,3,182
LMS003493,STU00175,2026-06-05,2,179,1,1,2,50
LMS003494,STU00175,2026-04-19,3,163,13,5,5,203
LMS003495,STU00175,2026-04-11,2,7,9,0,4,177
LMS003496,STU00175,2026-01-05,7,79,15,3,2,226
LMS003497,STU00175,2026-05-13,1,109,10,2,4,233
LMS003498,STU00175,2026-06-05,7,43,3,0,5,194
LMS003499,STU00175,2026-06-29,4,172,11,1,0,180
LMS003500,STU00175,2026-05-02,2,137,12,1,3,223
LMS003501,STU00176,2026-01-05,8,148,6,1,1,84
LMS003502,STU00176,2026-01-26,5,131,14,2,5,122
LMS003503,STU00176,2026-01-05,4,13,2,3,1,99
LMS003504,STU00176,2026-04-28,6,17,6,2,0,98
LMS003505,STU00176,2026-03-06,4,52,14,5,2,125
LMS003506,STU00176,2026-03-07,1,25,0,2,5,75
LMS003507,STU00176,2026-01-01,1,134,14,1,2,150
LMS003508,STU00176,2026-01-03,5,180,13,1,2,124
LMS003509,STU00176,2026-03-07,6,25,10,3,3,239
LMS003510,STU00176,2026-05-15,6,105,5,5,2,16
LMS003511,STU00176,2026-06-07,4,163,9,1,5,214
LMS003512,STU00176,2026-04-17,3,146,8,2,4,121
LMS003513,STU00176,2026-01-11,0,71,10,4,2,183
LMS003514,STU00176,2026-03-06,5,155,0,1,0,110
LMS003515,STU00176,2026-02-04,3,103,0,1,1,147
LMS003516,STU00176,2026-03-24,2,30,8,0,5,202
LMS003517,STU00176,2026-01-20,0,109,3,4,1,191
LMS003518,STU00176,2026-06-04,2,158,9,2,1,149
LMS003519,STU00176,2026-03-05,3,164,10,3,1,125
LMS003520,STU00176,2026-01-24,8,147,4,1,0,165
LMS003521,STU00177,2026-03-31,8,177,2,0,1,30
LMS003522,STU00177,2026-05-19,2,97,8,4,2,57
LMS003523,STU00177,2026-05-21,3,59,9,4,0,15
LMS003524,STU00177,2026-05-03,1,172,11,4,1,138
LMS003525,STU00177,2026-02-25,1,95,4,2,1,87
LMS003526,STU00177,2026-01-05,7,146,0,3,5,231
LMS003527,STU00177,2026-05-08,3,171,5,5,0,208
LMS003528,STU00177,2026-04-02,8,40,2,5,1,65
LMS003529,STU00177,2026-04-10,7,76,15,1,4,0
LMS003530,STU00177,2026-01-01,4,115,5,2,1,198
LMS003531,STU00177,2026-02-20,3,51,10,5,2,194
LMS003532,STU00177,2026-05-03,6,167,10,2,3,199
LMS003533,STU00177,2026-03-31,3,150,4,3,2,32
LMS003534,STU00177,2026-05-08,4,69,11,0,0,31
LMS003535,STU00177,2026-03-21,4,112,10,3,4,15
LMS003536,STU00177,2026-05-23,6,34,8,3,2,189
LMS003537,STU00177,2026-06-10,3,39,9,4,4,77
LMS003538,STU00177,2026-06-11,2,40,4,1,0,134
LMS003539,STU00177,2026-01-30,2,77,7,2,3,61
LMS003540,STU00177,2026-05-02,7,2,4,5,5,187
LMS003541,STU00178,2026-05-02,6,89,10,0,5,128
LMS003542,STU00178,2026-04-02,5,24,6,4,3,21
LMS003543,STU00178,2026-05-17,2,108,11,2,5,89
LMS003544,STU00178,2026-01-27,7,112,10,0,1,206
LMS003545,STU00178,2026-02-27,8,133,2,4,1,183
LMS003546,STU00178,2026-03-11,6,4,3,0,3,61
LMS003547,STU00178,2026-01-01,8,33,9,5,1,185
LMS003548,STU00178,2026-01-15,3,85,15,0,0,130
LMS003549,STU00178,2026-05-05,3,128,0,0,2,145
LMS003550,STU00178,2026-04-16,8,53,8,0,0,182
LMS003551,STU00178,2026-01-02,2,168,0,5,2,77
LMS003552,STU00178,2026-06-26,7,77,9,0,2,203
LMS003553,STU00178,2026-05-29,5,139,13,3,2,71
LMS003554,STU00178,2026-02-04,4,152,12,1,2,180
LMS003555,STU00178,2026-02-09,1,77,4,2,5,74
LMS003556,STU00178,2026-04-14,1,78,4,5,3,142
LMS003557,STU00178,2026-03-01,4,78,1,5,1,67
LMS003558,STU00178,2026-04-15,7,74,6,2,2,178
LMS003559,STU00178,2026-04-16,0,38,2,5,3,162
LMS003560,STU00178,2026-05-04,3,4,0,4,5,238
LMS003561,STU00179,2026-01-10,6,119,15,5,3,161
LMS003562,STU00179,2026-05-27,5,178,12,5,5,199
LMS003563,STU00179,2026-03-09,3,50,0,0,3,59
LMS003564,STU00179,2026-01-13,0,30,6,5,5,41
LMS003565,STU00179,2026-03-10,7,48,8,3,5,59
LMS003566,STU00179,2026-04-27,1,168,7,0,5,146
LMS003567,STU00179,2026-06-06,3,124,7,4,0,157
LMS003568,STU00179,2026-05-17,1,44,12,2,2,220
LMS003569,STU00179,2026-01-25,6,164,2,3,3,113
LMS003570,STU00179,2026-05-17,6,61,4,3,2,100
LMS003571,STU00179,2026-04-30,3,105,2,3,4,226
LMS003572,STU00179,2026-03-26,4,78,4,1,5,125
LMS003573,STU00179,2026-01-20,3,108,3,0,1,82
LMS003574,STU00179,2026-01-09,7,98,11,5,1,223
LMS003575,STU00179,2026-06-18,3,122,6,2,4,34
LMS003576,STU00179,2026-04-11,4,33,8,0,3,55
LMS003577,STU00179,2026-03-26,4,22,13,0,5,125
LMS003578,STU00179,2026-04-05,0,160,1,5,1,25
LMS003579,STU00179,2026-02-02,2,45,9,2,5,64
LMS003580,STU00179,2026-04-01,5,130,1,3,2,190
LMS003581,STU00180,2026-04-18,3,118,13,3,1,74
LMS003582,STU00180,2026-04-06,4,149,0,2,3,167
LMS003583,STU00180,2026-01-05,8,124,8,4,1,74
LMS003584,STU00180,2026-01-22,0,127,2,1,0,53
LMS003585,STU00180,2026-04-24,4,72,5,4,4,224
LMS003586,STU00180,2026-04-16,5,178,12,1,2,188
LMS003587,STU00180,2026-03-02,8,170,3,4,1,191
LMS003588,STU00180,2026-02-09,0,2,3,1,5,177
LMS003589,STU00180,2026-03-29,7,28,15,0,3,43
LMS003590,STU00180,2026-04-29,7,15,5,5,3,191
LMS003591,STU00180,2026-01-24,6,113,15,3,2,175
LMS003592,STU00180,2026-05-22,1,78,15,1,0,159
LMS003593,STU00180,2026-04-06,1,80,4,5,4,139
LMS003594,STU00180,2026-04-24,5,156,1,2,4,160
LMS003595,STU00180,2026-01-16,8,159,1,4,2,162
LMS003596,STU00180,2026-05-03,6,122,1,4,3,118
LMS003597,STU00180,2026-05-09,7,149,8,4,0,189
LMS003598,STU00180,2026-05-28,2,105,4,4,1,20
LMS003599,STU00180,2026-03-25,1,110,8,4,0,188
LMS003600,STU00180,2026-01-28,7,86,3,4,4,159
LMS003601,STU00181,2026-01-03,7,153,4,3,5,158
LMS003602,STU00181,2026-04-19,1,8,12,1,0,50
LMS003603,STU00181,2026-03-14,8,168,10,1,3,150
LMS003604,STU00181,2026-03-30,4,180,11,1,2,126
LMS003605,STU00181,2026-06-06,1,126,10,3,4,4
LMS003606,STU00181,2026-02-24,0,136,1,0,4,163
LMS003607,STU00181,2026-06-15,6,62,1,5,1,71
LMS003608,STU00181,2026-02-16,6,145,13,5,5,62
LMS003609,STU00181,2026-03-18,7,96,13,2,0,116
LMS003610,STU00181,2026-03-12,4,61,1,2,0,118
LMS003611,STU00181,2026-04-10,2,22,12,3,0,172
LMS003612,STU00181,2026-03-10,6,25,11,3,4,2
LMS003613,STU00181,2026-05-16,0,77,9,1,1,78
LMS003614,STU00181,2026-05-19,0,180,13,3,5,80
LMS003615,STU00181,2026-03-18,6,180,0,5,3,8
LMS003616,STU00181,2026-03-06,5,63,3,2,4,140
LMS003617,STU00181,2026-01-10,7,179,6,4,0,160
LMS003618,STU00181,2026-05-21,1,35,6,4,4,220
LMS003619,STU00181,2026-06-06,3,82,1,5,0,106
LMS003620,STU00181,2026-03-25,3,120,2,3,4,86
LMS003621,STU00182,2026-04-18,7,147,6,4,2,44
LMS003622,STU00182,2026-06-10,0,107,0,1,0,113
LMS003623,STU00182,2026-05-13,3,152,5,0,5,102
LMS003624,STU00182,2026-01-03,7,97,13,3,5,198
LMS003625,STU00182,2026-06-13,2,152,10,0,3,62
LMS003626,STU00182,2026-02-12,4,1,3,0,1,200
LMS003627,STU00182,2026-02-06,2,95,3,3,3,191
LMS003628,STU00182,2026-04-29,3,109,2,0,2,69
LMS003629,STU00182,2026-03-24,7,128,6,5,3,197
LMS003630,STU00182,2026-04-15,3,161,4,4,3,38
LMS003631,STU00182,2026-06-23,7,65,3,0,0,199
LMS003632,STU00182,2026-02-13,8,147,15,4,0,199
LMS003633,STU00182,2026-03-19,2,121,9,2,5,208
LMS003634,STU00182,2026-06-09,8,176,0,5,4,94
LMS003635,STU00182,2026-02-13,3,173,6,4,5,48
LMS003636,STU00182,2026-01-07,5,106,9,5,4,186
LMS003637,STU00182,2026-06-28,1,69,13,4,0,71
LMS003638,STU00182,2026-06-06,6,129,4,5,3,188
LMS003639,STU00182,2026-02-07,8,78,7,0,1,141
LMS003640,STU00182,2026-01-17,3,130,12,2,4,24
LMS003641,STU00183,2026-02-13,1,94,3,1,4,220
LMS003642,STU00183,2026-02-02,4,177,4,0,1,63
LMS003643,STU00183,2026-01-07,5,30,15,0,4,121
LMS003644,STU00183,2026-04-02,0,113,3,1,1,50
LMS003645,STU00183,2026-04-29,0,143,9,2,1,128
LMS003646,STU00183,2026-06-13,5,127,13,4,4,175
LMS003647,STU00183,2026-02-28,0,19,2,0,3,56
LMS003648,STU00183,2026-03-03,1,50,3,0,0,142
LMS003649,STU00183,2026-02-21,0,150,6,4,5,215
LMS003650,STU00183,2026-04-07,7,60,10,3,2,9
LMS003651,STU00183,2026-03-22,8,5,12,3,2,162
LMS003652,STU00183,2026-03-20,0,18,6,5,0,202
LMS003653,STU00183,2026-04-25,3,55,9,2,1,165
LMS003654,STU00183,2026-06-18,5,47,11,4,0,181
LMS003655,STU00183,2026-04-20,3,72,14,4,3,113
LMS003656,STU00183,2026-06-26,2,73,12,2,3,213
LMS003657,STU00183,2026-03-15,7,19,12,4,2,139
LMS003658,STU00183,2026-04-20,5,76,13,2,3,112
LMS003659,STU00183,2026-01-28,6,43,13,4,3,60
LMS003660,STU00183,2026-05-10,3,4,8,2,5,28
LMS003661,STU00184,2026-05-19,8,156,0,0,4,208
LMS003662,STU00184,2026-04-25,7,171,4,5,1,140
LMS003663,STU00184,2026-02-13,7,132,11,2,2,129
LMS003664,STU00184,2026-02-19,7,19,11,0,1,139
LMS003665,STU00184,2026-03-27,7,62,0,3,5,234
LMS003666,STU00184,2026-04-29,4,165,8,5,0,30
LMS003667,STU00184,2026-02-14,1,44,3,0,0,128
LMS003668,STU00184,2026-02-01,5,15,7,5,2,105
LMS003669,STU00184,2026-04-12,4,19,14,5,3,120
LMS003670,STU00184,2026-01-02,6,101,7,2,4,87
LMS003671,STU00184,2026-01-23,4,132,10,4,4,35
LMS003672,STU00184,2026-05-15,4,161,4,0,3,111
LMS003673,STU00184,2026-01-04,5,98,11,0,0,68
LMS003674,STU00184,2026-01-26,1,19,12,0,0,203
LMS003675,STU00184,2026-06-03,1,140,1,0,3,182
LMS003676,STU00184,2026-02-10,3,37,11,4,2,182
LMS003677,STU00184,2026-05-31,0,152,9,1,0,48
LMS003678,STU00184,2026-03-24,4,43,7,4,5,122
LMS003679,STU00184,2026-02-28,3,121,8,1,4,166
LMS003680,STU00184,2026-04-12,8,88,3,0,5,177
LMS003681,STU00185,2026-01-09,3,169,9,0,4,157
LMS003682,STU00185,2026-04-16,5,98,3,3,0,183
LMS003683,STU00185,2026-05-08,7,9,6,1,5,56
LMS003684,STU00185,2026-01-04,6,13,2,0,2,104
LMS003685,STU00185,2026-03-24,3,98,0,4,2,140
LMS003686,STU00185,2026-04-23,8,54,13,3,3,85
LMS003687,STU00185,2026-05-15,3,164,6,0,1,107
LMS003688,STU00185,2026-06-16,2,172,14,5,1,180
LMS003689,STU00185,2026-05-16,3,55,8,2,5,50
LMS003690,STU00185,2026-03-03,8,68,6,0,4,57
LMS003691,STU00185,2026-02-08,1,137,11,5,1,59
LMS003692,STU00185,2026-01-23,7,94,13,1,3,166
LMS003693,STU00185,2026-02-10,0,129,1,3,0,17
LMS003694,STU00185,2026-02-13,3,72,4,4,3,196
LMS003695,STU00185,2026-04-05,5,46,4,0,5,211
LMS003696,STU00185,2026-03-30,2,71,10,5,4,187
LMS003697,STU00185,2026-03-28,0,145,10,5,2,180
LMS003698,STU00185,2026-06-02,3,151,6,2,2,158
LMS003699,STU00185,2026-06-09,2,77,7,0,0,185
LMS003700,STU00185,2026-06-05,1,130,12,2,0,188
LMS003701,STU00186,2026-05-07,8,58,15,1,3,151
LMS003702,STU00186,2026-06-13,5,13,5,1,1,51
LMS003703,STU00186,2026-05-25,8,61,4,2,5,48
LMS003704,STU00186,2026-05-13,8,178,8,2,3,109
LMS003705,STU00186,2026-05-31,2,174,5,5,4,100
LMS003706,STU00186,2026-05-09,7,165,1,5,1,70
LMS003707,STU00186,2026-03-31,5,10,14,1,2,78
LMS003708,STU00186,2026-05-02,6,63,11,2,0,181
LMS003709,STU00186,2026-01-04,4,14,5,5,1,194
LMS003710,STU00186,2026-01-15,8,124,14,4,0,16
LMS003711,STU00186,2026-05-17,6,69,15,2,0,216
LMS003712,STU00186,2026-01-26,8,143,6,0,5,58
LMS003713,STU00186,2026-06-03,7,124,15,5,5,168
LMS003714,STU00186,2026-05-12,4,40,10,2,1,99
LMS003715,STU00186,2026-01-04,8,2,0,2,4,112
LMS003716,STU00186,2026-01-14,8,10,9,1,1,225
LMS003717,STU00186,2026-03-02,2,149,6,2,2,161
LMS003718,STU00186,2026-05-12,1,176,11,0,3,172
LMS003719,STU00186,2026-02-09,8,148,4,5,4,105
LMS003720,STU00186,2026-04-20,1,97,6,0,1,137
LMS003721,STU00187,2026-05-31,5,121,7,5,0,166
LMS003722,STU00187,2026-04-09,0,104,2,1,3,3
LMS003723,STU00187,2026-04-17,6,0,4,3,5,116
LMS003724,STU00187,2026-06-08,3,154,5,5,5,157
LMS003725,STU00187,2026-03-01,4,154,5,4,2,8
LMS003726,STU00187,2026-05-18,0,134,11,1,5,40
LMS003727,STU00187,2026-04-03,4,29,14,4,2,11
LMS003728,STU00187,2026-01-01,7,155,1,2,2,176
LMS003729,STU00187,2026-04-26,8,18,10,5,5,120
LMS003730,STU00187,2026-05-22,7,137,2,5,2,212
LMS003731,STU00187,2026-06-21,5,130,9,4,2,4
LMS003732,STU00187,2026-05-07,0,68,8,2,0,26
LMS003733,STU00187,2026-05-29,6,25,12,3,1,47
LMS003734,STU00187,2026-03-05,6,16,0,3,1,182
LMS003735,STU00187,2026-06-08,8,33,0,3,1,219
LMS003736,STU00187,2026-03-11,5,178,8,1,4,2
LMS003737,STU00187,2026-05-08,0,52,15,0,0,147
LMS003738,STU00187,2026-03-20,1,77,9,4,0,46
LMS003739,STU00187,2026-05-23,1,34,11,3,1,32
LMS003740,STU00187,2026-01-18,1,119,5,0,0,158
LMS003741,STU00188,2026-01-30,8,19,0,5,2,54
LMS003742,STU00188,2026-04-13,8,158,9,5,4,225
LMS003743,STU00188,2026-06-30,8,140,1,2,1,233
LMS003744,STU00188,2026-01-21,7,44,13,0,3,154
LMS003745,STU00188,2026-06-14,1,0,14,3,1,134
LMS003746,STU00188,2026-01-27,0,56,3,4,1,47
LMS003747,STU00188,2026-03-20,4,97,5,0,5,8
LMS003748,STU00188,2026-01-09,3,144,9,2,1,184
LMS003749,STU00188,2026-02-10,2,63,7,2,1,171
LMS003750,STU00188,2026-04-17,0,179,6,3,2,108
LMS003751,STU00188,2026-04-20,2,97,0,5,4,49
LMS003752,STU00188,2026-04-22,6,108,9,4,2,117
LMS003753,STU00188,2026-06-10,1,138,12,3,5,231
LMS003754,STU00188,2026-02-04,0,162,12,2,3,218
LMS003755,STU00188,2026-02-28,6,160,9,3,2,53
LMS003756,STU00188,2026-02-16,1,9,13,4,2,15
LMS003757,STU00188,2026-01-11,6,53,12,0,4,196
LMS003758,STU00188,2026-04-13,4,10,2,3,2,175
LMS003759,STU00188,2026-05-20,3,104,7,1,1,94
LMS003760,STU00188,2026-05-24,8,78,11,5,5,149
LMS003761,STU00189,2026-03-26,5,72,14,1,0,116
LMS003762,STU00189,2026-01-19,8,162,4,2,4,23
LMS003763,STU00189,2026-05-10,6,174,10,3,5,179
LMS003764,STU00189,2026-03-28,8,81,1,2,3,181
LMS003765,STU00189,2026-06-12,5,158,10,5,2,194
LMS003766,STU00189,2026-06-03,8,174,9,1,5,84
LMS003767,STU00189,2026-02-21,1,132,2,1,4,213
LMS003768,STU00189,2026-05-14,8,24,1,5,1,21
LMS003769,STU00189,2026-05-26,2,50,10,0,4,189
LMS003770,STU00189,2026-05-07,8,136,13,1,1,1
LMS003771,STU00189,2026-01-31,3,125,9,1,1,55
LMS003772,STU00189,2026-06-11,4,113,11,4,5,207
LMS003773,STU00189,2026-03-09,0,86,2,3,5,123
LMS003774,STU00189,2026-03-20,2,169,5,2,3,102
LMS003775,STU00189,2026-02-20,4,113,0,3,5,230
LMS003776,STU00189,2026-03-19,5,139,0,5,4,170
LMS003777,STU00189,2026-01-28,7,168,6,4,4,141
LMS003778,STU00189,2026-06-14,6,162,8,3,0,13
LMS003779,STU00189,2026-01-30,7,130,8,3,0,180
LMS003780,STU00189,2026-06-08,6,36,5,0,0,15
LMS003781,STU00190,2026-01-17,4,33,0,5,1,13
LMS003782,STU00190,2026-04-28,1,144,5,3,4,237
LMS003783,STU00190,2026-04-25,8,105,3,1,2,224
LMS003784,STU00190,2026-05-29,4,77,4,5,5,221
LMS003785,STU00190,2026-03-14,2,97,12,2,2,142
LMS003786,STU00190,2026-02-22,3,90,6,2,1,129
LMS003787,STU00190,2026-04-14,0,175,0,2,2,110
LMS003788,STU00190,2026-03-28,2,99,13,3,3,221
LMS003789,STU00190,2026-01-11,3,51,2,3,0,4
LMS003790,STU00190,2026-01-01,4,3,14,5,1,233
LMS003791,STU00190,2026-04-07,2,106,6,3,4,56
LMS003792,STU00190,2026-06-12,7,145,12,1,0,196
LMS003793,STU00190,2026-02-03,4,124,12,2,1,66
LMS003794,STU00190,2026-01-17,8,151,13,2,2,3
LMS003795,STU00190,2026-06-14,4,163,2,2,4,49
LMS003796,STU00190,2026-05-04,1,17,12,5,5,164
LMS003797,STU00190,2026-06-04,4,111,10,3,0,137
LMS003798,STU00190,2026-05-23,0,92,12,4,0,56
LMS003799,STU00190,2026-01-06,8,104,12,5,1,119
LMS003800,STU00190,2026-06-21,6,105,6,2,3,213
LMS003801,STU00191,2026-04-20,6,35,2,0,2,59
LMS003802,STU00191,2026-03-02,4,136,3,2,5,120
LMS003803,STU00191,2026-04-20,8,42,8,1,0,42
LMS003804,STU00191,2026-04-28,3,22,0,0,1,83
LMS003805,STU00191,2026-02-11,1,142,6,4,0,70
LMS003806,STU00191,2026-01-18,4,9,0,1,3,61
LMS003807,STU00191,2026-06-09,4,133,1,1,1,101
LMS003808,STU00191,2026-06-23,3,61,5,2,3,76
LMS003809,STU00191,2026-04-28,7,160,5,5,3,148
LMS003810,STU00191,2026-02-17,6,50,12,0,0,12
LMS003811,STU00191,2026-03-21,1,73,6,5,5,218
LMS003812,STU00191,2026-06-10,1,79,7,3,2,210
LMS003813,STU00191,2026-01-20,2,31,12,5,3,139
LMS003814,STU00191,2026-05-18,2,62,5,2,0,176
LMS003815,STU00191,2026-02-18,2,60,5,5,2,73
LMS003816,STU00191,2026-02-15,2,100,14,5,1,85
LMS003817,STU00191,2026-04-06,8,108,13,1,4,111
LMS003818,STU00191,2026-03-08,2,177,12,3,2,197
LMS003819,STU00191,2026-02-28,1,149,6,4,1,178
LMS003820,STU00191,2026-02-01,0,41,15,0,2,141
LMS003821,STU00192,2026-04-06,3,128,15,0,5,143
LMS003822,STU00192,2026-04-04,8,32,6,5,4,192
LMS003823,STU00192,2026-06-29,4,170,7,2,2,100
LMS003824,STU00192,2026-04-09,2,87,7,1,1,68
LMS003825,STU00192,2026-02-03,2,52,11,5,4,38
LMS003826,STU00192,2026-06-02,4,117,3,5,2,107
LMS003827,STU00192,2026-01-05,1,172,14,3,2,18
LMS003828,STU00192,2026-04-21,2,113,10,4,2,208
LMS003829,STU00192,2026-06-28,3,89,12,1,5,208
LMS003830,STU00192,2026-05-22,2,34,3,5,5,210
LMS003831,STU00192,2026-04-17,0,50,8,0,0,24
LMS003832,STU00192,2026-04-07,6,143,6,5,5,126
LMS003833,STU00192,2026-03-20,2,83,4,2,2,83
LMS003834,STU00192,2026-06-08,6,164,8,4,2,59
LMS003835,STU00192,2026-03-28,3,90,9,3,4,149
LMS003836,STU00192,2026-03-04,8,65,0,5,0,100
LMS003837,STU00192,2026-02-22,7,156,0,4,0,224
LMS003838,STU00192,2026-01-16,8,171,8,2,1,6
LMS003839,STU00192,2026-05-04,2,24,4,4,2,21
LMS003840,STU00192,2026-04-04,5,24,12,0,2,149
LMS003841,STU00193,2026-02-09,3,144,12,3,0,169
LMS003842,STU00193,2026-04-03,8,119,6,5,3,85
LMS003843,STU00193,2026-03-01,6,165,11,0,5,204
LMS003844,STU00193,2026-04-07,5,65,10,4,0,179
LMS003845,STU00193,2026-02-13,2,91,1,4,3,235
LMS003846,STU00193,2026-05-13,1,124,8,3,2,162
LMS003847,STU00193,2026-03-18,3,91,15,4,1,146
LMS003848,STU00193,2026-02-17,2,110,9,1,4,232
LMS003849,STU00193,2026-01-15,1,101,14,3,3,89
LMS003850,STU00193,2026-04-29,5,98,3,2,2,173
LMS003851,STU00193,2026-02-10,3,20,4,0,0,74
LMS003852,STU00193,2026-04-25,5,105,1,1,1,213
LMS003853,STU00193,2026-01-31,7,131,10,3,0,197
LMS003854,STU00193,2026-04-18,6,162,6,3,3,126
LMS003855,STU00193,2026-02-23,2,64,15,5,2,143
LMS003856,STU00193,2026-04-02,6,11,13,0,0,24
LMS003857,STU00193,2026-04-29,6,109,9,1,0,182
LMS003858,STU00193,2026-05-16,0,129,9,0,0,30
LMS003859,STU00193,2026-01-08,2,157,9,4,2,165
LMS003860,STU00193,2026-06-15,6,60,7,4,4,72
LMS003861,STU00194,2026-06-06,7,126,6,5,3,180
LMS003862,STU00194,2026-06-09,3,96,14,0,3,143
LMS003863,STU00194,2026-04-06,6,32,14,2,1,15
LMS003864,STU00194,2026-02-24,8,115,4,3,3,73
LMS003865,STU00194,2026-04-01,8,121,12,2,1,95
LMS003866,STU00194,2026-05-31,1,85,10,1,1,182
LMS003867,STU00194,2026-03-01,2,73,1,5,3,222
LMS003868,STU00194,2026-02-12,1,51,11,0,2,14
LMS003869,STU00194,2026-05-29,0,20,4,1,2,64
LMS003870,STU00194,2026-01-18,7,88,3,5,1,159
LMS003871,STU00194,2026-03-16,6,132,4,4,3,181
LMS003872,STU00194,2026-05-26,1,80,8,0,3,37
LMS003873,STU00194,2026-05-10,0,28,10,3,5,94
LMS003874,STU00194,2026-02-22,1,166,9,1,5,48
LMS003875,STU00194,2026-02-19,1,142,9,0,1,187
LMS003876,STU00194,2026-06-08,8,5,1,3,2,87
LMS003877,STU00194,2026-03-25,3,180,13,3,4,35
LMS003878,STU00194,2026-03-05,5,121,10,0,4,96
LMS003879,STU00194,2026-02-28,0,88,10,1,2,127
LMS003880,STU00194,2026-03-04,1,115,5,0,0,233
LMS003881,STU00195,2026-06-24,0,154,5,3,1,186
LMS003882,STU00195,2026-04-08,4,45,12,4,2,150
LMS003883,STU00195,2026-02-04,3,111,12,5,4,26
LMS003884,STU00195,2026-05-15,3,119,3,1,5,100
LMS003885,STU00195,2026-01-15,2,40,5,2,4,119
LMS003886,STU00195,2026-03-22,3,43,14,2,3,236
LMS003887,STU00195,2026-06-12,2,30,6,3,4,223
LMS003888,STU00195,2026-04-06,8,27,7,4,5,46
LMS003889,STU00195,2026-04-13,2,41,7,5,2,31
LMS003890,STU00195,2026-01-26,4,40,7,4,3,51
LMS003891,STU00195,2026-04-22,6,164,10,4,1,201
LMS003892,STU00195,2026-03-05,3,86,0,3,5,217
LMS003893,STU00195,2026-05-22,7,115,12,2,5,103
LMS003894,STU00195,2026-01-02,3,108,9,3,0,133
LMS003895,STU00195,2026-01-23,4,113,10,0,3,211
LMS003896,STU00195,2026-04-29,5,133,15,4,3,184
LMS003897,STU00195,2026-03-01,7,48,11,2,0,216
LMS003898,STU00195,2026-02-15,5,154,14,1,4,233
LMS003899,STU00195,2026-06-21,7,29,9,2,1,173
LMS003900,STU00195,2026-01-08,5,18,10,5,5,114
LMS003901,STU00196,2026-06-30,1,111,11,5,3,59
LMS003902,STU00196,2026-05-01,5,52,6,0,2,38
LMS003903,STU00196,2026-01-08,0,98,3,5,4,151
LMS003904,STU00196,2026-04-14,1,42,13,3,5,224
LMS003905,STU00196,2026-02-03,7,59,12,3,2,55
LMS003906,STU00196,2026-01-16,5,33,4,3,1,42
LMS003907,STU00196,2026-01-01,2,129,14,3,1,62
LMS003908,STU00196,2026-04-13,2,151,4,2,1,59
LMS003909,STU00196,2026-03-29,5,98,7,1,1,182
LMS003910,STU00196,2026-02-12,5,38,3,0,0,79
LMS003911,STU00196,2026-03-03,1,35,4,0,2,125
LMS003912,STU00196,2026-01-13,4,10,8,4,4,50
LMS003913,STU00196,2026-02-15,4,119,8,1,3,71
LMS003914,STU00196,2026-02-24,7,145,0,2,3,222
LMS003915,STU00196,2026-05-05,6,112,10,1,4,120
LMS003916,STU00196,2026-02-18,4,169,9,3,1,194
LMS003917,STU00196,2026-04-28,5,142,4,0,3,236
LMS003918,STU00196,2026-02-02,0,53,3,4,2,104
LMS003919,STU00196,2026-04-02,7,64,12,3,3,145
LMS003920,STU00196,2026-01-25,3,129,14,1,0,87
LMS003921,STU00197,2026-01-11,8,173,9,3,3,14
LMS003922,STU00197,2026-02-10,0,16,4,3,2,108
LMS003923,STU00197,2026-05-28,8,72,10,3,3,39
LMS003924,STU00197,2026-04-15,5,163,6,2,4,77
LMS003925,STU00197,2026-01-30,1,146,0,4,2,54
LMS003926,STU00197,2026-05-02,1,90,3,5,5,148
LMS003927,STU00197,2026-05-27,6,167,13,5,2,123
LMS003928,STU00197,2026-01-22,1,179,15,0,1,31
LMS003929,STU00197,2026-01-15,5,118,6,0,1,53
LMS003930,STU00197,2026-01-29,4,109,4,2,3,221
LMS003931,STU00197,2026-03-27,7,178,13,4,5,176
LMS003932,STU00197,2026-02-15,3,180,9,1,0,194
LMS003933,STU00197,2026-06-17,3,90,1,1,5,154
LMS003934,STU00197,2026-02-06,4,112,2,3,2,43
LMS003935,STU00197,2026-06-12,2,132,6,3,3,230
LMS003936,STU00197,2026-02-25,3,70,1,0,2,117
LMS003937,STU00197,2026-02-28,8,175,6,5,2,67
LMS003938,STU00197,2026-06-10,4,24,10,1,5,67
LMS003939,STU00197,2026-03-23,0,167,12,4,5,43
LMS003940,STU00197,2026-03-17,7,85,14,1,1,168
LMS003941,STU00198,2026-01-31,2,129,12,2,5,228
LMS003942,STU00198,2026-04-30,4,0,8,4,4,101
LMS003943,STU00198,2026-05-18,8,171,0,2,1,35
LMS003944,STU00198,2026-05-16,6,46,8,0,3,137
LMS003945,STU00198,2026-04-14,8,79,11,0,3,175
LMS003946,STU00198,2026-01-07,7,110,9,2,2,168
LMS003947,STU00198,2026-04-18,2,81,14,2,5,234
LMS003948,STU00198,2026-01-10,3,107,4,2,5,206
LMS003949,STU00198,2026-06-10,5,145,3,5,5,67
LMS003950,STU00198,2026-03-28,6,88,6,3,2,190
LMS003951,STU00198,2026-05-22,8,171,3,0,5,31
LMS003952,STU00198,2026-06-06,2,97,13,1,5,128
LMS003953,STU00198,2026-03-22,5,166,10,2,4,77
LMS003954,STU00198,2026-03-24,6,105,9,0,1,120
LMS003955,STU00198,2026-04-03,3,139,0,3,0,59
LMS003956,STU00198,2026-01-16,7,162,8,3,5,239
LMS003957,STU00198,2026-05-31,1,163,15,0,4,48
LMS003958,STU00198,2026-04-22,7,28,12,4,0,223
LMS003959,STU00198,2026-05-22,0,14,8,3,2,181
LMS003960,STU00198,2026-06-28,3,171,5,1,3,32
LMS003961,STU00199,2026-06-18,6,83,9,1,2,45
LMS003962,STU00199,2026-01-01,6,48,4,0,1,99
LMS003963,STU00199,2026-02-19,2,69,3,5,3,87
LMS003964,STU00199,2026-02-12,6,90,8,5,3,200
LMS003965,STU00199,2026-03-23,3,131,15,0,5,145
LMS003966,STU00199,2026-02-17,3,30,3,5,0,53
LMS003967,STU00199,2026-02-15,8,154,1,0,3,82
LMS003968,STU00199,2026-05-25,7,104,11,2,2,78
LMS003969,STU00199,2026-06-10,3,122,15,5,5,10
LMS003970,STU00199,2026-03-18,6,39,2,1,0,79
LMS003971,STU00199,2026-03-10,3,12,7,4,4,171
LMS003972,STU00199,2026-03-13,3,123,10,5,5,126
LMS003973,STU00199,2026-01-07,7,167,13,2,0,167
LMS003974,STU00199,2026-02-24,0,28,8,4,2,139
LMS003975,STU00199,2026-02-21,8,127,14,3,0,184
LMS003976,STU00199,2026-01-18,8,178,7,1,4,18
LMS003977,STU00199,2026-05-24,3,157,11,0,5,86
LMS003978,STU00199,2026-06-05,0,108,8,4,5,14
LMS003979,STU00199,2026-05-13,2,90,4,1,4,59
LMS003980,STU00199,2026-03-25,8,83,13,1,3,1
LMS003981,STU00200,2026-02-12,8,130,13,0,5,108
LMS003982,STU00200,2026-04-09,7,66,1,1,0,132
LMS003983,STU00200,2026-03-16,5,39,15,4,1,214
LMS003984,STU00200,2026-02-12,1,137,10,1,4,179
LMS003985,STU00200,2026-04-26,7,18,10,1,2,80
LMS003986,STU00200,2026-04-06,1,85,15,4,1,47
LMS003987,STU00200,2026-05-23,6,103,14,0,4,44
LMS003988,STU00200,2026-06-25,8,26,7,5,3,47
LMS003989,STU00200,2026-02-06,5,160,10,0,1,217
LMS003990,STU00200,2026-05-21,4,96,8,5,2,6
LMS003991,STU00200,2026-01-28,4,153,5,1,2,182
LMS003992,STU00200,2026-03-05,2,154,4,3,3,67
LMS003993,STU00200,2026-04-15,8,86,12,2,0,123
LMS003994,STU00200,2026-05-18,7,138,7,4,5,119
LMS003995,STU00200,2026-02-01,3,23,11,3,5,205
LMS003996,STU00200,2026-05-14,3,100,10,1,1,47
LMS003997,STU00200,2026-03-15,2,41,11,2,3,146
LMS003998,STU00200,2026-03-16,2,96,8,4,4,33
LMS003999,STU00200,2026-05-02,3,39,11,5,1,212
LMS004000,STU00200,2026-02-05,8,171,11,0,2,202
LMS004001,STU00201,2026-03-04,8,136,10,0,5,31
LMS004002,STU00201,2026-06-16,7,149,11,3,0,102
LMS004003,STU00201,2026-06-11,2,148,13,4,5,151
LMS004004,STU00201,2026-01-13,7,89,14,5,0,93
LMS004005,STU00201,2026-03-01,8,103,0,5,3,21
LMS004006,STU00201,2026-01-04,2,48,9,5,1,75
LMS004007,STU00201,2026-03-07,7,113,3,3,0,54
LMS004008,STU00201,2026-04-16,4,10,6,4,5,186
LMS004009,STU00201,2026-05-12,5,108,4,0,1,203
LMS004010,STU00201,2026-04-04,7,122,0,4,1,78
LMS004011,STU00201,2026-06-14,6,63,3,0,0,15
LMS004012,STU00201,2026-04-12,7,103,3,1,3,175
LMS004013,STU00201,2026-05-26,0,141,9,1,3,154
LMS004014,STU00201,2026-05-15,7,55,9,0,0,187
LMS004015,STU00201,2026-03-20,1,143,6,0,2,55
LMS004016,STU00201,2026-03-24,7,160,14,3,5,107
LMS004017,STU00201,2026-01-11,5,41,5,2,4,18
LMS004018,STU00201,2026-01-06,2,78,6,4,5,58
LMS004019,STU00201,2026-05-21,2,51,6,1,2,103
LMS004020,STU00201,2026-02-23,7,51,15,3,2,82
LMS004021,STU00202,2026-06-30,7,42,4,5,1,197
LMS004022,STU00202,2026-05-18,6,109,1,2,0,231
LMS004023,STU00202,2026-02-21,2,153,15,1,4,54
LMS004024,STU00202,2026-03-05,6,24,12,2,5,221
LMS004025,STU00202,2026-04-28,3,97,3,0,2,217
LMS004026,STU00202,2026-02-26,6,74,3,0,1,110
LMS004027,STU00202,2026-01-21,8,48,5,1,4,34
LMS004028,STU00202,2026-06-27,7,61,13,1,2,219
LMS004029,STU00202,2026-02-11,1,33,13,3,1,234
LMS004030,STU00202,2026-05-25,8,57,10,0,2,76
LMS004031,STU00202,2026-01-30,4,63,4,3,2,64
LMS004032,STU00202,2026-02-05,3,9,10,5,3,185
LMS004033,STU00202,2026-05-28,4,95,15,4,3,161
LMS004034,STU00202,2026-06-22,1,167,6,5,4,166
LMS004035,STU00202,2026-06-16,3,36,6,4,0,28
LMS004036,STU00202,2026-01-25,5,104,9,4,3,53
LMS004037,STU00202,2026-01-15,2,126,1,2,2,13
LMS004038,STU00202,2026-06-03,2,179,6,2,0,206
LMS004039,STU00202,2026-04-14,7,120,8,4,1,53
LMS004040,STU00202,2026-01-08,6,148,1,5,0,128
LMS004041,STU00203,2026-06-07,7,77,8,3,1,18
LMS004042,STU00203,2026-04-04,7,170,0,5,5,80
LMS004043,STU00203,2026-01-12,2,151,11,0,2,107
LMS004044,STU00203,2026-02-01,1,78,8,5,5,153
LMS004045,STU00203,2026-01-06,5,99,12,4,5,202
LMS004046,STU00203,2026-01-01,4,98,5,3,1,171
LMS004047,STU00203,2026-04-17,2,55,12,4,3,72
LMS004048,STU00203,2026-03-08,3,60,3,2,2,19
LMS004049,STU00203,2026-04-06,7,143,15,2,5,70
LMS004050,STU00203,2026-04-09,2,94,10,3,2,105
LMS004051,STU00203,2026-02-06,7,154,9,4,3,92
LMS004052,STU00203,2026-04-01,7,17,0,1,0,223
LMS004053,STU00203,2026-05-15,6,149,11,5,1,239
LMS004054,STU00203,2026-05-15,8,109,4,1,3,52
LMS004055,STU00203,2026-06-21,7,85,0,3,1,14
LMS004056,STU00203,2026-03-28,7,164,9,1,1,50
LMS004057,STU00203,2026-05-08,8,24,13,0,3,129
LMS004058,STU00203,2026-05-15,1,102,6,3,4,61
LMS004059,STU00203,2026-03-09,0,114,10,5,3,199
LMS004060,STU00203,2026-05-29,5,20,8,1,2,185
LMS004061,STU00204,2026-03-28,7,110,9,1,4,32
LMS004062,STU00204,2026-03-17,2,74,6,3,5,196
LMS004063,STU00204,2026-01-28,1,89,14,2,2,196
LMS004064,STU00204,2026-05-24,6,49,6,5,4,203
LMS004065,STU00204,2026-04-30,4,101,8,2,2,28
LMS004066,STU00204,2026-03-30,6,137,1,3,3,223
LMS004067,STU00204,2026-06-07,7,79,15,1,3,26
LMS004068,STU00204,2026-05-12,3,29,8,1,5,228
LMS004069,STU00204,2026-04-01,6,119,6,5,1,101
LMS004070,STU00204,2026-06-27,6,132,6,2,4,132
LMS004071,STU00204,2026-04-09,6,56,15,5,4,195
LMS004072,STU00204,2026-06-18,0,158,10,3,0,55
LMS004073,STU00204,2026-03-07,5,97,0,4,1,10
LMS004074,STU00204,2026-04-20,3,71,2,3,3,98
LMS004075,STU00204,2026-01-22,4,161,4,4,2,123
LMS004076,STU00204,2026-03-09,6,83,10,0,2,30
LMS004077,STU00204,2026-02-28,3,94,0,1,2,18
LMS004078,STU00204,2026-03-13,5,52,14,4,5,114
LMS004079,STU00204,2026-06-02,2,0,3,5,0,208
LMS004080,STU00204,2026-03-30,5,28,4,5,2,210
LMS004081,STU00205,2026-05-02,4,84,15,1,1,232
LMS004082,STU00205,2026-06-26,0,107,14,2,3,77
LMS004083,STU00205,2026-01-18,2,133,13,1,4,211
LMS004084,STU00205,2026-02-02,6,13,15,3,5,129
LMS004085,STU00205,2026-05-03,1,161,12,1,5,171
LMS004086,STU00205,2026-05-06,5,162,3,2,0,34
LMS004087,STU00205,2026-06-06,7,138,4,2,0,74
LMS004088,STU00205,2026-06-11,8,8,5,5,0,195
LMS004089,STU00205,2026-03-23,1,50,9,5,5,19
LMS004090,STU00205,2026-05-08,7,145,1,3,2,13
LMS004091,STU00205,2026-04-17,0,47,12,3,4,237
LMS004092,STU00205,2026-05-30,7,5,13,4,1,109
LMS004093,STU00205,2026-06-12,2,93,6,0,5,16
LMS004094,STU00205,2026-04-05,2,105,3,0,3,91
LMS004095,STU00205,2026-06-11,6,97,4,2,3,51
LMS004096,STU00205,2026-06-04,1,159,12,4,2,219
LMS004097,STU00205,2026-03-10,1,139,2,1,0,56
LMS004098,STU00205,2026-02-26,4,180,0,5,2,1
LMS004099,STU00205,2026-02-07,2,23,2,5,4,67
LMS004100,STU00205,2026-05-06,3,155,4,3,0,35
LMS004101,STU00206,2026-05-12,4,152,7,4,0,165
LMS004102,STU00206,2026-01-16,0,130,3,3,2,61
LMS004103,STU00206,2026-04-01,2,137,2,2,2,200
LMS004104,STU00206,2026-03-03,3,14,14,0,3,143
LMS004105,STU00206,2026-05-15,3,55,7,2,0,110
LMS004106,STU00206,2026-04-19,3,79,4,5,5,168
LMS004107,STU00206,2026-05-14,2,96,11,1,3,205
LMS004108,STU00206,2026-01-17,0,75,9,2,5,29
LMS004109,STU00206,2026-01-24,0,107,14,3,4,41
LMS004110,STU00206,2026-06-06,3,134,11,4,3,174
LMS004111,STU00206,2026-03-18,2,101,8,3,2,111
LMS004112,STU00206,2026-04-03,8,41,1,4,1,58
LMS004113,STU00206,2026-02-04,7,161,13,0,1,182
LMS004114,STU00206,2026-02-16,0,78,2,0,5,32
LMS004115,STU00206,2026-02-09,1,37,6,2,0,17
LMS004116,STU00206,2026-04-14,7,76,2,0,3,39
LMS004117,STU00206,2026-04-23,6,147,10,0,1,228
LMS004118,STU00206,2026-02-04,8,86,8,5,3,142
LMS004119,STU00206,2026-06-29,7,170,9,2,0,202
LMS004120,STU00206,2026-04-09,5,31,2,3,0,165
LMS004121,STU00207,2026-01-12,2,79,3,4,4,162
LMS004122,STU00207,2026-03-31,8,79,1,5,4,237
LMS004123,STU00207,2026-03-27,4,176,10,5,2,203
LMS004124,STU00207,2026-06-12,1,22,12,5,2,228
LMS004125,STU00207,2026-01-23,1,138,5,1,3,123
LMS004126,STU00207,2026-01-14,3,79,8,1,0,57
LMS004127,STU00207,2026-04-08,4,74,15,3,3,183
LMS004128,STU00207,2026-06-17,4,121,13,1,4,149
LMS004129,STU00207,2026-02-10,3,132,15,5,1,90
LMS004130,STU00207,2026-05-17,2,134,0,0,3,155
LMS004131,STU00207,2026-03-27,2,160,7,4,1,131
LMS004132,STU00207,2026-02-16,6,142,5,0,2,218
LMS004133,STU00207,2026-05-15,4,65,13,5,1,96
LMS004134,STU00207,2026-04-29,4,4,1,3,2,28
LMS004135,STU00207,2026-01-27,8,117,8,2,3,85
LMS004136,STU00207,2026-05-22,5,69,0,1,5,3
LMS004137,STU00207,2026-06-07,4,137,2,0,3,167
LMS004138,STU00207,2026-03-20,3,173,13,3,2,119
LMS004139,STU00207,2026-02-28,2,177,14,1,2,153
LMS004140,STU00207,2026-01-21,2,62,9,4,1,210
LMS004141,STU00208,2026-05-15,1,78,14,1,0,183
LMS004142,STU00208,2026-01-21,0,33,4,1,4,60
LMS004143,STU00208,2026-02-28,1,121,15,0,1,125
LMS004144,STU00208,2026-04-04,5,113,5,3,3,198
LMS004145,STU00208,2026-04-17,1,78,1,0,2,22
LMS004146,STU00208,2026-01-23,4,20,3,3,1,166
LMS004147,STU00208,2026-06-17,3,7,14,2,3,183
LMS004148,STU00208,2026-03-21,3,28,5,4,2,239
LMS004149,STU00208,2026-02-13,3,87,12,3,5,5
LMS004150,STU00208,2026-04-16,8,172,2,3,5,104
LMS004151,STU00208,2026-06-03,8,172,4,1,4,88
LMS004152,STU00208,2026-02-06,7,146,14,0,1,98
LMS004153,STU00208,2026-01-01,8,144,8,3,4,201
LMS004154,STU00208,2026-01-11,2,162,15,2,2,231
LMS004155,STU00208,2026-06-16,4,21,8,0,4,116
LMS004156,STU00208,2026-03-30,4,177,5,2,4,45
LMS004157,STU00208,2026-05-30,3,80,10,0,4,110
LMS004158,STU00208,2026-06-20,8,89,7,5,3,187
LMS004159,STU00208,2026-02-24,5,59,15,2,5,84
LMS004160,STU00208,2026-05-22,5,98,7,5,5,181
LMS004161,STU00209,2026-03-12,0,39,3,3,4,22
LMS004162,STU00209,2026-02-25,7,117,9,0,0,47
LMS004163,STU00209,2026-04-28,8,81,1,3,3,28
LMS004164,STU00209,2026-06-24,6,108,4,2,1,204
LMS004165,STU00209,2026-03-03,1,42,2,3,3,11
LMS004166,STU00209,2026-02-19,0,110,0,1,2,235
LMS004167,STU00209,2026-01-07,5,90,12,0,0,10
LMS004168,STU00209,2026-03-23,4,100,13,0,5,127
LMS004169,STU00209,2026-06-01,4,75,3,3,1,36
LMS004170,STU00209,2026-03-12,6,114,1,3,4,219
LMS004171,STU00209,2026-02-05,8,130,8,3,2,86
LMS004172,STU00209,2026-02-11,2,141,0,1,1,31
LMS004173,STU00209,2026-01-20,5,143,6,5,5,90
LMS004174,STU00209,2026-03-14,7,34,7,4,0,108
LMS004175,STU00209,2026-05-20,6,160,7,0,3,172
LMS004176,STU00209,2026-03-08,3,167,13,5,0,211
LMS004177,STU00209,2026-02-19,8,141,4,1,2,4
LMS004178,STU00209,2026-04-17,0,52,7,4,2,198
LMS004179,STU00209,2026-05-18,0,39,1,2,2,225
LMS004180,STU00209,2026-02-05,2,60,5,4,4,187
LMS004181,STU00210,2026-01-18,7,96,6,4,0,82
LMS004182,STU00210,2026-05-03,2,15,2,5,4,195
LMS004183,STU00210,2026-01-03,3,38,13,4,0,240
LMS004184,STU00210,2026-01-17,2,130,7,2,1,28
LMS004185,STU00210,2026-05-07,4,150,10,5,1,212
LMS004186,STU00210,2026-03-23,1,97,1,2,1,55
LMS004187,STU00210,2026-04-24,3,147,7,1,1,98
LMS004188,STU00210,2026-03-31,3,153,6,0,5,76
LMS004189,STU00210,2026-03-04,0,90,1,0,5,101
LMS004190,STU00210,2026-02-13,5,78,14,4,2,4
LMS004191,STU00210,2026-01-22,8,138,6,4,0,212
LMS004192,STU00210,2026-03-30,7,108,11,4,0,231
LMS004193,STU00210,2026-01-31,5,56,9,0,3,170
LMS004194,STU00210,2026-02-08,8,107,3,2,3,148
LMS004195,STU00210,2026-03-06,0,19,1,0,2,159
LMS004196,STU00210,2026-03-14,5,93,15,0,1,128
LMS004197,STU00210,2026-03-11,7,75,13,3,3,184
LMS004198,STU00210,2026-03-19,2,157,7,1,4,102
LMS004199,STU00210,2026-02-16,0,130,10,3,3,189
LMS004200,STU00210,2026-02-01,7,149,0,3,4,239
LMS004201,STU00211,2026-01-01,7,61,8,3,1,10
LMS004202,STU00211,2026-05-02,7,155,5,2,2,139
LMS004203,STU00211,2026-01-05,6,167,15,3,4,70
LMS004204,STU00211,2026-05-05,0,44,5,1,0,17
LMS004205,STU00211,2026-05-11,6,121,5,5,0,90
LMS004206,STU00211,2026-05-29,2,78,15,1,1,73
LMS004207,STU00211,2026-03-08,0,49,3,0,3,117
LMS004208,STU00211,2026-04-16,1,134,10,3,1,51
LMS004209,STU00211,2026-04-16,2,39,5,5,4,8
LMS004210,STU00211,2026-06-09,2,83,6,0,2,111
LMS004211,STU00211,2026-02-01,4,5,9,0,0,1
LMS004212,STU00211,2026-02-09,6,13,4,5,2,108
LMS004213,STU00211,2026-01-05,1,19,6,0,3,73
LMS004214,STU00211,2026-04-18,3,77,9,2,2,218
LMS004215,STU00211,2026-04-25,1,65,4,4,4,46
LMS004216,STU00211,2026-01-22,7,176,10,2,4,146
LMS004217,STU00211,2026-05-01,2,40,8,4,2,102
LMS004218,STU00211,2026-04-20,7,141,11,3,1,7
LMS004219,STU00211,2026-02-02,4,147,1,0,5,125
LMS004220,STU00211,2026-04-17,0,162,12,2,4,21
LMS004221,STU00212,2026-05-30,8,0,4,0,0,202
LMS004222,STU00212,2026-01-06,0,175,5,1,0,138
LMS004223,STU00212,2026-01-05,0,178,10,2,2,119
LMS004224,STU00212,2026-01-12,3,22,11,3,4,148
LMS004225,STU00212,2026-04-22,8,157,11,4,0,107
LMS004226,STU00212,2026-02-15,2,180,6,3,0,166
LMS004227,STU00212,2026-01-23,6,73,5,3,1,224
LMS004228,STU00212,2026-02-13,6,100,3,2,2,113
LMS004229,STU00212,2026-01-18,2,32,12,1,0,24
LMS004230,STU00212,2026-05-06,4,108,11,0,3,16
LMS004231,STU00212,2026-02-12,0,65,8,4,0,95
LMS004232,STU00212,2026-05-30,4,103,11,4,3,240
LMS004233,STU00212,2026-04-13,0,81,11,1,4,26
LMS004234,STU00212,2026-03-10,1,114,6,5,3,17
LMS004235,STU00212,2026-01-08,5,25,4,5,2,167
LMS004236,STU00212,2026-04-29,0,3,15,3,3,15
LMS004237,STU00212,2026-02-06,7,12,7,2,5,100
LMS004238,STU00212,2026-02-03,1,122,2,1,0,148
LMS004239,STU00212,2026-03-08,8,86,10,4,2,62
LMS004240,STU00212,2026-01-08,6,157,12,2,5,198
LMS004241,STU00213,2026-05-14,0,131,5,2,0,150
LMS004242,STU00213,2026-02-22,6,21,5,0,4,238
LMS004243,STU00213,2026-02-24,4,49,14,2,0,185
LMS004244,STU00213,2026-01-17,0,78,1,4,2,76
LMS004245,STU00213,2026-02-12,5,161,10,1,0,156
LMS004246,STU00213,2026-01-04,4,86,9,5,0,162
LMS004247,STU00213,2026-04-21,2,9,7,0,1,34
LMS004248,STU00213,2026-01-09,3,77,3,2,0,224
LMS004249,STU00213,2026-04-25,5,51,12,2,2,197
LMS004250,STU00213,2026-03-12,5,124,14,5,3,152
LMS004251,STU00213,2026-06-05,2,7,2,0,1,25
LMS004252,STU00213,2026-05-09,5,90,0,5,3,165
LMS004253,STU00213,2026-01-18,4,16,9,3,0,37
LMS004254,STU00213,2026-03-12,3,28,15,5,1,40
LMS004255,STU00213,2026-04-10,5,33,0,4,1,89
LMS004256,STU00213,2026-01-07,4,5,2,2,5,56
LMS004257,STU00213,2026-02-24,6,23,3,0,1,57
LMS004258,STU00213,2026-01-12,6,21,8,0,2,182
LMS004259,STU00213,2026-01-20,2,140,3,0,2,158
LMS004260,STU00213,2026-06-07,5,79,15,1,5,77
LMS004261,STU00214,2026-03-22,0,106,5,5,0,78
LMS004262,STU00214,2026-02-06,4,78,7,2,1,0
LMS004263,STU00214,2026-06-16,3,89,3,0,2,166
LMS004264,STU00214,2026-06-20,7,123,9,1,0,184
LMS004265,STU00214,2026-02-09,4,152,5,2,3,13
LMS004266,STU00214,2026-06-19,4,47,6,2,3,14
LMS004267,STU00214,2026-04-25,3,118,1,3,3,101
LMS004268,STU00214,2026-03-16,6,76,11,1,4,96
LMS004269,STU00214,2026-05-02,2,86,10,0,3,138
LMS004270,STU00214,2026-02-13,4,40,1,2,1,96
LMS004271,STU00214,2026-01-12,2,155,0,2,3,16
LMS004272,STU00214,2026-03-10,3,93,6,4,1,39
LMS004273,STU00214,2026-05-11,5,162,1,4,4,16
LMS004274,STU00214,2026-04-28,7,74,10,5,1,217
LMS004275,STU00214,2026-04-03,5,102,5,3,2,224
LMS004276,STU00214,2026-04-22,3,78,15,4,1,191
LMS004277,STU00214,2026-01-24,0,149,15,1,0,157
LMS004278,STU00214,2026-05-13,5,87,1,3,2,113
LMS004279,STU00214,2026-02-11,2,29,6,5,2,56
LMS004280,STU00214,2026-04-11,2,52,1,4,3,212
LMS004281,STU00215,2026-05-19,6,138,3,2,4,64
LMS004282,STU00215,2026-04-21,0,127,0,2,3,238
LMS004283,STU00215,2026-03-10,6,114,3,4,3,151
LMS004284,STU00215,2026-05-29,6,166,13,5,0,223
LMS004285,STU00215,2026-03-29,8,30,5,0,3,141
LMS004286,STU00215,2026-06-10,7,120,12,5,1,172
LMS004287,STU00215,2026-05-12,6,79,1,4,2,81
LMS004288,STU00215,2026-04-08,5,108,14,5,5,2
LMS004289,STU00215,2026-04-07,8,174,9,2,1,202
LMS004290,STU00215,2026-05-22,6,8,9,0,1,16
LMS004291,STU00215,2026-03-25,3,106,1,2,4,54
LMS004292,STU00215,2026-05-20,5,128,14,3,3,16
LMS004293,STU00215,2026-01-15,3,42,5,2,1,196
LMS004294,STU00215,2026-02-03,7,112,10,2,1,70
LMS004295,STU00215,2026-01-15,8,78,8,1,2,8
LMS004296,STU00215,2026-04-05,2,167,7,4,2,220
LMS004297,STU00215,2026-02-21,8,32,2,2,4,197
LMS004298,STU00215,2026-02-20,6,67,11,0,2,116
LMS004299,STU00215,2026-05-27,8,80,11,5,5,203
LMS004300,STU00215,2026-05-01,4,157,7,3,2,222
LMS004301,STU00216,2026-03-26,3,21,6,0,3,9
LMS004302,STU00216,2026-04-25,2,31,9,4,4,22
LMS004303,STU00216,2026-02-05,4,55,1,0,5,194
LMS004304,STU00216,2026-06-27,1,60,2,5,5,173
LMS004305,STU00216,2026-03-06,5,45,7,4,4,220
LMS004306,STU00216,2026-03-15,8,87,14,0,1,177
LMS004307,STU00216,2026-01-18,3,75,14,3,5,94
LMS004308,STU00216,2026-04-17,5,0,10,3,0,54
LMS004309,STU00216,2026-06-26,7,132,2,5,3,86
LMS004310,STU00216,2026-02-08,8,10,0,3,2,43
LMS004311,STU00216,2026-04-06,1,167,11,2,1,56
LMS004312,STU00216,2026-05-03,6,158,1,5,5,172
LMS004313,STU00216,2026-02-22,3,134,13,2,3,81
LMS004314,STU00216,2026-01-03,6,52,9,3,4,144
LMS004315,STU00216,2026-01-09,6,53,14,5,1,57
LMS004316,STU00216,2026-02-08,2,142,3,5,4,165
LMS004317,STU00216,2026-01-27,6,139,15,0,1,208
LMS004318,STU00216,2026-02-07,3,142,15,4,1,168
LMS004319,STU00216,2026-03-13,4,144,5,3,0,67
LMS004320,STU00216,2026-04-21,7,103,4,0,5,113
LMS004321,STU00217,2026-03-02,4,91,13,1,1,55
LMS004322,STU00217,2026-04-02,0,178,3,2,1,138
LMS004323,STU00217,2026-03-25,8,132,5,3,0,239
LMS004324,STU00217,2026-04-18,2,84,3,2,3,108
LMS004325,STU00217,2026-05-05,7,135,9,2,3,128
LMS004326,STU00217,2026-05-06,8,45,1,5,0,134
LMS004327,STU00217,2026-04-03,4,116,4,3,3,226
LMS004328,STU00217,2026-04-27,5,175,15,3,1,75
LMS004329,STU00217,2026-03-03,1,103,11,4,2,120
LMS004330,STU00217,2026-05-22,0,116,0,4,3,43
LMS004331,STU00217,2026-02-25,2,160,6,4,0,145
LMS004332,STU00217,2026-04-16,2,96,2,0,1,107
LMS004333,STU00217,2026-03-07,5,15,9,1,3,190
LMS004334,STU00217,2026-06-05,8,17,12,0,0,11
LMS004335,STU00217,2026-04-07,3,64,9,1,5,9
LMS004336,STU00217,2026-02-14,2,8,8,1,1,108
LMS004337,STU00217,2026-04-26,3,179,3,2,1,204
LMS004338,STU00217,2026-01-09,1,150,10,4,1,112
LMS004339,STU00217,2026-04-09,3,48,2,5,4,140
LMS004340,STU00217,2026-03-13,3,154,7,2,3,134
LMS004341,STU00218,2026-05-21,7,103,7,5,2,238
LMS004342,STU00218,2026-03-16,2,44,8,4,1,52
LMS004343,STU00218,2026-02-08,4,8,11,5,5,118
LMS004344,STU00218,2026-04-26,7,29,1,4,1,141
LMS004345,STU00218,2026-05-14,0,148,2,3,1,147
LMS004346,STU00218,2026-05-17,5,112,5,2,5,86
LMS004347,STU00218,2026-02-12,7,64,9,2,1,121
LMS004348,STU00218,2026-05-13,2,119,4,2,3,23
LMS004349,STU00218,2026-02-13,4,47,15,5,2,80
LMS004350,STU00218,2026-02-28,8,47,7,2,3,188
LMS004351,STU00218,2026-06-02,8,17,4,0,4,100
LMS004352,STU00218,2026-01-01,5,29,5,5,0,75
LMS004353,STU00218,2026-03-15,7,27,3,1,1,34
LMS004354,STU00218,2026-03-22,5,93,6,4,0,90
LMS004355,STU00218,2026-04-20,6,62,13,3,4,10
LMS004356,STU00218,2026-06-24,0,100,7,4,4,188
LMS004357,STU00218,2026-04-19,7,118,15,3,5,163
LMS004358,STU00218,2026-06-09,2,22,0,5,2,219
LMS004359,STU00218,2026-04-14,4,90,1,1,3,14
LMS004360,STU00218,2026-02-06,2,134,6,1,1,179
LMS004361,STU00219,2026-01-14,3,50,14,1,1,47
LMS004362,STU00219,2026-05-14,1,4,8,4,2,7
LMS004363,STU00219,2026-05-04,0,110,15,3,1,170
LMS004364,STU00219,2026-02-05,5,6,9,5,1,215
LMS004365,STU00219,2026-06-15,0,70,8,2,1,133
LMS004366,STU00219,2026-02-04,2,26,1,1,3,157
LMS004367,STU00219,2026-06-30,5,63,3,3,1,100
LMS004368,STU00219,2026-04-21,7,10,8,4,2,174
LMS004369,STU00219,2026-06-22,1,163,11,1,2,41
LMS004370,STU00219,2026-04-17,6,108,12,2,2,35
LMS004371,STU00219,2026-03-05,5,145,7,4,4,178
LMS004372,STU00219,2026-01-20,4,76,2,2,5,225
LMS004373,STU00219,2026-03-14,1,71,1,4,2,34
LMS004374,STU00219,2026-03-17,2,83,0,4,3,139
LMS004375,STU00219,2026-01-19,0,56,3,1,5,153
LMS004376,STU00219,2026-01-18,1,97,2,2,3,236
LMS004377,STU00219,2026-06-21,2,120,15,2,4,124
LMS004378,STU00219,2026-01-24,2,34,4,1,3,45
LMS004379,STU00219,2026-01-22,0,29,14,1,5,129
LMS004380,STU00219,2026-03-12,8,104,2,1,1,207
LMS004381,STU00220,2026-03-24,0,162,14,4,0,200
LMS004382,STU00220,2026-04-16,7,132,6,0,3,102
LMS004383,STU00220,2026-06-25,1,177,6,5,4,37
LMS004384,STU00220,2026-05-20,7,75,12,2,4,32
LMS004385,STU00220,2026-06-20,0,151,3,5,1,91
LMS004386,STU00220,2026-02-22,8,110,0,2,3,153
LMS004387,STU00220,2026-05-03,6,96,11,5,3,107
LMS004388,STU00220,2026-06-28,4,131,6,1,3,32
LMS004389,STU00220,2026-05-24,8,67,0,2,5,77
LMS004390,STU00220,2026-04-30,6,26,15,3,3,41
LMS004391,STU00220,2026-02-13,2,52,6,3,5,23
LMS004392,STU00220,2026-01-04,8,12,5,1,0,31
LMS004393,STU00220,2026-02-21,2,31,6,5,2,138
LMS004394,STU00220,2026-04-21,5,106,0,3,5,77
LMS004395,STU00220,2026-06-12,2,105,8,4,0,75
LMS004396,STU00220,2026-04-30,7,102,11,0,3,13
LMS004397,STU00220,2026-06-09,7,124,10,5,3,109
LMS004398,STU00220,2026-01-04,6,82,8,2,0,128
LMS004399,STU00220,2026-01-10,2,30,5,1,4,226
LMS004400,STU00220,2026-03-19,3,87,11,1,4,54
LMS004401,STU00221,2026-05-26,0,119,0,3,1,60
LMS004402,STU00221,2026-04-06,0,52,14,4,5,121
LMS004403,STU00221,2026-03-24,7,90,12,5,3,128
LMS004404,STU00221,2026-05-25,4,58,14,3,2,149
LMS004405,STU00221,2026-04-04,4,143,15,1,0,12
LMS004406,STU00221,2026-04-30,3,111,5,3,5,123
LMS004407,STU00221,2026-02-19,6,150,1,3,4,25
LMS004408,STU00221,2026-01-15,7,17,4,5,0,186
LMS004409,STU00221,2026-06-23,2,15,8,4,5,177
LMS004410,STU00221,2026-06-22,7,74,5,2,0,53
LMS004411,STU00221,2026-04-16,0,48,0,5,1,184
LMS004412,STU00221,2026-05-27,5,180,5,4,3,114
LMS004413,STU00221,2026-01-19,4,59,14,3,5,130
LMS004414,STU00221,2026-02-26,2,16,12,3,1,56
LMS004415,STU00221,2026-06-25,2,84,6,3,3,1
LMS004416,STU00221,2026-02-04,6,59,4,4,1,172
LMS004417,STU00221,2026-03-09,8,51,2,4,2,164
LMS004418,STU00221,2026-04-24,6,111,4,2,5,2
LMS004419,STU00221,2026-01-14,8,14,3,4,0,163
LMS004420,STU00221,2026-02-04,8,23,0,2,5,238
LMS004421,STU00222,2026-03-29,2,177,9,0,5,29
LMS004422,STU00222,2026-02-25,1,177,14,0,1,212
LMS004423,STU00222,2026-05-21,3,7,5,4,2,222
LMS004424,STU00222,2026-04-25,8,49,15,3,0,17
LMS004425,STU00222,2026-02-28,8,9,6,1,4,215
LMS004426,STU00222,2026-02-01,5,91,6,2,4,240
LMS004427,STU00222,2026-05-12,8,11,10,1,0,17
LMS004428,STU00222,2026-01-11,6,18,0,0,5,178
LMS004429,STU00222,2026-02-21,2,23,11,4,3,214
LMS004430,STU00222,2026-02-18,4,12,4,0,1,68
LMS004431,STU00222,2026-01-11,0,34,7,5,1,180
LMS004432,STU00222,2026-05-02,0,25,0,2,4,38
LMS004433,STU00222,2026-05-18,8,111,5,4,3,15
LMS004434,STU00222,2026-05-17,6,56,12,3,4,106
LMS004435,STU00222,2026-01-04,3,127,1,3,0,134
LMS004436,STU00222,2026-03-12,8,8,14,0,0,75
LMS004437,STU00222,2026-04-11,5,40,11,5,4,198
LMS004438,STU00222,2026-02-17,4,29,13,5,0,144
LMS004439,STU00222,2026-01-14,7,4,6,1,3,220
LMS004440,STU00222,2026-03-07,3,125,7,3,2,57
LMS004441,STU00223,2026-05-05,7,36,0,2,4,225
LMS004442,STU00223,2026-04-08,4,158,3,0,1,63
LMS004443,STU00223,2026-05-04,0,37,0,3,1,25
LMS004444,STU00223,2026-02-26,7,145,3,1,3,132
LMS004445,STU00223,2026-06-28,0,176,4,5,3,24
LMS004446,STU00223,2026-03-23,4,124,1,5,0,187
LMS004447,STU00223,2026-02-07,6,58,3,1,4,239
LMS004448,STU00223,2026-06-29,6,58,14,3,0,10
LMS004449,STU00223,2026-01-21,2,146,4,1,3,167
LMS004450,STU00223,2026-04-23,4,177,14,0,3,12
LMS004451,STU00223,2026-04-06,6,79,13,5,3,83
LMS004452,STU00223,2026-06-28,7,93,8,5,4,227
LMS004453,STU00223,2026-01-07,7,40,5,0,4,29
LMS004454,STU00223,2026-02-02,3,64,2,4,4,98
LMS004455,STU00223,2026-04-12,8,178,14,4,1,2
LMS004456,STU00223,2026-05-24,3,20,8,1,5,37
LMS004457,STU00223,2026-04-09,4,137,13,2,4,232
LMS004458,STU00223,2026-04-12,4,173,10,3,3,16
LMS004459,STU00223,2026-06-13,1,119,11,4,1,20
LMS004460,STU00223,2026-01-21,1,4,1,0,5,144
LMS004461,STU00224,2026-06-07,7,123,6,0,1,52
LMS004462,STU00224,2026-06-18,1,6,6,0,2,82
LMS004463,STU00224,2026-06-15,0,28,14,1,5,64
LMS004464,STU00224,2026-05-24,5,34,8,1,4,137
LMS004465,STU00224,2026-06-14,0,27,10,1,2,96
LMS004466,STU00224,2026-06-16,6,6,7,4,3,58
LMS004467,STU00224,2026-05-08,2,93,3,4,4,129
LMS004468,STU00224,2026-06-19,4,2,0,3,1,16
LMS004469,STU00224,2026-02-08,2,100,11,5,4,213
LMS004470,STU00224,2026-04-02,2,54,14,5,1,35
LMS004471,STU00224,2026-01-11,7,124,6,1,3,222
LMS004472,STU00224,2026-06-01,2,98,10,1,3,224
LMS004473,STU00224,2026-03-12,7,7,10,3,2,240
LMS004474,STU00224,2026-02-10,3,9,5,5,4,212
LMS004475,STU00224,2026-02-09,1,58,0,1,1,156
LMS004476,STU00224,2026-02-03,8,49,4,3,0,226
LMS004477,STU00224,2026-03-08,1,47,15,2,4,58
LMS004478,STU00224,2026-05-16,8,85,14,4,2,19
LMS004479,STU00224,2026-05-02,3,30,7,1,1,212
LMS004480,STU00224,2026-06-30,4,127,11,2,3,195
LMS004481,STU00225,2026-01-16,3,101,9,4,0,103
LMS004482,STU00225,2026-01-15,5,132,5,3,2,149
LMS004483,STU00225,2026-04-26,0,132,13,2,4,41
LMS004484,STU00225,2026-02-06,2,44,12,3,4,197
LMS004485,STU00225,2026-03-14,0,139,1,2,2,192
LMS004486,STU00225,2026-06-08,3,46,11,0,0,95
LMS004487,STU00225,2026-01-02,1,90,14,5,4,231
LMS004488,STU00225,2026-04-27,8,116,12,0,3,76
LMS004489,STU00225,2026-06-14,4,138,1,5,4,120
LMS004490,STU00225,2026-06-19,4,138,8,5,5,158
LMS004491,STU00225,2026-06-25,5,18,15,0,5,174
LMS004492,STU00225,2026-04-20,2,36,10,1,2,51
LMS004493,STU00225,2026-06-01,7,128,14,1,2,99
LMS004494,STU00225,2026-05-30,1,112,8,4,3,136
LMS004495,STU00225,2026-06-15,4,99,8,0,2,34
LMS004496,STU00225,2026-02-08,3,133,3,4,3,134
LMS004497,STU00225,2026-02-14,0,126,14,4,4,169
LMS004498,STU00225,2026-02-02,4,67,14,2,0,58
LMS004499,STU00225,2026-05-11,5,38,5,3,3,33
LMS004500,STU00225,2026-04-09,7,142,5,4,2,45
LMS004501,STU00226,2026-06-08,1,95,1,5,3,128
LMS004502,STU00226,2026-05-05,0,141,6,3,4,172
LMS004503,STU00226,2026-06-14,2,160,5,4,1,219
LMS004504,STU00226,2026-01-01,1,59,3,2,1,165
LMS004505,STU00226,2026-01-25,3,98,5,2,2,16
LMS004506,STU00226,2026-03-28,6,160,4,1,1,70
LMS004507,STU00226,2026-03-12,3,61,0,3,2,179
LMS004508,STU00226,2026-03-12,8,27,0,1,0,173
LMS004509,STU00226,2026-01-24,1,78,9,4,5,206
LMS004510,STU00226,2026-03-21,0,176,10,4,4,107
LMS004511,STU00226,2026-01-30,6,142,9,2,4,22
LMS004512,STU00226,2026-01-22,7,85,2,3,3,112
LMS004513,STU00226,2026-02-24,0,72,6,3,1,162
LMS004514,STU00226,2026-01-29,3,139,12,2,3,108
LMS004515,STU00226,2026-01-13,2,149,7,0,0,188
LMS004516,STU00226,2026-01-20,2,10,2,5,3,69
LMS004517,STU00226,2026-01-31,2,109,13,1,3,51
LMS004518,STU00226,2026-03-20,3,111,5,2,3,9
LMS004519,STU00226,2026-04-20,6,126,15,1,1,77
LMS004520,STU00226,2026-06-13,4,23,2,0,3,73
LMS004521,STU00227,2026-03-25,0,87,12,1,1,4
LMS004522,STU00227,2026-04-27,3,48,6,2,1,147
LMS004523,STU00227,2026-06-19,4,104,2,0,4,84
LMS004524,STU00227,2026-02-06,4,6,9,4,3,228
LMS004525,STU00227,2026-01-14,2,27,7,2,3,173
LMS004526,STU00227,2026-05-15,6,143,13,1,2,85
LMS004527,STU00227,2026-05-29,7,127,8,1,4,118
LMS004528,STU00227,2026-05-03,6,138,8,0,0,35
LMS004529,STU00227,2026-02-06,0,84,12,5,2,141
LMS004530,STU00227,2026-01-10,3,33,1,3,1,91
LMS004531,STU00227,2026-04-03,1,153,12,1,1,35
LMS004532,STU00227,2026-01-07,8,159,7,5,5,27
LMS004533,STU00227,2026-05-30,4,124,7,0,3,85
LMS004534,STU00227,2026-02-16,3,66,10,3,0,169
LMS004535,STU00227,2026-01-19,5,165,13,3,4,132
LMS004536,STU00227,2026-03-28,4,62,15,5,5,97
LMS004537,STU00227,2026-01-24,7,5,8,1,1,174
LMS004538,STU00227,2026-04-21,0,42,6,5,3,93
LMS004539,STU00227,2026-01-15,8,172,1,2,2,237
LMS004540,STU00227,2026-03-16,5,62,6,3,0,120
LMS004541,STU00228,2026-05-26,6,120,13,0,0,49
LMS004542,STU00228,2026-03-08,3,179,7,3,2,130
LMS004543,STU00228,2026-01-08,2,38,7,0,5,192
LMS004544,STU00228,2026-03-10,5,116,8,2,4,79
LMS004545,STU00228,2026-06-10,8,136,5,0,5,236
LMS004546,STU00228,2026-06-27,8,88,3,4,2,139
LMS004547,STU00228,2026-06-01,7,80,0,1,4,41
LMS004548,STU00228,2026-03-06,2,128,8,3,5,201
LMS004549,STU00228,2026-04-16,2,140,9,0,2,186
LMS004550,STU00228,2026-05-30,8,115,13,3,2,153
LMS004551,STU00228,2026-01-30,0,123,11,5,5,62
LMS004552,STU00228,2026-04-03,7,172,13,2,0,32
LMS004553,STU00228,2026-04-25,2,89,1,0,5,225
LMS004554,STU00228,2026-05-02,4,172,7,0,0,147
LMS004555,STU00228,2026-01-04,0,155,13,2,4,64
LMS004556,STU00228,2026-05-09,8,137,2,5,0,85
LMS004557,STU00228,2026-05-07,5,156,12,4,4,30
LMS004558,STU00228,2026-03-12,6,77,11,0,0,169
LMS004559,STU00228,2026-01-18,8,146,11,4,4,113
LMS004560,STU00228,2026-01-08,7,176,13,5,2,27
LMS004561,STU00229,2026-01-20,2,113,8,4,4,164
LMS004562,STU00229,2026-04-10,6,89,9,4,1,30
LMS004563,STU00229,2026-03-21,2,117,3,3,1,121
LMS004564,STU00229,2026-06-17,0,74,1,1,4,140
LMS004565,STU00229,2026-03-08,3,19,14,2,4,183
LMS004566,STU00229,2026-01-21,2,8,3,0,0,104
LMS004567,STU00229,2026-01-07,5,107,1,0,0,82
LMS004568,STU00229,2026-06-12,2,85,8,5,3,136
LMS004569,STU00229,2026-04-14,2,0,3,4,0,229
LMS004570,STU00229,2026-05-05,5,78,1,1,1,8
LMS004571,STU00229,2026-01-17,1,48,12,3,2,120
LMS004572,STU00229,2026-01-14,6,128,3,2,2,16
LMS004573,STU00229,2026-04-04,0,136,2,1,1,153
LMS004574,STU00229,2026-04-26,1,119,1,5,3,90
LMS004575,STU00229,2026-06-05,6,164,7,5,3,210
LMS004576,STU00229,2026-03-21,8,67,2,2,5,160
LMS004577,STU00229,2026-02-10,0,38,12,4,5,119
LMS004578,STU00229,2026-05-11,4,83,1,4,5,55
LMS004579,STU00229,2026-02-19,3,148,0,5,4,157
LMS004580,STU00229,2026-01-31,8,162,2,3,0,199
LMS004581,STU00230,2026-03-03,6,159,7,2,5,190
LMS004582,STU00230,2026-03-25,6,134,14,5,5,201
LMS004583,STU00230,2026-01-18,8,163,6,4,2,228
LMS004584,STU00230,2026-05-01,6,100,8,2,5,165
LMS004585,STU00230,2026-04-20,7,112,2,3,4,111
LMS004586,STU00230,2026-04-19,8,2,14,1,5,160
LMS004587,STU00230,2026-02-26,3,75,9,4,1,72
LMS004588,STU00230,2026-06-20,6,150,13,1,4,202
LMS004589,STU00230,2026-03-11,4,31,4,5,4,94
LMS004590,STU00230,2026-02-15,5,49,0,0,3,138
LMS004591,STU00230,2026-03-06,0,14,5,5,3,2
LMS004592,STU00230,2026-06-30,5,94,6,1,4,114
LMS004593,STU00230,2026-04-04,4,69,11,3,3,222
LMS004594,STU00230,2026-04-17,2,157,5,3,4,91
LMS004595,STU00230,2026-03-30,4,3,1,3,2,113
LMS004596,STU00230,2026-01-19,2,146,15,4,4,147
LMS004597,STU00230,2026-04-04,7,14,8,3,4,5
LMS004598,STU00230,2026-03-24,5,19,6,2,4,197
LMS004599,STU00230,2026-04-26,8,178,15,4,4,51
LMS004600,STU00230,2026-02-10,8,136,11,0,2,14
LMS004601,STU00231,2026-03-22,7,173,9,0,2,174
LMS004602,STU00231,2026-01-28,3,145,2,1,5,2
LMS004603,STU00231,2026-02-16,6,64,15,3,5,56
LMS004604,STU00231,2026-02-19,6,57,8,1,4,130
LMS004605,STU00231,2026-01-03,7,123,3,4,4,134
LMS004606,STU00231,2026-01-12,0,115,13,3,2,67
LMS004607,STU00231,2026-06-17,0,4,13,3,0,176
LMS004608,STU00231,2026-02-18,6,6,12,0,5,142
LMS004609,STU00231,2026-05-17,6,10,1,2,3,183
LMS004610,STU00231,2026-01-09,1,25,9,3,1,100
LMS004611,STU00231,2026-02-10,1,167,10,5,5,34
LMS004612,STU00231,2026-02-22,5,128,0,1,3,136
LMS004613,STU00231,2026-01-19,7,107,11,0,5,226
LMS004614,STU00231,2026-02-06,8,147,2,1,5,205
LMS004615,STU00231,2026-05-08,8,118,4,2,5,2
LMS004616,STU00231,2026-05-13,7,89,7,3,1,3
LMS004617,STU00231,2026-03-08,1,19,7,1,1,56
LMS004618,STU00231,2026-05-10,8,143,8,3,0,150
LMS004619,STU00231,2026-03-30,5,163,8,2,2,77
LMS004620,STU00231,2026-01-24,2,178,11,1,5,129
LMS004621,STU00232,2026-05-13,3,122,13,1,1,151
LMS004622,STU00232,2026-02-17,3,112,6,1,4,125
LMS004623,STU00232,2026-03-08,8,106,9,3,0,168
LMS004624,STU00232,2026-05-01,2,78,4,0,3,225
LMS004625,STU00232,2026-05-16,5,7,0,5,0,203
LMS004626,STU00232,2026-05-18,6,132,0,0,4,34
LMS004627,STU00232,2026-03-26,7,108,4,2,2,160
LMS004628,STU00232,2026-06-14,4,92,11,2,1,182
LMS004629,STU00232,2026-02-22,4,90,9,2,2,133
LMS004630,STU00232,2026-01-26,1,177,9,0,5,116
LMS004631,STU00232,2026-06-26,4,87,9,5,0,27
LMS004632,STU00232,2026-02-17,0,10,1,5,1,88
LMS004633,STU00232,2026-02-03,3,130,1,5,2,25
LMS004634,STU00232,2026-02-21,5,33,12,3,1,11
LMS004635,STU00232,2026-06-20,7,127,3,0,3,15
LMS004636,STU00232,2026-04-23,7,69,12,3,5,234
LMS004637,STU00232,2026-03-26,0,158,9,2,0,186
LMS004638,STU00232,2026-01-19,3,1,6,3,4,50
LMS004639,STU00232,2026-01-23,4,75,14,2,0,62
LMS004640,STU00232,2026-05-16,4,45,6,2,4,171
LMS004641,STU00233,2026-02-10,3,83,13,1,0,224
LMS004642,STU00233,2026-01-11,1,86,7,5,5,192
LMS004643,STU00233,2026-02-26,6,86,5,5,3,21
LMS004644,STU00233,2026-04-23,5,133,15,2,2,190
LMS004645,STU00233,2026-05-25,8,145,8,1,4,149
LMS004646,STU00233,2026-01-13,2,32,14,4,1,195
LMS004647,STU00233,2026-02-09,7,115,5,5,2,25
LMS004648,STU00233,2026-05-07,8,112,11,2,0,232
LMS004649,STU00233,2026-04-04,3,135,3,0,4,7
LMS004650,STU00233,2026-06-26,1,22,1,1,1,152
LMS004651,STU00233,2026-01-31,6,167,10,2,3,227
LMS004652,STU00233,2026-03-02,0,113,1,0,2,96
LMS004653,STU00233,2026-03-06,7,89,6,5,4,91
LMS004654,STU00233,2026-05-21,2,121,3,4,2,148
LMS004655,STU00233,2026-02-05,2,156,9,0,1,234
LMS004656,STU00233,2026-03-18,0,5,5,2,4,121
LMS004657,STU00233,2026-03-30,7,21,3,5,3,93
LMS004658,STU00233,2026-03-11,8,110,8,3,1,56
LMS004659,STU00233,2026-03-03,4,80,12,2,1,238
LMS004660,STU00233,2026-03-28,5,146,11,0,4,107
LMS004661,STU00234,2026-01-07,5,24,7,1,3,39
LMS004662,STU00234,2026-02-04,1,82,3,0,4,72
LMS004663,STU00234,2026-02-21,4,136,4,5,1,168
LMS004664,STU00234,2026-01-23,8,176,6,5,3,168
LMS004665,STU00234,2026-03-15,8,177,8,4,0,160
LMS004666,STU00234,2026-06-28,7,143,15,1,1,230
LMS004667,STU00234,2026-05-29,4,154,13,2,3,216
LMS004668,STU00234,2026-03-15,2,139,0,5,5,194
LMS004669,STU00234,2026-04-26,4,27,13,3,1,143
LMS004670,STU00234,2026-06-11,7,77,12,0,2,15
LMS004671,STU00234,2026-03-07,4,138,0,4,0,181
LMS004672,STU00234,2026-04-02,4,66,15,4,5,157
LMS004673,STU00234,2026-02-06,2,96,8,3,3,239
LMS004674,STU00234,2026-03-05,1,56,5,1,2,212
LMS004675,STU00234,2026-01-04,5,85,3,2,5,143
LMS004676,STU00234,2026-01-03,2,118,4,3,2,177
LMS004677,STU00234,2026-06-15,4,138,14,0,5,74
LMS004678,STU00234,2026-02-21,7,138,13,3,1,182
LMS004679,STU00234,2026-03-03,3,139,10,0,3,30
LMS004680,STU00234,2026-02-04,1,65,13,5,4,88
LMS004681,STU00235,2026-01-19,2,77,9,2,1,208
LMS004682,STU00235,2026-05-23,3,43,15,5,2,177
LMS004683,STU00235,2026-03-06,4,18,2,4,5,240
LMS004684,STU00235,2026-03-05,0,148,6,4,4,222
LMS004685,STU00235,2026-05-25,8,64,2,2,1,16
LMS004686,STU00235,2026-04-18,7,133,6,3,4,80
LMS004687,STU00235,2026-01-01,5,87,15,0,5,21
LMS004688,STU00235,2026-06-25,8,140,0,4,4,96
LMS004689,STU00235,2026-03-22,4,172,12,4,0,37
LMS004690,STU00235,2026-05-03,8,51,14,1,0,51
LMS004691,STU00235,2026-06-13,0,86,3,4,2,134
LMS004692,STU00235,2026-02-22,5,164,13,3,4,112
LMS004693,STU00235,2026-06-02,5,162,12,5,3,14
LMS004694,STU00235,2026-06-04,7,115,14,4,4,177
LMS004695,STU00235,2026-02-28,8,4,15,2,1,66
LMS004696,STU00235,2026-05-07,6,153,9,0,4,140
LMS004697,STU00235,2026-02-21,0,122,7,0,2,212
LMS004698,STU00235,2026-06-24,7,61,0,5,4,50
LMS004699,STU00235,2026-01-11,5,117,13,3,1,103
LMS004700,STU00235,2026-05-27,2,24,12,1,1,185
LMS004701,STU00236,2026-02-21,4,139,8,1,1,199
LMS004702,STU00236,2026-06-03,4,95,13,0,5,137
LMS004703,STU00236,2026-02-09,3,86,13,1,4,183
LMS004704,STU00236,2026-01-29,2,85,8,2,5,107
LMS004705,STU00236,2026-05-18,6,156,15,2,4,91
LMS004706,STU00236,2026-05-24,6,46,6,4,5,160
LMS004707,STU00236,2026-01-07,6,131,12,3,3,95
LMS004708,STU00236,2026-01-02,6,42,14,3,3,211
LMS004709,STU00236,2026-06-28,4,2,4,4,0,27
LMS004710,STU00236,2026-06-03,5,21,12,4,5,82
LMS004711,STU00236,2026-05-01,4,130,9,0,0,232
LMS004712,STU00236,2026-05-07,1,20,15,1,0,168
LMS004713,STU00236,2026-06-14,8,115,12,1,2,234
LMS004714,STU00236,2026-01-20,6,159,9,4,3,186
LMS004715,STU00236,2026-01-07,2,118,13,3,4,157
LMS004716,STU00236,2026-04-20,4,127,1,4,3,38
LMS004717,STU00236,2026-06-16,6,29,2,2,4,142
LMS004718,STU00236,2026-04-20,8,31,4,1,1,43
LMS004719,STU00236,2026-03-27,4,132,7,3,5,75
LMS004720,STU00236,2026-04-27,3,80,9,3,4,22
LMS004721,STU00237,2026-03-10,0,154,9,1,3,186
LMS004722,STU00237,2026-04-11,0,10,8,3,3,19
LMS004723,STU00237,2026-04-08,5,86,4,4,4,92
LMS004724,STU00237,2026-01-29,7,153,0,3,1,239
LMS004725,STU00237,2026-05-28,2,16,7,1,1,116
LMS004726,STU00237,2026-03-04,1,117,12,0,1,1
LMS004727,STU00237,2026-06-17,7,139,0,0,5,107
LMS004728,STU00237,2026-06-06,7,114,10,5,0,6
LMS004729,STU00237,2026-01-19,1,176,8,3,4,178
LMS004730,STU00237,2026-02-05,6,111,0,1,2,207
LMS004731,STU00237,2026-06-21,7,74,12,0,1,174
LMS004732,STU00237,2026-01-26,0,35,8,1,0,37
LMS004733,STU00237,2026-03-29,6,117,3,3,2,148
LMS004734,STU00237,2026-02-05,5,114,2,5,5,212
LMS004735,STU00237,2026-06-18,4,14,15,3,4,149
LMS004736,STU00237,2026-03-19,2,150,12,5,5,21
LMS004737,STU00237,2026-05-14,0,103,13,3,5,181
LMS004738,STU00237,2026-04-18,6,141,14,5,5,21
LMS004739,STU00237,2026-03-22,4,32,15,2,1,43
LMS004740,STU00237,2026-05-02,8,180,6,4,4,205
LMS004741,STU00238,2026-03-24,4,100,15,2,2,202
LMS004742,STU00238,2026-01-23,3,60,15,0,2,54
LMS004743,STU00238,2026-03-28,0,9,11,4,1,13
LMS004744,STU00238,2026-04-19,3,104,2,4,2,163
LMS004745,STU00238,2026-01-04,3,141,1,0,3,104
LMS004746,STU00238,2026-05-23,7,89,1,5,5,193
LMS004747,STU00238,2026-03-07,6,141,13,4,2,66
LMS004748,STU00238,2026-05-02,0,80,6,2,4,224
LMS004749,STU00238,2026-01-12,4,171,14,2,3,17
LMS004750,STU00238,2026-03-02,3,53,11,1,2,15
LMS004751,STU00238,2026-01-07,6,93,6,2,5,113
LMS004752,STU00238,2026-06-03,8,148,14,5,0,80
LMS004753,STU00238,2026-05-07,5,150,14,5,4,148
LMS004754,STU00238,2026-03-04,1,12,15,0,4,1
LMS004755,STU00238,2026-06-26,6,158,5,4,3,169
LMS004756,STU00238,2026-01-27,5,92,3,3,2,109
LMS004757,STU00238,2026-01-27,2,49,7,1,1,94
LMS004758,STU00238,2026-01-25,1,77,8,1,5,135
LMS004759,STU00238,2026-03-15,6,158,12,2,4,61
LMS004760,STU00238,2026-03-30,2,34,8,0,3,144
LMS004761,STU00239,2026-01-07,6,8,15,2,2,117
LMS004762,STU00239,2026-01-28,5,18,10,0,3,116
LMS004763,STU00239,2026-04-04,3,68,8,0,5,91
LMS004764,STU00239,2026-05-29,6,107,3,2,0,79
LMS004765,STU00239,2026-02-22,8,170,3,2,5,158
LMS004766,STU00239,2026-06-20,7,148,9,1,0,66
LMS004767,STU00239,2026-05-22,1,82,1,3,3,105
LMS004768,STU00239,2026-04-20,7,79,5,0,2,198
LMS004769,STU00239,2026-04-22,8,127,8,5,1,72
LMS004770,STU00239,2026-03-03,5,113,15,4,2,108
LMS004771,STU00239,2026-06-07,4,79,3,4,5,206
LMS004772,STU00239,2026-04-05,8,35,7,2,3,108
LMS004773,STU00239,2026-02-04,3,123,0,0,1,75
LMS004774,STU00239,2026-04-25,7,62,1,5,4,164
LMS004775,STU00239,2026-04-04,7,72,9,2,5,39
LMS004776,STU00239,2026-03-07,8,145,7,5,4,185
LMS004777,STU00239,2026-02-03,3,57,10,1,4,114
LMS004778,STU00239,2026-02-02,4,41,5,2,0,64
LMS004779,STU00239,2026-01-24,3,132,10,5,0,139
LMS004780,STU00239,2026-03-29,3,113,14,0,3,225
LMS004781,STU00240,2026-03-22,2,6,3,5,0,3
LMS004782,STU00240,2026-03-09,5,3,11,4,4,105
LMS004783,STU00240,2026-05-03,7,85,2,0,5,83
LMS004784,STU00240,2026-04-18,2,44,9,4,4,111
LMS004785,STU00240,2026-01-03,2,122,13,5,0,212
LMS004786,STU00240,2026-02-12,0,29,13,5,4,26
LMS004787,STU00240,2026-01-19,1,138,7,3,4,142
LMS004788,STU00240,2026-01-06,2,10,2,2,5,26
LMS004789,STU00240,2026-01-28,4,50,9,0,5,192
LMS004790,STU00240,2026-01-20,1,36,7,4,0,177
LMS004791,STU00240,2026-01-29,3,87,10,2,1,231
LMS004792,STU00240,2026-04-02,8,119,6,0,3,235
LMS004793,STU00240,2026-03-13,0,173,7,3,4,15
LMS004794,STU00240,2026-02-03,4,56,11,5,0,16
LMS004795,STU00240,2026-02-02,4,32,1,5,1,61
LMS004796,STU00240,2026-03-26,5,113,13,3,3,69
LMS004797,STU00240,2026-01-13,0,53,8,1,2,78
LMS004798,STU00240,2026-04-26,8,173,1,2,3,18
LMS004799,STU00240,2026-01-11,3,67,1,1,1,54
LMS004800,STU00240,2026-03-15,3,29,0,3,5,160
LMS004801,STU00241,2026-03-10,1,126,14,3,4,97
LMS004802,STU00241,2026-05-11,0,86,0,0,0,74
LMS004803,STU00241,2026-05-26,4,94,5,5,2,229
LMS004804,STU00241,2026-02-18,0,33,15,3,0,172
LMS004805,STU00241,2026-04-11,4,134,1,0,2,47
LMS004806,STU00241,2026-01-29,2,117,13,2,0,218
LMS004807,STU00241,2026-05-03,7,71,9,5,2,165
LMS004808,STU00241,2026-03-22,5,35,4,1,3,29
LMS004809,STU00241,2026-06-12,5,52,2,4,0,204
LMS004810,STU00241,2026-03-14,8,4,6,5,2,89
LMS004811,STU00241,2026-03-10,7,16,10,2,5,78
LMS004812,STU00241,2026-06-23,4,60,3,3,2,50
LMS004813,STU00241,2026-01-27,4,9,13,0,0,119
LMS004814,STU00241,2026-05-23,3,169,6,1,3,233
LMS004815,STU00241,2026-05-28,2,51,15,5,0,81
LMS004816,STU00241,2026-02-18,3,60,9,4,5,182
LMS004817,STU00241,2026-03-25,4,5,11,2,1,99
LMS004818,STU00241,2026-06-12,5,83,1,1,1,214
LMS004819,STU00241,2026-05-24,6,57,1,1,5,86
LMS004820,STU00241,2026-03-31,3,146,3,2,0,14
LMS004821,STU00242,2026-03-01,0,98,15,0,2,204
LMS004822,STU00242,2026-03-22,1,152,2,0,1,67
LMS004823,STU00242,2026-03-27,0,125,5,0,3,124
LMS004824,STU00242,2026-04-23,7,39,13,5,2,160
LMS004825,STU00242,2026-03-01,7,3,15,0,1,130
LMS004826,STU00242,2026-04-08,5,16,14,4,5,154
LMS004827,STU00242,2026-02-19,5,160,5,2,5,216
LMS004828,STU00242,2026-05-05,3,61,5,1,0,96
LMS004829,STU00242,2026-03-11,6,22,2,3,4,113
LMS004830,STU00242,2026-04-19,6,41,3,3,2,84
LMS004831,STU00242,2026-01-31,5,166,14,1,4,108
LMS004832,STU00242,2026-04-06,7,58,5,4,4,207
LMS004833,STU00242,2026-05-04,8,105,2,5,5,51
LMS004834,STU00242,2026-04-19,2,166,13,2,4,33
LMS004835,STU00242,2026-03-31,0,122,14,1,5,44
LMS004836,STU00242,2026-02-18,0,5,12,5,4,238
LMS004837,STU00242,2026-01-24,2,137,9,4,5,38
LMS004838,STU00242,2026-01-16,6,54,5,5,5,67
LMS004839,STU00242,2026-05-10,2,19,7,1,5,46
LMS004840,STU00242,2026-02-07,1,157,6,2,4,95
LMS004841,STU00243,2026-05-23,8,99,2,3,0,71
LMS004842,STU00243,2026-01-13,0,169,15,2,3,222
LMS004843,STU00243,2026-04-21,2,134,5,5,0,84
LMS004844,STU00243,2026-06-13,4,126,13,1,1,37
LMS004845,STU00243,2026-02-24,4,84,13,0,5,40
LMS004846,STU00243,2026-05-09,0,42,7,3,0,181
LMS004847,STU00243,2026-04-25,0,102,0,5,5,56
LMS004848,STU00243,2026-01-26,6,142,9,0,1,55
LMS004849,STU00243,2026-02-07,3,94,6,4,5,17
LMS004850,STU00243,2026-02-28,5,30,2,0,5,75
LMS004851,STU00243,2026-04-19,7,117,2,0,5,72
LMS004852,STU00243,2026-04-09,1,127,0,4,4,120
LMS004853,STU00243,2026-05-01,1,122,7,3,0,233
LMS004854,STU00243,2026-01-26,3,32,7,3,5,106
LMS004855,STU00243,2026-01-31,8,106,11,5,2,154
LMS004856,STU00243,2026-04-22,3,163,3,3,5,170
LMS004857,STU00243,2026-04-10,4,100,6,3,2,193
LMS004858,STU00243,2026-05-26,4,98,9,0,5,129
LMS004859,STU00243,2026-04-08,6,71,14,1,3,236
LMS004860,STU00243,2026-05-22,5,71,6,2,2,197
LMS004861,STU00244,2026-06-13,1,69,1,5,2,38
LMS004862,STU00244,2026-04-28,3,114,15,4,5,152
LMS004863,STU00244,2026-03-30,8,139,13,3,0,154
LMS004864,STU00244,2026-02-18,3,88,12,0,4,25
LMS004865,STU00244,2026-04-11,1,39,0,4,3,42
LMS004866,STU00244,2026-01-23,1,50,12,1,2,198
LMS004867,STU00244,2026-02-19,2,173,0,1,0,229
LMS004868,STU00244,2026-03-27,3,58,11,5,5,207
LMS004869,STU00244,2026-03-01,2,178,9,3,2,97
LMS004870,STU00244,2026-03-23,2,12,14,1,2,2
LMS004871,STU00244,2026-02-05,5,73,2,3,1,115
LMS004872,STU00244,2026-01-01,3,90,6,3,1,30
LMS004873,STU00244,2026-03-02,5,156,6,0,2,60
LMS004874,STU00244,2026-04-05,7,160,14,5,0,95
LMS004875,STU00244,2026-04-27,2,96,14,2,4,227
LMS004876,STU00244,2026-06-10,7,111,11,0,5,159
LMS004877,STU00244,2026-03-10,2,121,9,5,3,114
LMS004878,STU00244,2026-02-26,4,26,3,1,3,3
LMS004879,STU00244,2026-02-19,5,172,1,0,3,6
LMS004880,STU00244,2026-06-05,2,45,13,3,3,52
LMS004881,STU00245,2026-01-16,8,57,7,1,0,207
LMS004882,STU00245,2026-06-17,4,83,8,5,4,226
LMS004883,STU00245,2026-05-25,5,61,9,5,2,117
LMS004884,STU00245,2026-05-10,3,117,1,5,0,195
LMS004885,STU00245,2026-02-08,5,134,11,0,2,228
LMS004886,STU00245,2026-04-29,7,60,12,0,2,232
LMS004887,STU00245,2026-06-06,8,49,6,2,4,28
LMS004888,STU00245,2026-06-28,8,177,9,1,5,108
LMS004889,STU00245,2026-03-25,5,144,1,2,3,42
LMS004890,STU00245,2026-01-20,6,13,10,0,1,177
LMS004891,STU00245,2026-06-01,2,65,4,2,4,80
LMS004892,STU00245,2026-06-28,6,71,11,0,4,85
LMS004893,STU00245,2026-05-07,8,89,4,4,3,42
LMS004894,STU00245,2026-01-01,1,64,9,5,2,206
LMS004895,STU00245,2026-04-09,6,126,1,3,1,80
LMS004896,STU00245,2026-05-05,7,40,8,1,4,191
LMS004897,STU00245,2026-05-01,5,176,12,3,3,217
LMS004898,STU00245,2026-03-19,8,115,5,3,1,225
LMS004899,STU00245,2026-05-27,2,162,9,1,0,97
LMS004900,STU00245,2026-01-18,3,38,6,3,0,72
LMS004901,STU00246,2026-04-01,0,16,15,1,2,10
LMS004902,STU00246,2026-01-02,1,96,0,3,0,115
LMS004903,STU00246,2026-04-24,8,58,6,1,5,37
LMS004904,STU00246,2026-03-22,6,163,7,1,1,108
LMS004905,STU00246,2026-05-27,8,162,13,5,0,207
LMS004906,STU00246,2026-02-25,2,97,9,2,5,11
LMS004907,STU00246,2026-02-28,4,66,8,5,1,4
LMS004908,STU00246,2026-02-05,1,34,5,2,2,100
LMS004909,STU00246,2026-05-02,7,169,8,4,4,100
LMS004910,STU00246,2026-05-26,6,28,11,2,2,207
LMS004911,STU00246,2026-06-19,5,58,4,4,1,49
LMS004912,STU00246,2026-02-05,4,45,2,3,5,48
LMS004913,STU00246,2026-05-02,4,118,4,5,3,145
LMS004914,STU00246,2026-04-27,5,45,12,5,1,137
LMS004915,STU00246,2026-01-14,7,98,6,4,5,146
LMS004916,STU00246,2026-04-25,3,151,5,4,2,203
LMS004917,STU00246,2026-01-14,3,75,14,2,1,151
LMS004918,STU00246,2026-06-09,3,54,15,4,2,199
LMS004919,STU00246,2026-06-03,1,110,8,4,5,151
LMS004920,STU00246,2026-01-09,6,0,12,2,3,23
LMS004921,STU00247,2026-05-29,1,157,10,4,2,29
LMS004922,STU00247,2026-04-20,6,70,12,0,0,97
LMS004923,STU00247,2026-02-09,6,36,0,4,3,1
LMS004924,STU00247,2026-03-08,7,92,7,3,5,156
LMS004925,STU00247,2026-03-02,5,114,5,2,2,38
LMS004926,STU00247,2026-02-12,8,160,3,3,3,8
LMS004927,STU00247,2026-01-29,7,105,0,5,5,125
LMS004928,STU00247,2026-05-03,3,93,9,2,0,70
LMS004929,STU00247,2026-01-16,8,84,12,2,1,107
LMS004930,STU00247,2026-04-18,2,62,15,1,5,222
LMS004931,STU00247,2026-03-06,0,130,10,1,1,153
LMS004932,STU00247,2026-01-31,7,128,14,5,0,28
LMS004933,STU00247,2026-01-15,1,21,14,4,1,27
LMS004934,STU00247,2026-01-04,5,81,13,1,3,108
LMS004935,STU00247,2026-02-16,1,102,12,5,5,65
LMS004936,STU00247,2026-04-22,8,172,8,2,2,102
LMS004937,STU00247,2026-06-02,0,113,0,3,3,72
LMS004938,STU00247,2026-06-30,0,115,7,2,3,154
LMS004939,STU00247,2026-02-11,7,109,0,0,0,225
LMS004940,STU00247,2026-05-17,6,151,5,4,2,71
LMS004941,STU00248,2026-02-20,3,23,11,3,0,209
LMS004942,STU00248,2026-06-08,7,158,8,3,1,207
LMS004943,STU00248,2026-06-16,6,145,12,1,0,109
LMS004944,STU00248,2026-05-11,2,150,7,2,0,84
LMS004945,STU00248,2026-01-08,1,56,8,3,1,131
LMS004946,STU00248,2026-06-24,0,90,10,0,4,70
LMS004947,STU00248,2026-01-20,5,170,11,2,1,56
LMS004948,STU00248,2026-03-05,5,179,5,4,0,204
LMS004949,STU00248,2026-04-01,1,73,11,1,0,42
LMS004950,STU00248,2026-01-25,6,160,13,0,2,9
LMS004951,STU00248,2026-03-01,3,133,4,3,5,44
LMS004952,STU00248,2026-06-06,3,5,8,4,0,88
LMS004953,STU00248,2026-04-24,8,61,2,2,3,200
LMS004954,STU00248,2026-04-07,7,17,6,5,1,166
LMS004955,STU00248,2026-06-02,6,16,1,3,1,0
LMS004956,STU00248,2026-05-06,8,148,3,0,5,23
LMS004957,STU00248,2026-06-18,7,89,10,1,3,157
LMS004958,STU00248,2026-01-09,2,92,15,4,0,81
LMS004959,STU00248,2026-01-30,1,23,13,5,1,163
LMS004960,STU00248,2026-02-08,0,23,14,1,3,39
LMS004961,STU00249,2026-01-27,3,102,2,1,3,230
LMS004962,STU00249,2026-05-18,8,168,5,3,5,0
LMS004963,STU00249,2026-05-19,5,21,15,2,5,172
LMS004964,STU00249,2026-01-20,7,122,4,3,3,62
LMS004965,STU00249,2026-05-08,5,111,8,1,2,21
LMS004966,STU00249,2026-05-06,8,15,0,4,3,154
LMS004967,STU00249,2026-05-01,4,19,14,5,0,134
LMS004968,STU00249,2026-04-09,2,140,1,1,4,126
LMS004969,STU00249,2026-03-30,6,8,9,3,2,6
LMS004970,STU00249,2026-03-04,4,152,5,1,3,217
LMS004971,STU00249,2026-05-14,3,140,10,0,2,237
LMS004972,STU00249,2026-01-16,1,124,5,2,2,149
LMS004973,STU00249,2026-05-01,0,180,15,0,3,94
LMS004974,STU00249,2026-03-25,8,62,10,0,1,131
LMS004975,STU00249,2026-03-26,7,166,5,4,5,177
LMS004976,STU00249,2026-03-06,4,47,9,0,2,138
LMS004977,STU00249,2026-03-29,1,39,5,5,3,170
LMS004978,STU00249,2026-06-14,7,106,6,2,5,35
LMS004979,STU00249,2026-06-08,1,88,12,1,3,220
LMS004980,STU00249,2026-05-16,6,106,6,0,4,116
LMS004981,STU00250,2026-03-06,8,171,11,3,5,151
LMS004982,STU00250,2026-01-16,3,36,8,2,2,0
LMS004983,STU00250,2026-06-15,0,61,3,5,0,234
LMS004984,STU00250,2026-01-09,2,107,13,0,1,184
LMS004985,STU00250,2026-05-22,2,87,9,2,1,146
LMS004986,STU00250,2026-02-11,1,138,14,1,0,180
LMS004987,STU00250,2026-04-09,5,133,13,0,5,120
LMS004988,STU00250,2026-05-28,6,142,10,4,2,68
LMS004989,STU00250,2026-06-14,5,91,1,2,4,71
LMS004990,STU00250,2026-04-25,6,42,4,5,3,231
LMS004991,STU00250,2026-04-11,0,11,9,0,2,17
LMS004992,STU00250,2026-01-09,4,22,4,2,4,71
LMS004993,STU00250,2026-05-12,7,54,14,3,0,117
LMS004994,STU00250,2026-04-13,2,176,4,1,3,101
LMS004995,STU00250,2026-01-04,4,12,5,0,2,71
LMS004996,STU00250,2026-05-25,0,130,10,0,4,21
LMS004997,STU00250,2026-06-22,6,24,14,5,4,119
LMS004998,STU00250,2026-04-29,3,75,10,1,4,165
LMS004999,STU00250,2026-05-01,3,112,5,2,5,158
LMS005000,STU00250,2026-06-26,4,119,11,1,3,218
LMS005001,STU00251,2026-02-26,5,16,11,0,2,200
LMS005002,STU00251,2026-06-22,0,159,8,1,0,210
LMS005003,STU00251,2026-03-24,1,24,13,5,1,129
LMS005004,STU00251,2026-03-06,0,112,2,1,3,221
LMS005005,STU00251,2026-03-22,8,100,0,3,0,229
LMS005006,STU00251,2026-04-22,2,94,1,2,3,101
LMS005007,STU00251,2026-06-18,5,143,15,2,3,158
LMS005008,STU00251,2026-02-01,5,124,9,5,0,239
LMS005009,STU00251,2026-03-15,6,42,11,0,1,216
LMS005010,STU00251,2026-03-25,3,169,2,0,5,157
LMS005011,STU00251,2026-05-24,1,62,6,4,2,134
LMS005012,STU00251,2026-02-23,4,123,3,5,2,238
LMS005013,STU00251,2026-02-22,1,113,15,5,3,161
LMS005014,STU00251,2026-04-11,2,70,2,4,3,224
LMS005015,STU00251,2026-04-02,6,66,2,5,5,151
LMS005016,STU00251,2026-06-05,7,178,10,5,2,97
LMS005017,STU00251,2026-05-31,6,79,2,1,5,86
LMS005018,STU00251,2026-05-15,5,120,2,2,0,138
LMS005019,STU00251,2026-02-20,2,8,2,1,3,51
LMS005020,STU00251,2026-05-30,6,143,6,3,3,98
LMS005021,STU00252,2026-06-26,1,76,9,1,2,197
LMS005022,STU00252,2026-02-05,2,39,2,1,1,232
LMS005023,STU00252,2026-02-15,7,81,12,4,0,171
LMS005024,STU00252,2026-01-23,7,24,9,1,1,53
LMS005025,STU00252,2026-06-07,4,103,1,2,5,85
LMS005026,STU00252,2026-06-03,8,19,15,1,1,8
LMS005027,STU00252,2026-06-03,1,31,10,1,1,78
LMS005028,STU00252,2026-03-22,2,50,7,0,2,49
LMS005029,STU00252,2026-02-26,4,87,14,2,4,77
LMS005030,STU00252,2026-01-13,5,66,15,1,4,40
LMS005031,STU00252,2026-02-17,0,118,6,0,1,34
LMS005032,STU00252,2026-03-11,3,109,4,3,1,15
LMS005033,STU00252,2026-02-27,4,97,4,0,5,135
LMS005034,STU00252,2026-06-03,6,142,3,2,4,136
LMS005035,STU00252,2026-03-14,6,142,7,5,1,144
LMS005036,STU00252,2026-01-17,3,169,8,2,4,95
LMS005037,STU00252,2026-05-25,0,163,12,2,0,38
LMS005038,STU00252,2026-01-21,1,18,9,4,0,112
LMS005039,STU00252,2026-02-28,6,116,11,4,3,40
LMS005040,STU00252,2026-01-11,5,41,9,5,2,183
LMS005041,STU00253,2026-04-27,1,142,2,2,2,145
LMS005042,STU00253,2026-02-24,4,52,14,0,2,167
LMS005043,STU00253,2026-01-13,0,107,5,5,0,141
LMS005044,STU00253,2026-03-04,1,65,7,5,4,164
LMS005045,STU00253,2026-01-11,6,117,2,4,2,187
LMS005046,STU00253,2026-01-05,5,9,6,2,5,48
LMS005047,STU00253,2026-06-10,3,35,4,5,3,111
LMS005048,STU00253,2026-03-17,7,165,6,1,0,164
LMS005049,STU00253,2026-02-24,2,133,9,0,0,26
LMS005050,STU00253,2026-01-13,1,160,6,4,2,201
LMS005051,STU00253,2026-05-17,7,94,14,3,1,29
LMS005052,STU00253,2026-06-11,1,152,5,3,1,69
LMS005053,STU00253,2026-03-25,6,23,14,5,2,38
LMS005054,STU00253,2026-03-13,5,12,14,2,0,213
LMS005055,STU00253,2026-04-01,1,14,0,2,0,230
LMS005056,STU00253,2026-05-05,4,155,11,4,4,216
LMS005057,STU00253,2026-04-27,0,72,7,2,5,33
LMS005058,STU00253,2026-03-27,7,96,1,4,5,189
LMS005059,STU00253,2026-06-05,5,63,13,3,3,175
LMS005060,STU00253,2026-04-14,3,21,0,5,1,118
LMS005061,STU00254,2026-01-25,2,23,8,4,4,111
LMS005062,STU00254,2026-04-10,2,98,2,1,1,3
LMS005063,STU00254,2026-05-09,0,8,5,4,5,230
LMS005064,STU00254,2026-02-18,5,131,10,3,2,107
LMS005065,STU00254,2026-05-08,5,4,1,1,4,65
LMS005066,STU00254,2026-02-18,6,30,3,3,2,236
LMS005067,STU00254,2026-01-02,0,4,9,0,0,15
LMS005068,STU00254,2026-02-14,2,156,9,3,1,197
LMS005069,STU00254,2026-02-18,8,11,9,3,4,64
LMS005070,STU00254,2026-03-18,6,21,8,1,2,145
LMS005071,STU00254,2026-04-19,0,23,15,0,2,153
LMS005072,STU00254,2026-04-08,3,78,2,2,1,164
LMS005073,STU00254,2026-03-30,8,135,6,0,3,111
LMS005074,STU00254,2026-03-30,6,34,3,2,0,235
LMS005075,STU00254,2026-06-19,8,55,2,2,0,5
LMS005076,STU00254,2026-02-10,8,141,2,2,2,182
LMS005077,STU00254,2026-01-17,3,30,2,0,0,32
LMS005078,STU00254,2026-01-16,3,68,15,1,4,64
LMS005079,STU00254,2026-06-29,8,49,5,5,2,122
LMS005080,STU00254,2026-02-25,6,144,2,0,0,137
LMS005081,STU00255,2026-05-15,8,71,5,4,5,216
LMS005082,STU00255,2026-02-26,7,38,2,5,1,172
LMS005083,STU00255,2026-03-29,7,102,0,4,1,13
LMS005084,STU00255,2026-06-21,7,96,12,0,4,67
LMS005085,STU00255,2026-05-14,5,96,8,3,5,79
LMS005086,STU00255,2026-04-08,6,43,9,5,1,77
LMS005087,STU00255,2026-06-12,1,40,3,4,2,160
LMS005088,STU00255,2026-03-03,4,46,2,0,3,41
LMS005089,STU00255,2026-06-11,0,96,7,4,0,68
LMS005090,STU00255,2026-06-05,8,172,9,4,3,166
LMS005091,STU00255,2026-06-26,3,168,11,2,2,27
LMS005092,STU00255,2026-04-25,8,119,14,5,3,186
LMS005093,STU00255,2026-06-21,3,69,7,5,1,155
LMS005094,STU00255,2026-03-11,4,72,2,3,2,88
LMS005095,STU00255,2026-02-21,1,3,0,4,1,155
LMS005096,STU00255,2026-03-08,2,67,12,4,0,89
LMS005097,STU00255,2026-01-05,8,95,4,1,0,194
LMS005098,STU00255,2026-01-09,1,11,2,2,5,70
LMS005099,STU00255,2026-02-23,5,0,5,0,3,82
LMS005100,STU00255,2026-06-21,6,116,9,1,2,221
LMS005101,STU00256,2026-03-03,6,117,5,3,1,198
LMS005102,STU00256,2026-02-07,1,50,4,4,3,165
LMS005103,STU00256,2026-03-01,8,140,0,1,1,228
LMS005104,STU00256,2026-03-26,6,128,12,0,4,19
LMS005105,STU00256,2026-04-25,0,116,5,1,5,42
LMS005106,STU00256,2026-05-01,6,5,5,2,0,182
LMS005107,STU00256,2026-01-27,8,103,6,5,3,133
LMS005108,STU00256,2026-01-10,5,12,8,0,5,189
LMS005109,STU00256,2026-01-24,3,88,4,0,5,162
LMS005110,STU00256,2026-05-17,7,11,9,2,1,54
LMS005111,STU00256,2026-05-04,4,10,12,2,0,77
LMS005112,STU00256,2026-01-07,0,73,13,2,4,168
LMS005113,STU00256,2026-05-02,0,0,4,2,5,171
LMS005114,STU00256,2026-03-01,6,109,8,0,2,59
LMS005115,STU00256,2026-03-19,7,106,0,3,0,140
LMS005116,STU00256,2026-03-17,4,94,13,2,0,75
LMS005117,STU00256,2026-06-18,7,161,13,3,2,37
LMS005118,STU00256,2026-03-05,3,56,12,4,5,36
LMS005119,STU00256,2026-03-28,2,96,9,4,3,203
LMS005120,STU00256,2026-02-13,2,94,4,4,0,60
LMS005121,STU00257,2026-05-10,8,67,14,0,4,145
LMS005122,STU00257,2026-04-25,5,39,12,0,0,26
LMS005123,STU00257,2026-06-29,2,36,8,5,3,6
LMS005124,STU00257,2026-01-28,1,112,12,4,0,82
LMS005125,STU00257,2026-01-16,5,48,6,5,3,3
LMS005126,STU00257,2026-02-05,2,84,3,5,1,143
LMS005127,STU00257,2026-05-31,2,5,7,5,5,226
LMS005128,STU00257,2026-06-03,8,125,4,2,5,115
LMS005129,STU00257,2026-05-20,1,155,7,5,0,234
LMS005130,STU00257,2026-04-04,2,125,13,2,1,52
LMS005131,STU00257,2026-03-24,4,123,12,4,1,213
LMS005132,STU00257,2026-03-31,4,151,4,2,3,46
LMS005133,STU00257,2026-06-30,0,113,8,5,2,119
LMS005134,STU00257,2026-04-19,2,89,0,1,3,153
LMS005135,STU00257,2026-02-24,3,36,8,3,1,143
LMS005136,STU00257,2026-05-31,6,33,15,3,5,13
LMS005137,STU00257,2026-01-05,0,156,13,5,1,12
LMS005138,STU00257,2026-01-31,7,156,10,5,5,217
LMS005139,STU00257,2026-06-02,5,139,5,0,3,124
LMS005140,STU00257,2026-04-25,6,98,11,0,1,38
LMS005141,STU00258,2026-06-19,7,9,12,1,5,33
LMS005142,STU00258,2026-05-11,3,65,6,4,1,40
LMS005143,STU00258,2026-02-20,6,1,2,4,1,149
LMS005144,STU00258,2026-05-24,1,171,12,1,0,63
LMS005145,STU00258,2026-03-14,7,154,13,5,3,94
LMS005146,STU00258,2026-05-01,6,57,4,1,2,235
LMS005147,STU00258,2026-05-26,1,178,7,0,4,224
LMS005148,STU00258,2026-05-14,3,87,3,1,1,144
LMS005149,STU00258,2026-01-15,5,39,0,1,4,99
LMS005150,STU00258,2026-06-10,5,155,7,2,2,174
LMS005151,STU00258,2026-02-20,7,144,9,2,1,62
LMS005152,STU00258,2026-04-29,8,50,11,0,2,73
LMS005153,STU00258,2026-05-10,0,135,0,4,1,11
LMS005154,STU00258,2026-05-15,5,111,3,2,1,49
LMS005155,STU00258,2026-04-22,3,113,10,1,0,222
LMS005156,STU00258,2026-05-20,4,74,6,0,1,60
LMS005157,STU00258,2026-04-09,3,170,7,2,2,65
LMS005158,STU00258,2026-05-02,5,0,12,4,4,228
LMS005159,STU00258,2026-03-27,8,122,11,5,3,235
LMS005160,STU00258,2026-01-29,4,145,15,5,4,196
LMS005161,STU00259,2026-06-03,4,25,6,4,1,83
LMS005162,STU00259,2026-06-03,4,123,2,0,1,229
LMS005163,STU00259,2026-06-01,4,69,11,2,3,10
LMS005164,STU00259,2026-06-09,6,22,4,1,5,112
LMS005165,STU00259,2026-05-22,1,84,0,1,3,232
LMS005166,STU00259,2026-04-22,2,92,2,0,2,177
LMS005167,STU00259,2026-03-07,2,46,9,5,2,6
LMS005168,STU00259,2026-03-13,1,132,3,3,5,4
LMS005169,STU00259,2026-03-03,5,16,8,0,3,223
LMS005170,STU00259,2026-03-30,7,46,14,5,1,194
LMS005171,STU00259,2026-06-30,7,168,13,1,5,52
LMS005172,STU00259,2026-02-14,2,84,0,3,3,154
LMS005173,STU00259,2026-05-02,4,54,11,5,5,164
LMS005174,STU00259,2026-03-14,7,90,2,0,4,213
LMS005175,STU00259,2026-05-26,3,17,5,2,1,188
LMS005176,STU00259,2026-03-03,4,176,1,1,1,46
LMS005177,STU00259,2026-01-24,8,16,8,1,2,225
LMS005178,STU00259,2026-02-03,1,48,5,4,4,217
LMS005179,STU00259,2026-05-12,2,96,8,1,2,21
LMS005180,STU00259,2026-03-07,8,102,9,2,0,69
LMS005181,STU00260,2026-01-25,5,24,1,5,3,143
LMS005182,STU00260,2026-06-10,0,5,14,4,5,72
LMS005183,STU00260,2026-05-17,2,74,2,4,1,236
LMS005184,STU00260,2026-04-10,1,77,0,4,5,159
LMS005185,STU00260,2026-06-29,2,24,5,2,4,216
LMS005186,STU00260,2026-05-30,5,92,10,3,5,6
LMS005187,STU00260,2026-05-11,2,57,3,3,4,78
LMS005188,STU00260,2026-06-22,2,96,6,3,0,122
LMS005189,STU00260,2026-05-02,4,145,0,4,3,67
LMS005190,STU00260,2026-02-18,5,34,4,0,2,143
LMS005191,STU00260,2026-01-24,1,114,2,2,5,70
LMS005192,STU00260,2026-02-03,2,2,12,3,0,101
LMS005193,STU00260,2026-04-15,6,167,1,0,1,179
LMS005194,STU00260,2026-01-06,5,86,13,5,1,167
LMS005195,STU00260,2026-03-13,8,36,13,4,1,40
LMS005196,STU00260,2026-06-22,6,35,6,5,1,123
LMS005197,STU00260,2026-01-15,0,102,3,1,4,14
LMS005198,STU00260,2026-04-14,0,165,15,4,3,142
LMS005199,STU00260,2026-05-10,7,4,8,0,2,199
LMS005200,STU00260,2026-05-23,8,17,7,2,3,189
LMS005201,STU00261,2026-01-21,7,147,10,5,5,169
LMS005202,STU00261,2026-01-08,5,88,10,1,4,153
LMS005203,STU00261,2026-02-27,3,124,13,0,3,2
LMS005204,STU00261,2026-01-24,4,16,9,3,4,171
LMS005205,STU00261,2026-05-30,4,8,0,2,5,233
LMS005206,STU00261,2026-01-11,2,48,7,3,1,233
LMS005207,STU00261,2026-03-16,7,112,4,4,5,194
LMS005208,STU00261,2026-06-13,3,15,2,1,0,113
LMS005209,STU00261,2026-03-25,2,48,7,3,5,101
LMS005210,STU00261,2026-02-07,0,48,4,3,3,201
LMS005211,STU00261,2026-06-25,3,31,11,5,2,77
LMS005212,STU00261,2026-05-15,3,73,14,3,0,52
LMS005213,STU00261,2026-03-04,3,159,5,0,2,8
LMS005214,STU00261,2026-03-19,0,63,1,1,5,229
LMS005215,STU00261,2026-03-02,1,142,0,1,4,105
LMS005216,STU00261,2026-03-20,7,85,1,5,4,121
LMS005217,STU00261,2026-03-27,5,5,8,2,4,146
LMS005218,STU00261,2026-06-29,8,98,4,4,0,233
LMS005219,STU00261,2026-02-25,0,39,14,5,0,108
LMS005220,STU00261,2026-06-05,2,30,12,0,3,236
LMS005221,STU00262,2026-01-15,4,136,1,3,1,119
LMS005222,STU00262,2026-01-22,3,88,5,0,0,27
LMS005223,STU00262,2026-06-02,1,165,3,0,1,67
LMS005224,STU00262,2026-03-10,8,48,3,0,1,26
LMS005225,STU00262,2026-05-21,4,119,7,3,5,65
LMS005226,STU00262,2026-04-04,1,159,13,3,1,237
LMS005227,STU00262,2026-05-15,5,88,12,1,1,137
LMS005228,STU00262,2026-01-19,4,12,5,0,1,43
LMS005229,STU00262,2026-04-06,6,140,13,1,3,170
LMS005230,STU00262,2026-03-23,6,30,15,3,3,133
LMS005231,STU00262,2026-05-10,6,176,14,0,0,79
LMS005232,STU00262,2026-05-17,4,102,9,3,0,154
LMS005233,STU00262,2026-04-08,4,88,8,2,0,8
LMS005234,STU00262,2026-02-05,6,38,7,0,2,180
LMS005235,STU00262,2026-06-26,8,14,10,2,4,40
LMS005236,STU00262,2026-01-07,4,33,6,2,3,157
LMS005237,STU00262,2026-01-10,2,26,7,2,3,180
LMS005238,STU00262,2026-05-31,1,72,5,5,0,237
LMS005239,STU00262,2026-01-11,5,40,3,1,2,82
LMS005240,STU00262,2026-06-23,8,177,15,0,5,58
LMS005241,STU00263,2026-03-18,7,14,13,5,0,115
LMS005242,STU00263,2026-03-30,6,176,1,3,2,138
LMS005243,STU00263,2026-03-23,4,112,1,3,3,3
LMS005244,STU00263,2026-03-10,3,69,11,1,4,123
LMS005245,STU00263,2026-05-11,7,156,4,0,0,198
LMS005246,STU00263,2026-06-04,2,65,9,1,5,58
LMS005247,STU00263,2026-01-03,3,68,1,1,5,52
LMS005248,STU00263,2026-01-24,7,156,2,5,3,118
LMS005249,STU00263,2026-05-09,7,5,14,0,2,120
LMS005250,STU00263,2026-05-27,6,134,8,5,2,197
LMS005251,STU00263,2026-01-24,7,165,10,2,3,172
LMS005252,STU00263,2026-04-30,6,91,7,1,3,116
LMS005253,STU00263,2026-04-14,4,110,7,4,5,52
LMS005254,STU00263,2026-04-19,5,99,3,2,2,191
LMS005255,STU00263,2026-05-02,1,103,0,0,5,70
LMS005256,STU00263,2026-02-11,2,147,3,3,3,164
LMS005257,STU00263,2026-06-25,1,149,0,0,3,64
LMS005258,STU00263,2026-04-07,5,94,5,5,5,216
LMS005259,STU00263,2026-02-07,7,6,8,5,3,136
LMS005260,STU00263,2026-04-18,4,110,14,1,5,97
LMS005261,STU00264,2026-06-25,5,151,14,4,4,141
LMS005262,STU00264,2026-05-30,7,155,9,3,5,100
LMS005263,STU00264,2026-05-24,3,163,13,0,5,38
LMS005264,STU00264,2026-02-08,3,70,8,2,4,196
LMS005265,STU00264,2026-05-13,8,77,8,5,4,42
LMS005266,STU00264,2026-03-21,1,172,11,3,2,59
LMS005267,STU00264,2026-04-01,6,176,8,5,3,1
LMS005268,STU00264,2026-03-04,7,67,15,5,4,111
LMS005269,STU00264,2026-04-18,8,72,1,0,2,173
LMS005270,STU00264,2026-05-17,6,117,4,5,0,134
LMS005271,STU00264,2026-02-09,5,86,0,5,4,124
LMS005272,STU00264,2026-02-11,3,78,11,5,3,198
LMS005273,STU00264,2026-04-16,6,98,3,2,0,233
LMS005274,STU00264,2026-01-13,8,129,0,5,2,50
LMS005275,STU00264,2026-05-12,1,44,0,5,3,156
LMS005276,STU00264,2026-02-07,1,31,7,0,0,128
LMS005277,STU00264,2026-06-25,3,124,5,3,0,240
LMS005278,STU00264,2026-06-29,4,39,6,2,0,152
LMS005279,STU00264,2026-05-29,2,163,13,0,2,80
LMS005280,STU00264,2026-05-29,6,129,0,5,3,20
LMS005281,STU00265,2026-02-08,8,36,6,5,0,97
LMS005282,STU00265,2026-03-01,3,111,11,0,5,205
LMS005283,STU00265,2026-04-13,3,53,11,5,4,42
LMS005284,STU00265,2026-02-27,3,141,9,0,2,43
LMS005285,STU00265,2026-01-19,8,160,6,0,1,196
LMS005286,STU00265,2026-01-07,8,148,7,2,4,156
LMS005287,STU00265,2026-06-26,2,74,1,4,4,174
LMS005288,STU00265,2026-01-22,1,178,4,3,5,131
LMS005289,STU00265,2026-02-01,4,24,12,4,4,45
LMS005290,STU00265,2026-02-14,5,134,6,2,0,57
LMS005291,STU00265,2026-02-05,4,8,9,3,0,158
LMS005292,STU00265,2026-01-22,4,11,0,5,4,186
LMS005293,STU00265,2026-03-18,6,74,7,4,1,129
LMS005294,STU00265,2026-01-27,5,106,13,0,1,228
LMS005295,STU00265,2026-03-02,0,111,2,5,1,178
LMS005296,STU00265,2026-04-19,4,167,13,4,2,65
LMS005297,STU00265,2026-03-09,0,116,4,1,5,214
LMS005298,STU00265,2026-05-30,4,159,14,4,5,178
LMS005299,STU00265,2026-06-27,2,2,13,4,5,138
LMS005300,STU00265,2026-06-21,5,158,4,3,0,238
LMS005301,STU00266,2026-05-15,7,130,8,4,1,93
LMS005302,STU00266,2026-01-09,2,98,12,3,0,2
LMS005303,STU00266,2026-06-28,8,154,14,1,0,27
LMS005304,STU00266,2026-03-02,8,129,4,3,2,238
LMS005305,STU00266,2026-03-06,1,115,6,3,1,18
LMS005306,STU00266,2026-03-26,2,159,11,5,2,91
LMS005307,STU00266,2026-05-17,7,164,9,4,4,110
LMS005308,STU00266,2026-02-15,2,149,10,1,2,236
LMS005309,STU00266,2026-06-22,7,15,14,4,2,145
LMS005310,STU00266,2026-01-08,5,29,11,1,5,117
LMS005311,STU00266,2026-03-20,1,159,11,0,3,232
LMS005312,STU00266,2026-05-11,7,2,3,1,0,22
LMS005313,STU00266,2026-01-23,5,30,9,4,0,62
LMS005314,STU00266,2026-06-17,8,100,14,2,1,52
LMS005315,STU00266,2026-03-31,1,33,12,2,4,224
LMS005316,STU00266,2026-02-21,6,51,6,0,2,239
LMS005317,STU00266,2026-06-17,7,169,1,0,3,65
LMS005318,STU00266,2026-06-20,0,70,12,3,2,75
LMS005319,STU00266,2026-06-14,2,39,4,5,4,61
LMS005320,STU00266,2026-01-17,0,161,1,2,0,100
LMS005321,STU00267,2026-03-16,6,176,12,3,1,158
LMS005322,STU00267,2026-03-29,3,52,9,1,3,122
LMS005323,STU00267,2026-06-06,4,167,2,5,5,38
LMS005324,STU00267,2026-02-28,8,17,1,3,3,217
LMS005325,STU00267,2026-03-30,8,125,2,3,1,8
LMS005326,STU00267,2026-06-06,2,119,13,4,0,229
LMS005327,STU00267,2026-02-09,4,85,2,0,5,67
LMS005328,STU00267,2026-06-11,0,116,10,5,2,214
LMS005329,STU00267,2026-04-23,3,92,5,0,3,179
LMS005330,STU00267,2026-02-24,2,110,14,2,1,116
LMS005331,STU00267,2026-02-24,6,28,0,2,0,26
LMS005332,STU00267,2026-02-18,2,155,4,5,1,154
LMS005333,STU00267,2026-06-14,7,52,0,3,4,223
LMS005334,STU00267,2026-06-11,3,113,6,4,3,16
LMS005335,STU00267,2026-04-27,6,79,3,0,3,161
LMS005336,STU00267,2026-04-16,1,100,5,2,5,169
LMS005337,STU00267,2026-05-12,6,106,0,3,4,212
LMS005338,STU00267,2026-03-19,4,32,5,3,4,19
LMS005339,STU00267,2026-06-18,7,51,10,0,1,66
LMS005340,STU00267,2026-01-01,2,10,0,4,3,42
LMS005341,STU00268,2026-01-29,7,80,4,2,2,173
LMS005342,STU00268,2026-01-23,4,109,3,3,3,206
LMS005343,STU00268,2026-05-10,3,115,3,1,3,83
LMS005344,STU00268,2026-05-16,7,23,5,3,3,120
LMS005345,STU00268,2026-06-22,5,89,9,3,1,211
LMS005346,STU00268,2026-06-22,4,158,11,4,5,98
LMS005347,STU00268,2026-05-05,5,63,10,1,1,74
LMS005348,STU00268,2026-05-01,4,70,7,4,3,171
LMS005349,STU00268,2026-01-05,1,153,6,3,4,57
LMS005350,STU00268,2026-05-30,7,70,0,4,5,38
LMS005351,STU00268,2026-05-27,4,125,5,1,0,123
LMS005352,STU00268,2026-04-15,6,163,14,5,2,221
LMS005353,STU00268,2026-04-14,8,123,0,4,0,147
LMS005354,STU00268,2026-06-26,3,90,5,4,1,79
LMS005355,STU00268,2026-05-16,0,176,5,1,4,95
LMS005356,STU00268,2026-01-18,4,68,7,1,1,153
LMS005357,STU00268,2026-06-20,1,8,9,4,0,0
LMS005358,STU00268,2026-06-20,1,179,14,4,4,67
LMS005359,STU00268,2026-02-09,8,146,15,2,3,233
LMS005360,STU00268,2026-05-14,6,51,2,1,0,89
LMS005361,STU00269,2026-05-20,2,107,7,1,3,23
LMS005362,STU00269,2026-05-15,5,72,8,4,0,23
LMS005363,STU00269,2026-06-20,7,49,4,0,2,23
LMS005364,STU00269,2026-03-30,5,88,0,5,3,34
LMS005365,STU00269,2026-03-26,4,23,14,5,4,189
LMS005366,STU00269,2026-05-29,3,29,1,1,2,126
LMS005367,STU00269,2026-04-13,2,123,14,2,1,102
LMS005368,STU00269,2026-06-08,4,40,2,2,4,5
LMS005369,STU00269,2026-05-30,0,5,7,0,5,155
LMS005370,STU00269,2026-05-09,4,117,15,4,4,33
LMS005371,STU00269,2026-03-21,6,44,9,1,3,52
LMS005372,STU00269,2026-01-16,3,139,11,2,3,163
LMS005373,STU00269,2026-05-26,4,57,10,5,5,176
LMS005374,STU00269,2026-03-23,3,67,7,0,3,140
LMS005375,STU00269,2026-06-11,3,39,0,1,5,195
LMS005376,STU00269,2026-05-03,6,6,7,0,3,35
LMS005377,STU00269,2026-03-03,2,27,11,3,0,61
LMS005378,STU00269,2026-01-01,0,74,14,1,3,50
LMS005379,STU00269,2026-06-13,8,121,10,0,3,148
LMS005380,STU00269,2026-02-08,0,76,0,5,4,14
LMS005381,STU00270,2026-02-02,1,159,9,4,1,80
LMS005382,STU00270,2026-02-22,0,140,0,0,0,88
LMS005383,STU00270,2026-03-12,4,50,11,1,2,44
LMS005384,STU00270,2026-05-23,5,30,4,3,1,20
LMS005385,STU00270,2026-01-10,2,13,14,1,0,74
LMS005386,STU00270,2026-01-23,4,36,14,1,4,103
LMS005387,STU00270,2026-06-28,7,12,13,1,3,223
LMS005388,STU00270,2026-05-26,1,169,1,4,2,60
LMS005389,STU00270,2026-02-04,7,108,5,1,0,93
LMS005390,STU00270,2026-01-22,3,141,12,2,1,118
LMS005391,STU00270,2026-02-17,4,134,15,3,0,92
LMS005392,STU00270,2026-05-17,6,113,15,5,1,103
LMS005393,STU00270,2026-05-02,0,179,11,3,1,197
LMS005394,STU00270,2026-01-01,0,18,12,4,5,232
LMS005395,STU00270,2026-04-09,4,63,5,3,1,240
LMS005396,STU00270,2026-05-10,0,56,10,2,1,110
LMS005397,STU00270,2026-06-11,6,37,12,0,4,173
LMS005398,STU00270,2026-05-10,6,125,8,0,3,163
LMS005399,STU00270,2026-04-13,1,64,5,5,5,118
LMS005400,STU00270,2026-03-28,7,126,14,3,0,100
LMS005401,STU00271,2026-05-16,0,63,14,0,4,56
LMS005402,STU00271,2026-05-16,7,74,10,2,3,188
LMS005403,STU00271,2026-06-04,4,4,15,0,4,34
LMS005404,STU00271,2026-04-04,1,111,14,3,2,216
LMS005405,STU00271,2026-04-03,2,93,12,2,5,69
LMS005406,STU00271,2026-01-29,1,22,3,2,3,23
LMS005407,STU00271,2026-06-19,2,3,15,1,2,107
LMS005408,STU00271,2026-04-26,8,106,7,4,5,79
LMS005409,STU00271,2026-03-11,7,109,7,5,5,224
LMS005410,STU00271,2026-06-07,2,24,1,0,2,77
LMS005411,STU00271,2026-02-04,0,32,6,3,1,173
LMS005412,STU00271,2026-05-20,6,88,1,1,0,203
LMS005413,STU00271,2026-04-12,0,64,11,4,1,184
LMS005414,STU00271,2026-03-28,1,86,7,5,2,9
LMS005415,STU00271,2026-04-24,3,161,13,4,4,12
LMS005416,STU00271,2026-03-06,0,68,2,2,1,43
LMS005417,STU00271,2026-02-21,5,104,15,0,2,159
LMS005418,STU00271,2026-02-07,7,22,1,0,3,123
LMS005419,STU00271,2026-05-07,6,91,3,0,0,4
LMS005420,STU00271,2026-03-01,4,146,10,1,5,188
LMS005421,STU00272,2026-01-02,4,116,14,2,1,95
LMS005422,STU00272,2026-01-31,4,110,0,4,4,149
LMS005423,STU00272,2026-03-15,6,83,9,3,1,179
LMS005424,STU00272,2026-06-01,6,15,9,3,0,117
LMS005425,STU00272,2026-01-09,7,129,12,2,0,181
LMS005426,STU00272,2026-03-27,1,164,0,5,2,169
LMS005427,STU00272,2026-06-06,4,145,1,0,3,196
LMS005428,STU00272,2026-02-17,4,56,14,1,4,165
LMS005429,STU00272,2026-02-14,1,174,10,2,4,57
LMS005430,STU00272,2026-03-16,3,11,2,2,0,91
LMS005431,STU00272,2026-02-19,2,143,4,1,4,74
LMS005432,STU00272,2026-01-24,3,176,8,1,2,87
LMS005433,STU00272,2026-04-21,4,151,10,2,4,170
LMS005434,STU00272,2026-05-04,1,156,8,3,2,209
LMS005435,STU00272,2026-03-01,0,152,3,5,3,174
LMS005436,STU00272,2026-01-23,6,97,4,4,1,34
LMS005437,STU00272,2026-06-10,7,179,10,5,0,203
LMS005438,STU00272,2026-03-17,2,70,0,5,4,63
LMS005439,STU00272,2026-01-11,2,21,5,5,2,168
LMS005440,STU00272,2026-05-11,3,176,3,5,4,42
LMS005441,STU00273,2026-02-08,7,138,4,2,3,175
LMS005442,STU00273,2026-05-17,3,74,5,2,2,5
LMS005443,STU00273,2026-05-26,4,67,7,3,4,12
LMS005444,STU00273,2026-06-10,2,150,10,2,2,207
LMS005445,STU00273,2026-02-19,5,156,5,3,0,222
LMS005446,STU00273,2026-01-06,2,70,5,5,2,110
LMS005447,STU00273,2026-02-28,0,103,9,3,3,4
LMS005448,STU00273,2026-06-17,7,138,8,2,0,88
LMS005449,STU00273,2026-01-02,2,33,6,4,1,13
LMS005450,STU00273,2026-01-13,7,138,14,0,0,234
LMS005451,STU00273,2026-05-15,4,10,2,3,2,222
LMS005452,STU00273,2026-03-02,5,51,3,2,4,53
LMS005453,STU00273,2026-04-04,5,111,8,4,5,231
LMS005454,STU00273,2026-03-08,0,87,5,5,5,47
LMS005455,STU00273,2026-01-19,0,107,8,1,1,24
LMS005456,STU00273,2026-01-18,7,140,8,4,2,17
LMS005457,STU00273,2026-01-27,7,114,15,5,3,171
LMS005458,STU00273,2026-02-27,1,88,15,5,2,73
LMS005459,STU00273,2026-03-24,5,22,14,2,2,150
LMS005460,STU00273,2026-05-27,3,21,14,3,4,9
LMS005461,STU00274,2026-06-18,7,95,5,4,1,127
LMS005462,STU00274,2026-05-06,8,118,5,0,4,225
LMS005463,STU00274,2026-03-31,3,95,11,3,4,144
LMS005464,STU00274,2026-05-12,3,61,7,2,4,139
LMS005465,STU00274,2026-02-16,4,55,10,1,1,112
LMS005466,STU00274,2026-03-31,4,17,7,5,1,140
LMS005467,STU00274,2026-06-05,0,53,12,4,1,109
LMS005468,STU00274,2026-01-05,0,159,2,4,2,93
LMS005469,STU00274,2026-02-25,1,160,7,0,3,150
LMS005470,STU00274,2026-06-25,2,7,5,0,1,68
LMS005471,STU00274,2026-05-21,0,162,1,3,0,22
LMS005472,STU00274,2026-02-13,0,16,10,2,2,172
LMS005473,STU00274,2026-04-23,6,96,5,5,5,0
LMS005474,STU00274,2026-04-24,3,25,5,1,5,132
LMS005475,STU00274,2026-04-30,2,138,5,2,0,91
LMS005476,STU00274,2026-01-13,8,44,5,0,1,226
LMS005477,STU00274,2026-06-29,1,100,15,4,5,35
LMS005478,STU00274,2026-03-29,7,141,4,5,4,188
LMS005479,STU00274,2026-06-03,8,28,11,3,1,74
LMS005480,STU00274,2026-05-03,0,28,5,1,4,201
LMS005481,STU00275,2026-06-23,3,0,1,3,1,31
LMS005482,STU00275,2026-03-03,7,143,3,4,2,233
LMS005483,STU00275,2026-03-13,2,14,10,2,4,16
LMS005484,STU00275,2026-02-24,8,171,3,0,5,233
LMS005485,STU00275,2026-03-11,5,14,4,4,5,142
LMS005486,STU00275,2026-01-29,3,87,3,1,3,10
LMS005487,STU00275,2026-04-23,5,119,6,3,4,33
LMS005488,STU00275,2026-01-22,6,174,0,0,1,103
LMS005489,STU00275,2026-05-17,4,16,10,4,3,194
LMS005490,STU00275,2026-04-24,1,131,15,3,4,185
LMS005491,STU00275,2026-01-09,2,160,14,1,2,140
LMS005492,STU00275,2026-03-21,4,64,15,5,1,136
LMS005493,STU00275,2026-05-18,6,54,1,4,3,210
LMS005494,STU00275,2026-01-07,2,58,11,2,0,69
LMS005495,STU00275,2026-05-20,2,21,6,4,1,234
LMS005496,STU00275,2026-03-04,2,17,12,4,5,239
LMS005497,STU00275,2026-02-28,2,172,8,3,5,3
LMS005498,STU00275,2026-04-27,6,30,6,1,0,90
LMS005499,STU00275,2026-06-01,0,115,10,2,3,237
LMS005500,STU00275,2026-02-09,6,22,4,2,4,31
LMS005501,STU00276,2026-01-29,8,113,15,4,3,127
LMS005502,STU00276,2026-05-29,2,60,4,4,4,46
LMS005503,STU00276,2026-04-26,2,75,7,3,1,51
LMS005504,STU00276,2026-05-09,8,120,11,3,5,131
LMS005505,STU00276,2026-05-28,3,127,4,3,2,177
LMS005506,STU00276,2026-01-23,4,77,11,3,3,234
LMS005507,STU00276,2026-05-29,3,97,5,2,2,153
LMS005508,STU00276,2026-03-31,2,177,1,4,1,111
LMS005509,STU00276,2026-04-30,8,114,9,3,0,31
LMS005510,STU00276,2026-01-20,5,95,12,1,1,72
LMS005511,STU00276,2026-02-19,1,125,6,0,4,123
LMS005512,STU00276,2026-01-23,7,148,15,5,4,229
LMS005513,STU00276,2026-02-11,8,74,3,4,3,4
LMS005514,STU00276,2026-06-14,3,129,3,5,0,86
LMS005515,STU00276,2026-05-19,4,110,15,5,5,48
LMS005516,STU00276,2026-01-12,1,118,15,0,5,30
LMS005517,STU00276,2026-04-22,4,98,12,1,1,187
LMS005518,STU00276,2026-05-16,2,130,4,1,5,103
LMS005519,STU00276,2026-04-10,4,95,11,2,1,78
LMS005520,STU00276,2026-05-01,3,25,11,3,2,121
LMS005521,STU00277,2026-05-09,8,137,12,4,0,161
LMS005522,STU00277,2026-01-17,0,174,12,3,5,132
LMS005523,STU00277,2026-06-22,1,29,13,2,2,92
LMS005524,STU00277,2026-05-08,7,4,3,2,5,194
LMS005525,STU00277,2026-03-14,3,145,10,1,5,113
LMS005526,STU00277,2026-05-28,7,29,7,3,5,232
LMS005527,STU00277,2026-05-29,0,74,3,3,5,85
LMS005528,STU00277,2026-06-13,1,100,10,1,1,31
LMS005529,STU00277,2026-03-07,6,144,2,4,3,175
LMS005530,STU00277,2026-05-07,6,175,0,4,3,0
LMS005531,STU00277,2026-03-31,3,82,3,5,4,88
LMS005532,STU00277,2026-03-08,8,72,4,2,3,65
LMS005533,STU00277,2026-04-06,3,138,0,2,4,113
LMS005534,STU00277,2026-04-29,2,61,0,5,3,67
LMS005535,STU00277,2026-05-07,0,124,13,1,5,30
LMS005536,STU00277,2026-05-25,1,101,15,1,3,124
LMS005537,STU00277,2026-06-10,3,157,9,5,5,182
LMS005538,STU00277,2026-02-11,1,147,9,1,1,27
LMS005539,STU00277,2026-06-29,3,141,0,4,1,177
LMS005540,STU00277,2026-05-08,8,144,0,0,0,222
LMS005541,STU00278,2026-06-22,0,126,10,0,3,151
LMS005542,STU00278,2026-04-07,2,150,10,0,2,228
LMS005543,STU00278,2026-02-20,1,12,10,4,0,180
LMS005544,STU00278,2026-01-21,2,109,1,0,0,199
LMS005545,STU00278,2026-01-07,8,94,5,1,4,151
LMS005546,STU00278,2026-02-04,3,13,13,3,0,25
LMS005547,STU00278,2026-05-02,7,84,8,4,0,88
LMS005548,STU00278,2026-04-14,0,65,1,3,2,103
LMS005549,STU00278,2026-05-08,7,167,11,4,0,212
LMS005550,STU00278,2026-02-07,1,57,14,4,0,87
LMS005551,STU00278,2026-06-24,8,17,15,5,3,144
LMS005552,STU00278,2026-02-14,6,100,7,3,3,118
LMS005553,STU00278,2026-02-15,4,162,3,1,5,154
LMS005554,STU00278,2026-02-01,8,176,14,2,5,95
LMS005555,STU00278,2026-03-16,3,32,7,3,4,15
LMS005556,STU00278,2026-06-25,6,176,7,2,5,203
LMS005557,STU00278,2026-03-22,3,149,13,5,0,134
LMS005558,STU00278,2026-06-27,2,3,9,3,2,216
LMS005559,STU00278,2026-04-09,8,111,8,1,1,153
LMS005560,STU00278,2026-05-28,6,122,9,5,3,12
LMS005561,STU00279,2026-04-18,6,152,11,3,3,123
LMS005562,STU00279,2026-03-02,0,12,11,2,3,38
LMS005563,STU00279,2026-06-10,2,120,8,4,2,196
LMS005564,STU00279,2026-04-12,5,18,7,5,4,176
LMS005565,STU00279,2026-02-18,2,47,15,3,1,25
LMS005566,STU00279,2026-04-03,3,75,7,0,4,172
LMS005567,STU00279,2026-05-24,8,136,6,0,4,199
LMS005568,STU00279,2026-01-23,6,54,1,0,2,194
LMS005569,STU00279,2026-06-09,3,164,13,3,4,14
LMS005570,STU00279,2026-02-13,5,82,6,2,3,41
LMS005571,STU00279,2026-02-09,1,126,5,5,0,98
LMS005572,STU00279,2026-01-07,1,133,9,3,1,224
LMS005573,STU00279,2026-06-26,8,3,3,3,4,174
LMS005574,STU00279,2026-01-16,8,41,11,0,2,161
LMS005575,STU00279,2026-06-04,8,21,2,0,1,198
LMS005576,STU00279,2026-05-15,2,25,1,5,4,155
LMS005577,STU00279,2026-04-28,0,79,4,5,2,102
LMS005578,STU00279,2026-01-27,8,117,7,1,4,232
LMS005579,STU00279,2026-02-10,6,55,6,1,4,124
LMS005580,STU00279,2026-05-18,8,6,10,1,4,42
LMS005581,STU00280,2026-02-17,7,76,11,5,2,26
LMS005582,STU00280,2026-05-20,4,103,4,1,4,17
LMS005583,STU00280,2026-06-13,6,177,13,5,3,7
LMS005584,STU00280,2026-05-21,1,1,12,3,4,216
LMS005585,STU00280,2026-02-10,1,89,4,3,3,190
LMS005586,STU00280,2026-04-09,7,147,3,4,1,187
LMS005587,STU00280,2026-01-03,0,128,0,1,2,170
LMS005588,STU00280,2026-03-08,2,160,6,5,1,39
LMS005589,STU00280,2026-02-19,6,179,8,3,2,130
LMS005590,STU00280,2026-01-14,4,103,14,2,1,151
LMS005591,STU00280,2026-01-07,4,23,1,2,2,31
LMS005592,STU00280,2026-05-11,4,58,8,1,3,85
LMS005593,STU00280,2026-01-17,6,72,2,0,1,0
LMS005594,STU00280,2026-03-27,7,128,0,5,0,155
LMS005595,STU00280,2026-05-12,8,79,0,2,1,172
LMS005596,STU00280,2026-03-06,1,98,6,5,2,230
LMS005597,STU00280,2026-01-02,4,162,12,2,3,231
LMS005598,STU00280,2026-03-31,2,74,4,5,1,204
LMS005599,STU00280,2026-06-06,7,123,9,5,0,151
LMS005600,STU00280,2026-06-13,5,76,1,0,3,125
LMS005601,STU00281,2026-05-30,0,56,8,2,3,12
LMS005602,STU00281,2026-03-06,0,137,15,2,0,185
LMS005603,STU00281,2026-03-24,2,144,7,3,3,167
LMS005604,STU00281,2026-06-02,2,82,10,4,5,231
LMS005605,STU00281,2026-03-02,6,77,1,1,3,131
LMS005606,STU00281,2026-05-21,0,139,10,2,2,96
LMS005607,STU00281,2026-06-24,6,172,7,1,3,61
LMS005608,STU00281,2026-05-29,6,131,13,1,0,212
LMS005609,STU00281,2026-01-26,6,96,11,5,4,121
LMS005610,STU00281,2026-04-14,1,101,6,1,5,163
LMS005611,STU00281,2026-04-06,4,127,10,0,1,233
LMS005612,STU00281,2026-02-03,3,85,2,1,0,78
LMS005613,STU00281,2026-04-11,8,17,12,4,2,91
LMS005614,STU00281,2026-01-04,7,60,13,0,2,107
LMS005615,STU00281,2026-04-09,5,107,14,1,0,35
LMS005616,STU00281,2026-05-27,6,2,8,2,1,117
LMS005617,STU00281,2026-01-11,8,150,0,2,4,223
LMS005618,STU00281,2026-01-05,0,143,9,3,2,94
LMS005619,STU00281,2026-01-02,1,155,14,2,5,146
LMS005620,STU00281,2026-04-28,5,106,5,5,2,113
LMS005621,STU00282,2026-04-09,5,62,9,5,4,136
LMS005622,STU00282,2026-01-30,2,59,0,1,5,170
LMS005623,STU00282,2026-03-05,6,133,3,1,4,35
LMS005624,STU00282,2026-03-04,0,100,15,4,5,184
LMS005625,STU00282,2026-04-29,1,33,1,1,0,152
LMS005626,STU00282,2026-05-28,2,149,14,4,3,204
LMS005627,STU00282,2026-01-08,4,28,6,3,5,83
LMS005628,STU00282,2026-04-15,2,150,1,3,3,229
LMS005629,STU00282,2026-01-13,6,144,9,4,2,85
LMS005630,STU00282,2026-01-02,4,10,15,5,4,115
LMS005631,STU00282,2026-03-30,6,151,15,3,2,219
LMS005632,STU00282,2026-03-07,6,7,2,3,4,128
LMS005633,STU00282,2026-06-20,8,48,15,4,0,161
LMS005634,STU00282,2026-05-03,5,52,4,2,4,79
LMS005635,STU00282,2026-05-02,4,107,11,1,4,183
LMS005636,STU00282,2026-06-21,1,102,8,2,3,170
LMS005637,STU00282,2026-02-04,5,84,3,2,5,80
LMS005638,STU00282,2026-05-02,6,129,1,1,5,109
LMS005639,STU00282,2026-01-30,6,7,10,5,0,18
LMS005640,STU00282,2026-02-14,1,160,0,2,0,83
LMS005641,STU00283,2026-06-05,6,113,8,1,1,229
LMS005642,STU00283,2026-04-24,6,51,6,4,3,39
LMS005643,STU00283,2026-03-23,2,118,12,1,5,167
LMS005644,STU00283,2026-02-26,6,120,3,2,3,141
LMS005645,STU00283,2026-02-23,0,39,15,2,1,32
LMS005646,STU00283,2026-03-25,6,113,7,2,5,142
LMS005647,STU00283,2026-05-17,6,149,4,3,1,90
LMS005648,STU00283,2026-06-22,8,146,4,2,2,133
LMS005649,STU00283,2026-04-26,0,4,15,0,0,18
LMS005650,STU00283,2026-04-16,8,12,5,5,0,79
LMS005651,STU00283,2026-04-26,1,51,12,0,1,116
LMS005652,STU00283,2026-01-04,4,28,2,0,1,178
LMS005653,STU00283,2026-05-18,3,112,1,3,2,157
LMS005654,STU00283,2026-06-20,2,179,9,0,3,155
LMS005655,STU00283,2026-04-30,2,143,1,4,5,119
LMS005656,STU00283,2026-02-13,2,51,14,5,3,81
LMS005657,STU00283,2026-01-23,6,120,0,5,3,191
LMS005658,STU00283,2026-01-23,7,93,12,2,3,52
LMS005659,STU00283,2026-06-16,2,7,6,3,2,125
LMS005660,STU00283,2026-06-15,0,26,3,2,5,187
LMS005661,STU00284,2026-03-09,6,54,2,5,2,230
LMS005662,STU00284,2026-03-01,5,50,2,2,2,138
LMS005663,STU00284,2026-04-23,5,154,1,0,5,186
LMS005664,STU00284,2026-02-11,6,13,6,5,2,6
LMS005665,STU00284,2026-04-24,0,167,7,2,2,47
LMS005666,STU00284,2026-06-05,4,14,1,5,2,161
LMS005667,STU00284,2026-05-23,6,11,10,3,2,75
LMS005668,STU00284,2026-06-24,1,4,6,4,1,175
LMS005669,STU00284,2026-05-12,8,64,11,4,0,70
LMS005670,STU00284,2026-01-15,6,159,1,0,3,132
LMS005671,STU00284,2026-01-13,3,99,1,0,5,150
LMS005672,STU00284,2026-03-08,2,116,0,0,2,7
LMS005673,STU00284,2026-01-03,2,46,6,0,4,149
LMS005674,STU00284,2026-03-04,4,62,4,2,3,201
LMS005675,STU00284,2026-01-23,3,12,14,2,1,105
LMS005676,STU00284,2026-05-10,4,47,1,0,0,217
LMS005677,STU00284,2026-04-14,2,22,9,2,5,121
LMS005678,STU00284,2026-01-30,1,39,9,0,5,123
LMS005679,STU00284,2026-04-21,3,57,15,1,1,134
LMS005680,STU00284,2026-04-03,4,12,2,2,1,239
LMS005681,STU00285,2026-04-03,5,102,8,2,2,205
LMS005682,STU00285,2026-02-09,5,8,15,1,0,79
LMS005683,STU00285,2026-01-13,0,151,11,4,4,156
LMS005684,STU00285,2026-04-15,0,120,3,4,2,202
LMS005685,STU00285,2026-04-19,2,43,1,2,2,51
LMS005686,STU00285,2026-04-26,5,117,6,0,3,80
LMS005687,STU00285,2026-01-01,3,108,4,4,1,204
LMS005688,STU00285,2026-01-28,5,120,1,2,5,26
LMS005689,STU00285,2026-06-06,6,93,5,3,2,168
LMS005690,STU00285,2026-04-27,2,158,3,4,3,36
LMS005691,STU00285,2026-01-08,1,88,13,2,0,77
LMS005692,STU00285,2026-01-05,1,126,4,3,1,57
LMS005693,STU00285,2026-03-27,2,132,1,0,3,151
LMS005694,STU00285,2026-04-01,8,137,8,3,1,206
LMS005695,STU00285,2026-04-06,1,32,1,4,4,78
LMS005696,STU00285,2026-06-06,7,166,1,4,1,32
LMS005697,STU00285,2026-01-14,2,52,10,2,3,9
LMS005698,STU00285,2026-05-06,3,120,3,4,2,106
LMS005699,STU00285,2026-06-08,2,163,5,4,0,12
LMS005700,STU00285,2026-01-05,4,123,8,4,3,113
LMS005701,STU00286,2026-04-21,4,164,12,5,1,188
LMS005702,STU00286,2026-02-09,5,16,2,5,0,33
LMS005703,STU00286,2026-02-22,4,87,15,1,1,145
LMS005704,STU00286,2026-03-08,0,96,13,4,1,104
LMS005705,STU00286,2026-01-21,7,93,2,0,2,45
LMS005706,STU00286,2026-06-25,6,77,15,0,5,83
LMS005707,STU00286,2026-01-18,4,52,2,2,3,204
LMS005708,STU00286,2026-04-18,3,42,3,2,5,187
LMS005709,STU00286,2026-01-13,4,67,12,1,2,7
LMS005710,STU00286,2026-05-21,3,78,4,2,5,87
LMS005711,STU00286,2026-06-22,4,139,0,4,3,132
LMS005712,STU00286,2026-01-02,7,39,12,0,5,36
LMS005713,STU00286,2026-01-13,1,95,1,3,1,150
LMS005714,STU00286,2026-03-21,6,13,5,2,0,206
LMS005715,STU00286,2026-05-08,8,82,5,0,4,71
LMS005716,STU00286,2026-06-18,3,143,14,4,3,228
LMS005717,STU00286,2026-05-16,3,169,2,2,2,6
LMS005718,STU00286,2026-03-19,5,84,14,2,5,23
LMS005719,STU00286,2026-05-03,0,57,10,0,3,132
LMS005720,STU00286,2026-06-14,6,20,1,3,1,240
LMS005721,STU00287,2026-04-04,5,161,4,2,4,198
LMS005722,STU00287,2026-01-01,3,102,12,1,4,144
LMS005723,STU00287,2026-05-12,0,27,13,2,0,18
LMS005724,STU00287,2026-05-22,7,62,15,5,5,14
LMS005725,STU00287,2026-06-01,5,142,12,4,4,34
LMS005726,STU00287,2026-06-25,4,93,3,4,0,101
LMS005727,STU00287,2026-03-14,4,122,5,1,3,166
LMS005728,STU00287,2026-02-01,1,107,11,4,2,92
LMS005729,STU00287,2026-05-13,1,144,8,4,5,133
LMS005730,STU00287,2026-06-11,1,165,13,1,2,82
LMS005731,STU00287,2026-06-07,4,5,7,0,4,81
LMS005732,STU00287,2026-06-18,7,153,13,4,3,30
LMS005733,STU00287,2026-04-27,1,80,15,0,3,28
LMS005734,STU00287,2026-02-27,3,165,10,1,4,81
LMS005735,STU00287,2026-03-05,4,51,8,2,2,147
LMS005736,STU00287,2026-06-04,4,82,5,3,2,65
LMS005737,STU00287,2026-06-25,3,177,14,2,1,44
LMS005738,STU00287,2026-05-08,0,64,7,5,0,231
LMS005739,STU00287,2026-05-25,4,55,13,3,4,91
LMS005740,STU00287,2026-06-17,0,22,2,5,0,79
LMS005741,STU00288,2026-06-27,5,0,15,2,4,147
LMS005742,STU00288,2026-02-05,3,84,7,0,2,89
LMS005743,STU00288,2026-05-15,2,22,10,3,5,212
LMS005744,STU00288,2026-01-22,3,110,13,4,4,29
LMS005745,STU00288,2026-01-04,7,44,14,2,5,42
LMS005746,STU00288,2026-01-15,5,117,2,1,0,144
LMS005747,STU00288,2026-06-24,2,15,14,2,2,109
LMS005748,STU00288,2026-05-02,4,121,12,4,5,240
LMS005749,STU00288,2026-02-19,4,109,3,2,1,47
LMS005750,STU00288,2026-04-22,6,145,4,0,2,16
LMS005751,STU00288,2026-02-16,5,15,11,5,0,155
LMS005752,STU00288,2026-02-21,2,32,3,0,2,177
LMS005753,STU00288,2026-05-15,2,2,9,2,4,47
LMS005754,STU00288,2026-06-19,8,129,13,1,5,84
LMS005755,STU00288,2026-04-20,4,102,11,2,3,26
LMS005756,STU00288,2026-05-29,8,85,6,1,0,168
LMS005757,STU00288,2026-04-30,6,26,7,0,1,211
LMS005758,STU00288,2026-01-23,5,75,15,5,4,116
LMS005759,STU00288,2026-02-12,1,152,14,4,1,115
LMS005760,STU00288,2026-03-21,4,28,8,2,1,141
LMS005761,STU00289,2026-03-01,1,38,5,0,2,192
LMS005762,STU00289,2026-01-29,6,154,5,3,3,231
LMS005763,STU00289,2026-05-31,3,0,9,5,0,220
LMS005764,STU00289,2026-02-28,6,0,12,0,2,34
LMS005765,STU00289,2026-03-19,3,58,10,1,5,183
LMS005766,STU00289,2026-02-14,1,77,7,4,0,217
LMS005767,STU00289,2026-02-20,4,150,14,1,5,93
LMS005768,STU00289,2026-04-15,2,10,15,2,5,165
LMS005769,STU00289,2026-04-20,4,109,13,1,4,63
LMS005770,STU00289,2026-04-09,6,86,13,0,1,149
LMS005771,STU00289,2026-03-15,6,15,9,5,5,136
LMS005772,STU00289,2026-02-27,6,134,8,4,2,127
LMS005773,STU00289,2026-06-14,5,77,9,2,4,12
LMS005774,STU00289,2026-04-20,4,176,10,3,2,144
LMS005775,STU00289,2026-01-01,0,68,5,0,5,19
LMS005776,STU00289,2026-06-18,3,74,11,2,5,43
LMS005777,STU00289,2026-01-24,8,164,5,4,4,119
LMS005778,STU00289,2026-01-12,0,45,5,0,4,226
LMS005779,STU00289,2026-03-28,1,152,12,2,0,51
LMS005780,STU00289,2026-01-22,0,90,10,4,3,191
LMS005781,STU00290,2026-02-25,7,98,1,2,4,189
LMS005782,STU00290,2026-04-20,8,77,7,4,2,62
LMS005783,STU00290,2026-02-14,3,23,3,3,5,16
LMS005784,STU00290,2026-02-06,6,41,12,3,0,68
LMS005785,STU00290,2026-04-04,5,151,11,1,4,164
LMS005786,STU00290,2026-01-15,6,91,12,4,0,73
LMS005787,STU00290,2026-02-08,1,152,6,2,2,21
LMS005788,STU00290,2026-06-24,0,114,14,2,4,166
LMS005789,STU00290,2026-03-31,1,37,13,3,3,82
LMS005790,STU00290,2026-04-26,5,4,9,5,1,229
LMS005791,STU00290,2026-02-18,2,93,3,5,4,173
LMS005792,STU00290,2026-06-10,2,97,1,0,5,187
LMS005793,STU00290,2026-05-22,7,104,2,3,0,47
LMS005794,STU00290,2026-04-03,0,162,2,3,5,12
LMS005795,STU00290,2026-05-29,0,130,12,5,0,85
LMS005796,STU00290,2026-04-16,7,171,11,5,4,110
LMS005797,STU00290,2026-04-27,2,33,4,5,4,210
LMS005798,STU00290,2026-06-28,7,93,6,5,5,48
LMS005799,STU00290,2026-04-04,7,58,14,3,2,11
LMS005800,STU00290,2026-01-08,0,44,3,2,5,104
LMS005801,STU00291,2026-04-19,0,29,3,1,3,187
LMS005802,STU00291,2026-03-10,2,1,0,2,4,14
LMS005803,STU00291,2026-04-24,4,155,4,1,0,119
LMS005804,STU00291,2026-03-21,7,25,12,3,3,147
LMS005805,STU00291,2026-03-13,3,110,14,5,0,170
LMS005806,STU00291,2026-01-09,3,169,0,2,1,219
LMS005807,STU00291,2026-01-05,8,125,15,5,4,110
LMS005808,STU00291,2026-03-20,2,105,11,0,4,196
LMS005809,STU00291,2026-01-01,5,121,6,4,4,41
LMS005810,STU00291,2026-03-02,6,26,3,5,5,54
LMS005811,STU00291,2026-03-30,1,177,9,1,2,142
LMS005812,STU00291,2026-04-15,2,115,2,2,0,105
LMS005813,STU00291,2026-01-03,5,42,8,2,1,226
LMS005814,STU00291,2026-06-14,8,68,4,3,3,138
LMS005815,STU00291,2026-05-10,6,88,1,4,4,16
LMS005816,STU00291,2026-06-07,7,40,8,4,2,9
LMS005817,STU00291,2026-01-08,2,61,8,1,0,99
LMS005818,STU00291,2026-04-30,5,24,13,4,0,177
LMS005819,STU00291,2026-04-23,6,31,4,3,0,196
LMS005820,STU00291,2026-02-02,4,92,11,1,2,208
LMS005821,STU00292,2026-05-05,0,44,9,2,0,62
LMS005822,STU00292,2026-06-08,5,142,10,0,0,167
LMS005823,STU00292,2026-02-27,8,5,12,4,0,188
LMS005824,STU00292,2026-02-16,6,155,8,5,3,119
LMS005825,STU00292,2026-02-22,1,150,14,3,1,202
LMS005826,STU00292,2026-06-29,2,93,7,4,0,166
LMS005827,STU00292,2026-05-14,0,109,5,3,1,86
LMS005828,STU00292,2026-05-24,5,166,6,1,4,52
LMS005829,STU00292,2026-02-09,2,37,14,4,0,203
LMS005830,STU00292,2026-03-11,7,139,6,2,1,58
LMS005831,STU00292,2026-03-24,8,92,3,2,0,57
LMS005832,STU00292,2026-02-21,1,126,10,3,3,114
LMS005833,STU00292,2026-06-13,4,176,1,3,2,103
LMS005834,STU00292,2026-06-23,5,14,13,3,5,167
LMS005835,STU00292,2026-05-16,7,27,6,2,3,219
LMS005836,STU00292,2026-01-28,5,148,9,2,2,218
LMS005837,STU00292,2026-05-20,5,27,15,3,1,201
LMS005838,STU00292,2026-05-29,1,87,5,2,5,185
LMS005839,STU00292,2026-05-06,7,147,10,0,2,123
LMS005840,STU00292,2026-04-22,0,101,2,1,3,133
LMS005841,STU00293,2026-01-02,7,106,3,1,5,229
LMS005842,STU00293,2026-02-03,4,165,10,3,3,21
LMS005843,STU00293,2026-01-13,7,159,15,2,3,133
LMS005844,STU00293,2026-03-01,8,99,1,4,5,46
LMS005845,STU00293,2026-04-16,1,34,4,5,2,103
LMS005846,STU00293,2026-06-23,5,46,12,3,5,159
LMS005847,STU00293,2026-05-25,3,26,1,2,4,178
LMS005848,STU00293,2026-05-31,7,136,11,1,1,32
LMS005849,STU00293,2026-01-09,1,31,12,0,4,8
LMS005850,STU00293,2026-05-30,1,8,14,2,5,147
LMS005851,STU00293,2026-04-07,4,173,8,1,3,59
LMS005852,STU00293,2026-05-14,7,175,8,0,3,34
LMS005853,STU00293,2026-05-09,0,146,8,3,3,7
LMS005854,STU00293,2026-06-12,3,133,2,0,5,83
LMS005855,STU00293,2026-03-28,8,111,11,5,5,133
LMS005856,STU00293,2026-04-17,0,110,6,1,3,151
LMS005857,STU00293,2026-05-02,5,66,14,0,5,74
LMS005858,STU00293,2026-05-27,7,59,13,2,5,200
LMS005859,STU00293,2026-02-11,4,59,10,0,5,238
LMS005860,STU00293,2026-01-08,4,46,4,1,4,87
LMS005861,STU00294,2026-05-15,3,25,8,4,4,80
LMS005862,STU00294,2026-05-02,3,160,9,4,5,27
LMS005863,STU00294,2026-05-01,6,121,4,5,5,0
LMS005864,STU00294,2026-04-07,8,71,7,1,2,189
LMS005865,STU00294,2026-06-03,8,76,15,0,3,213
LMS005866,STU00294,2026-02-14,7,21,0,0,2,175
LMS005867,STU00294,2026-05-20,7,127,5,5,0,63
LMS005868,STU00294,2026-05-24,7,114,5,3,0,38
LMS005869,STU00294,2026-01-12,4,131,2,0,0,212
LMS005870,STU00294,2026-02-19,2,7,14,5,5,151
LMS005871,STU00294,2026-06-01,1,74,9,3,4,73
LMS005872,STU00294,2026-01-16,4,88,8,1,3,159
LMS005873,STU00294,2026-01-23,1,50,11,3,3,14
LMS005874,STU00294,2026-03-16,3,0,9,5,5,91
LMS005875,STU00294,2026-04-18,8,83,14,2,0,192
LMS005876,STU00294,2026-06-01,0,88,0,3,3,223
LMS005877,STU00294,2026-06-20,1,130,2,2,4,231
LMS005878,STU00294,2026-06-25,8,76,3,1,1,194
LMS005879,STU00294,2026-01-18,8,167,12,0,0,73
LMS005880,STU00294,2026-02-01,7,35,11,2,1,221
LMS005881,STU00295,2026-01-27,7,35,12,1,2,23
LMS005882,STU00295,2026-04-19,8,6,15,0,4,117
LMS005883,STU00295,2026-02-10,8,132,2,4,1,150
LMS005884,STU00295,2026-02-10,8,8,3,3,2,168
LMS005885,STU00295,2026-04-20,4,35,5,1,0,71
LMS005886,STU00295,2026-06-15,0,135,6,4,1,210
LMS005887,STU00295,2026-06-06,6,110,3,1,5,59
LMS005888,STU00295,2026-05-16,8,87,10,2,3,232
LMS005889,STU00295,2026-04-01,6,28,2,5,2,213
LMS005890,STU00295,2026-06-18,5,3,3,2,3,52
LMS005891,STU00295,2026-02-18,8,89,13,2,0,24
LMS005892,STU00295,2026-02-18,8,10,11,5,3,102
LMS005893,STU00295,2026-02-03,7,67,3,3,3,228
LMS005894,STU00295,2026-05-25,8,30,1,2,4,139
LMS005895,STU00295,2026-06-07,6,122,13,5,1,89
LMS005896,STU00295,2026-05-04,3,81,7,0,2,113
LMS005897,STU00295,2026-02-18,6,175,11,0,3,5
LMS005898,STU00295,2026-05-11,5,37,10,4,1,147
LMS005899,STU00295,2026-01-23,3,142,13,1,4,121
LMS005900,STU00295,2026-05-31,8,69,14,0,3,83
LMS005901,STU00296,2026-01-28,2,68,5,5,5,14
LMS005902,STU00296,2026-01-21,1,141,3,4,4,187
LMS005903,STU00296,2026-03-08,5,83,2,0,0,70
LMS005904,STU00296,2026-05-02,3,60,5,4,2,123
LMS005905,STU00296,2026-05-01,5,13,13,2,4,82
LMS005906,STU00296,2026-04-15,7,170,4,4,1,127
LMS005907,STU00296,2026-05-31,8,130,9,5,0,193
LMS005908,STU00296,2026-01-22,2,98,15,3,3,166
LMS005909,STU00296,2026-06-11,5,11,5,2,0,15
LMS005910,STU00296,2026-04-28,4,167,6,3,5,28
LMS005911,STU00296,2026-05-07,3,106,1,0,3,177
LMS005912,STU00296,2026-03-11,4,83,1,5,1,52
LMS005913,STU00296,2026-03-07,8,22,2,4,5,124
LMS005914,STU00296,2026-03-05,5,174,4,1,5,129
LMS005915,STU00296,2026-02-28,5,0,3,1,4,171
LMS005916,STU00296,2026-06-02,0,95,8,1,4,19
LMS005917,STU00296,2026-05-16,8,152,9,2,2,173
LMS005918,STU00296,2026-04-30,3,150,3,2,2,128
LMS005919,STU00296,2026-05-24,8,89,10,3,2,81
LMS005920,STU00296,2026-05-06,5,1,1,5,5,221
LMS005921,STU00297,2026-03-08,4,116,4,5,2,79
LMS005922,STU00297,2026-04-28,5,36,15,4,3,22
LMS005923,STU00297,2026-06-24,5,54,15,0,2,164
LMS005924,STU00297,2026-03-27,4,33,4,5,1,208
LMS005925,STU00297,2026-06-08,3,141,15,3,5,14
LMS005926,STU00297,2026-03-03,2,117,2,5,0,237
LMS005927,STU00297,2026-05-11,0,107,15,2,1,238
LMS005928,STU00297,2026-01-31,4,76,0,4,0,11
LMS005929,STU00297,2026-03-01,1,95,14,1,3,29
LMS005930,STU00297,2026-05-20,1,101,3,5,2,29
LMS005931,STU00297,2026-06-16,5,19,14,5,2,43
LMS005932,STU00297,2026-01-31,2,34,2,4,2,106
LMS005933,STU00297,2026-03-17,4,32,4,2,1,27
LMS005934,STU00297,2026-03-26,2,159,0,5,2,129
LMS005935,STU00297,2026-04-22,6,121,13,3,1,211
LMS005936,STU00297,2026-04-14,6,59,3,5,3,82
LMS005937,STU00297,2026-05-27,2,63,1,1,4,71
LMS005938,STU00297,2026-06-16,5,4,1,3,1,130
LMS005939,STU00297,2026-04-10,6,65,15,4,1,193
LMS005940,STU00297,2026-06-10,6,173,1,3,5,104
LMS005941,STU00298,2026-01-17,7,158,0,2,0,117
LMS005942,STU00298,2026-01-13,6,167,4,3,1,74
LMS005943,STU00298,2026-01-05,8,162,2,0,1,34
LMS005944,STU00298,2026-01-13,6,44,3,3,5,30
LMS005945,STU00298,2026-02-20,3,140,14,2,2,31
LMS005946,STU00298,2026-03-12,4,28,5,0,5,65
LMS005947,STU00298,2026-01-21,6,70,6,2,4,152
LMS005948,STU00298,2026-05-08,4,144,15,3,0,83
LMS005949,STU00298,2026-01-14,6,114,11,5,0,95
LMS005950,STU00298,2026-03-10,2,65,0,1,4,122
LMS005951,STU00298,2026-02-02,8,4,15,4,0,185
LMS005952,STU00298,2026-06-13,1,32,3,1,4,129
LMS005953,STU00298,2026-06-05,4,65,7,5,5,8
LMS005954,STU00298,2026-04-13,5,159,13,2,2,132
LMS005955,STU00298,2026-01-03,7,32,15,5,0,213
LMS005956,STU00298,2026-04-29,6,43,2,4,2,148
LMS005957,STU00298,2026-03-05,5,84,13,0,1,145
LMS005958,STU00298,2026-04-26,7,105,6,0,4,24
LMS005959,STU00298,2026-06-01,0,143,6,1,5,184
LMS005960,STU00298,2026-04-08,2,31,4,1,1,223
LMS005961,STU00299,2026-01-27,5,159,2,4,2,41
LMS005962,STU00299,2026-05-12,4,106,4,4,3,157
LMS005963,STU00299,2026-06-20,0,23,8,3,1,122
LMS005964,STU00299,2026-03-30,0,155,12,1,4,119
LMS005965,STU00299,2026-04-11,2,130,13,0,4,89
LMS005966,STU00299,2026-04-08,8,122,14,3,1,22
LMS005967,STU00299,2026-01-31,6,100,15,5,3,172
LMS005968,STU00299,2026-06-06,4,38,10,2,1,237
LMS005969,STU00299,2026-06-15,4,10,10,3,4,53
LMS005970,STU00299,2026-03-18,6,168,2,1,0,68
LMS005971,STU00299,2026-04-24,1,81,0,0,2,91
LMS005972,STU00299,2026-06-02,8,133,2,1,5,169
LMS005973,STU00299,2026-04-23,3,100,12,4,2,46
LMS005974,STU00299,2026-05-13,4,143,1,2,3,35
LMS005975,STU00299,2026-01-12,4,122,9,4,1,57
LMS005976,STU00299,2026-06-08,3,91,7,0,3,99
LMS005977,STU00299,2026-04-12,4,3,4,0,3,171
LMS005978,STU00299,2026-05-23,2,179,6,0,5,71
LMS005979,STU00299,2026-02-26,4,68,10,2,2,233
LMS005980,STU00299,2026-06-12,6,67,6,2,4,76
LMS005981,STU00300,2026-01-28,6,147,8,4,5,220
LMS005982,STU00300,2026-03-22,8,31,9,1,2,222
LMS005983,STU00300,2026-02-06,5,45,1,4,3,28
LMS005984,STU00300,2026-02-16,4,145,8,0,5,191
LMS005985,STU00300,2026-01-31,7,76,15,5,2,223
LMS005986,STU00300,2026-01-20,3,105,1,0,0,29
LMS005987,STU00300,2026-04-02,7,57,3,0,0,179
LMS005988,STU00300,2026-03-05,0,117,13,3,2,76
LMS005989,STU00300,2026-04-24,2,169,12,5,2,19
LMS005990,STU00300,2026-01-09,7,136,15,5,3,202
LMS005991,STU00300,2026-03-21,6,22,9,5,3,57
LMS005992,STU00300,2026-02-26,7,119,15,2,1,57
LMS005993,STU00300,2026-03-06,8,99,9,5,0,121
LMS005994,STU00300,2026-01-28,5,82,10,2,3,169
LMS005995,STU00300,2026-06-20,0,90,13,1,5,37
LMS005996,STU00300,2026-02-02,4,63,12,0,0,194
LMS005997,STU00300,2026-02-09,1,37,13,3,2,28
LMS005998,STU00300,2026-06-04,0,141,12,5,3,79
LMS005999,STU00300,2026-04-23,1,88,15,5,4,227
LMS006000,STU00300,2026-04-24,5,100,5,4,1,89
LMS006001,STU00301,2026-01-12,5,123,2,4,2,69
LMS006002,STU00301,2026-04-08,6,123,7,1,5,93
LMS006003,STU00301,2026-03-26,2,147,6,3,0,188
LMS006004,STU00301,2026-06-21,8,93,5,2,2,72
LMS006005,STU00301,2026-04-29,7,61,4,3,2,120
LMS006006,STU00301,2026-06-03,4,12,13,0,3,114
LMS006007,STU00301,2026-01-15,0,91,10,5,2,178
LMS006008,STU00301,2026-03-17,2,74,13,5,5,65
LMS006009,STU00301,2026-04-11,2,4,7,2,3,36
LMS006010,STU00301,2026-02-10,0,93,6,2,1,152
LMS006011,STU00301,2026-02-01,1,28,13,5,1,75
LMS006012,STU00301,2026-05-10,3,172,15,5,3,119
LMS006013,STU00301,2026-02-14,5,95,4,4,5,188
LMS006014,STU00301,2026-02-12,2,59,8,3,0,81
LMS006015,STU00301,2026-04-26,0,84,0,3,2,7
LMS006016,STU00301,2026-02-11,6,9,15,1,4,28
LMS006017,STU00301,2026-05-07,0,80,4,1,3,150
LMS006018,STU00301,2026-01-22,8,70,2,1,1,145
LMS006019,STU00301,2026-02-26,5,3,0,5,4,34
LMS006020,STU00301,2026-03-27,8,4,6,5,1,116
LMS006021,STU00302,2026-04-11,5,74,9,0,5,42
LMS006022,STU00302,2026-03-01,8,167,5,3,1,64
LMS006023,STU00302,2026-03-11,1,35,13,3,3,14
LMS006024,STU00302,2026-02-28,8,116,0,4,1,133
LMS006025,STU00302,2026-04-09,5,36,13,5,1,15
LMS006026,STU00302,2026-06-18,7,165,6,0,2,157
LMS006027,STU00302,2026-01-13,2,27,15,2,1,162
LMS006028,STU00302,2026-05-14,5,27,9,2,0,100
LMS006029,STU00302,2026-01-09,5,52,10,2,1,46
LMS006030,STU00302,2026-03-28,5,34,3,3,5,214
LMS006031,STU00302,2026-05-16,0,13,8,3,4,126
LMS006032,STU00302,2026-04-03,5,135,10,1,3,136
LMS006033,STU00302,2026-02-22,7,4,10,4,5,186
LMS006034,STU00302,2026-05-28,4,86,4,5,0,143
LMS006035,STU00302,2026-05-27,3,5,6,2,5,63
LMS006036,STU00302,2026-02-27,1,72,12,0,4,151
LMS006037,STU00302,2026-06-16,4,127,2,5,5,180
LMS006038,STU00302,2026-04-26,0,173,4,1,0,84
LMS006039,STU00302,2026-05-17,7,64,7,3,5,147
LMS006040,STU00302,2026-03-26,7,133,8,0,5,205
LMS006041,STU00303,2026-04-25,8,120,10,1,5,124
LMS006042,STU00303,2026-04-05,7,133,2,3,5,160
LMS006043,STU00303,2026-06-05,7,47,4,4,3,114
LMS006044,STU00303,2026-01-11,5,0,13,1,2,53
LMS006045,STU00303,2026-03-03,7,3,2,1,2,129
LMS006046,STU00303,2026-06-13,3,173,3,3,4,35
LMS006047,STU00303,2026-06-24,6,140,7,0,3,72
LMS006048,STU00303,2026-03-25,3,147,0,3,2,208
LMS006049,STU00303,2026-05-24,6,56,7,2,1,125
LMS006050,STU00303,2026-01-16,6,90,10,4,3,130
LMS006051,STU00303,2026-03-11,2,30,12,1,1,210
LMS006052,STU00303,2026-01-08,2,70,5,4,1,59
LMS006053,STU00303,2026-03-26,1,29,13,5,5,207
LMS006054,STU00303,2026-01-09,7,149,11,3,3,147
LMS006055,STU00303,2026-02-12,2,156,0,2,0,50
LMS006056,STU00303,2026-05-29,7,21,5,2,5,215
LMS006057,STU00303,2026-02-09,8,109,4,5,3,93
LMS006058,STU00303,2026-02-17,7,18,2,3,3,100
LMS006059,STU00303,2026-05-30,0,165,14,5,4,213
LMS006060,STU00303,2026-02-20,1,19,15,3,0,53
LMS006061,STU00304,2026-06-04,3,89,9,2,3,196
LMS006062,STU00304,2026-05-27,3,139,0,0,4,226
LMS006063,STU00304,2026-02-08,1,5,14,5,3,53
LMS006064,STU00304,2026-01-02,2,167,10,1,5,123
LMS006065,STU00304,2026-04-12,1,131,14,3,5,223
LMS006066,STU00304,2026-02-28,6,22,9,0,4,77
LMS006067,STU00304,2026-03-30,2,73,6,3,2,227
LMS006068,STU00304,2026-03-31,5,151,0,5,4,143
LMS006069,STU00304,2026-04-12,2,59,5,3,1,14
LMS006070,STU00304,2026-06-18,0,114,9,0,4,143
LMS006071,STU00304,2026-02-17,2,160,5,1,1,39
LMS006072,STU00304,2026-04-19,4,59,9,0,5,157
LMS006073,STU00304,2026-01-06,2,83,11,1,4,232
LMS006074,STU00304,2026-05-30,8,11,10,4,2,161
LMS006075,STU00304,2026-05-19,6,70,5,0,4,91
LMS006076,STU00304,2026-04-20,4,29,10,3,3,213
LMS006077,STU00304,2026-06-05,0,5,12,1,0,173
LMS006078,STU00304,2026-02-01,4,78,13,4,2,163
LMS006079,STU00304,2026-01-10,1,137,6,2,2,206
LMS006080,STU00304,2026-05-30,7,86,11,2,5,32
LMS006081,STU00305,2026-05-04,4,109,2,2,0,67
LMS006082,STU00305,2026-02-05,1,3,7,2,0,204
LMS006083,STU00305,2026-03-04,5,47,0,4,3,150
LMS006084,STU00305,2026-04-12,5,24,3,0,5,197
LMS006085,STU00305,2026-03-04,1,46,6,4,0,195
LMS006086,STU00305,2026-02-24,3,146,0,0,2,65
LMS006087,STU00305,2026-02-08,4,178,2,4,3,84
LMS006088,STU00305,2026-01-24,5,130,1,5,3,167
LMS006089,STU00305,2026-01-13,2,78,2,4,3,9
LMS006090,STU00305,2026-01-11,7,156,15,1,2,65
LMS006091,STU00305,2026-06-19,6,86,0,3,2,24
LMS006092,STU00305,2026-02-03,6,11,6,5,5,96
LMS006093,STU00305,2026-04-02,8,50,7,0,5,110
LMS006094,STU00305,2026-03-06,5,40,7,0,0,6
LMS006095,STU00305,2026-06-11,5,127,7,5,2,207
LMS006096,STU00305,2026-03-12,5,176,0,5,4,85
LMS006097,STU00305,2026-06-17,7,86,15,1,4,174
LMS006098,STU00305,2026-02-22,8,75,1,0,3,180
LMS006099,STU00305,2026-06-01,0,118,10,3,3,212
LMS006100,STU00305,2026-02-08,3,132,11,3,1,148
LMS006101,STU00306,2026-03-15,4,40,2,1,3,239
LMS006102,STU00306,2026-01-31,3,128,1,4,3,45
LMS006103,STU00306,2026-04-22,0,126,13,0,1,142
LMS006104,STU00306,2026-03-23,4,61,15,1,4,50
LMS006105,STU00306,2026-04-25,4,105,1,2,2,203
LMS006106,STU00306,2026-04-16,3,117,4,3,5,156
LMS006107,STU00306,2026-04-23,6,117,11,3,4,182
LMS006108,STU00306,2026-04-25,2,69,6,3,0,12
LMS006109,STU00306,2026-05-09,2,68,1,2,0,151
LMS006110,STU00306,2026-03-09,2,141,10,4,0,136
LMS006111,STU00306,2026-03-09,6,92,3,1,1,114
LMS006112,STU00306,2026-06-19,2,11,11,0,0,105
LMS006113,STU00306,2026-04-13,5,109,12,0,1,92
LMS006114,STU00306,2026-01-02,0,110,1,4,0,132
LMS006115,STU00306,2026-05-22,5,92,8,0,4,116
LMS006116,STU00306,2026-02-26,4,0,11,2,4,164
LMS006117,STU00306,2026-01-30,2,100,1,5,5,198
LMS006118,STU00306,2026-02-10,7,79,0,4,1,72
LMS006119,STU00306,2026-02-01,0,15,15,2,1,115
LMS006120,STU00306,2026-06-22,5,31,3,2,5,231
LMS006121,STU00307,2026-05-12,6,106,12,1,4,87
LMS006122,STU00307,2026-03-03,2,116,1,2,2,31
LMS006123,STU00307,2026-05-17,7,24,3,3,5,112
LMS006124,STU00307,2026-03-25,8,106,3,1,1,185
LMS006125,STU00307,2026-02-05,0,172,4,5,4,187
LMS006126,STU00307,2026-03-16,6,144,2,3,5,151
LMS006127,STU00307,2026-02-28,4,180,14,1,2,50
LMS006128,STU00307,2026-02-10,6,61,14,3,2,71
LMS006129,STU00307,2026-03-30,5,111,13,4,2,203
LMS006130,STU00307,2026-02-10,2,49,4,1,2,185
LMS006131,STU00307,2026-05-12,7,130,14,5,2,26
LMS006132,STU00307,2026-02-10,7,161,6,3,1,84
LMS006133,STU00307,2026-01-02,6,77,8,3,1,59
LMS006134,STU00307,2026-01-13,4,156,12,1,4,231
LMS006135,STU00307,2026-05-22,3,75,2,1,5,223
LMS006136,STU00307,2026-05-17,4,102,5,0,2,222
LMS006137,STU00307,2026-06-17,7,3,7,2,4,160
LMS006138,STU00307,2026-03-13,7,112,8,5,2,128
LMS006139,STU00307,2026-02-06,7,111,7,1,4,4
LMS006140,STU00307,2026-01-25,0,7,9,1,0,23
LMS006141,STU00308,2026-06-15,6,156,11,2,2,41
LMS006142,STU00308,2026-04-28,0,66,6,3,0,42
LMS006143,STU00308,2026-04-03,7,107,5,5,0,153
LMS006144,STU00308,2026-05-24,4,143,4,0,2,13
LMS006145,STU00308,2026-06-16,3,89,3,4,2,61
LMS006146,STU00308,2026-03-07,6,107,0,0,0,66
LMS006147,STU00308,2026-01-30,0,24,13,3,0,185
LMS006148,STU00308,2026-01-17,3,77,7,3,2,233
LMS006149,STU00308,2026-01-07,4,26,0,1,2,28
LMS006150,STU00308,2026-05-23,1,44,6,1,4,132
LMS006151,STU00308,2026-05-16,3,27,13,5,2,143
LMS006152,STU00308,2026-03-28,7,38,6,1,1,208
LMS006153,STU00308,2026-03-09,7,151,1,2,5,59
LMS006154,STU00308,2026-03-03,7,154,7,0,3,216
LMS006155,STU00308,2026-03-20,5,3,14,1,5,149
LMS006156,STU00308,2026-01-12,0,87,3,0,0,170
LMS006157,STU00308,2026-06-05,3,144,3,5,5,116
LMS006158,STU00308,2026-04-28,0,16,12,5,0,239
LMS006159,STU00308,2026-02-17,5,160,14,5,5,78
LMS006160,STU00308,2026-04-26,6,171,0,1,4,178
LMS006161,STU00309,2026-06-27,0,116,4,1,1,83
LMS006162,STU00309,2026-03-01,7,118,8,5,0,97
LMS006163,STU00309,2026-02-07,0,154,11,0,4,204
LMS006164,STU00309,2026-02-24,8,43,7,2,3,33
LMS006165,STU00309,2026-01-27,2,155,0,0,3,72
LMS006166,STU00309,2026-01-23,2,2,3,4,0,143
LMS006167,STU00309,2026-01-26,3,111,4,4,0,174
LMS006168,STU00309,2026-05-20,4,99,12,1,5,205
LMS006169,STU00309,2026-05-23,1,19,4,2,1,182
LMS006170,STU00309,2026-01-12,2,144,15,4,2,55
LMS006171,STU00309,2026-06-05,7,83,8,4,4,119
LMS006172,STU00309,2026-01-01,3,82,13,5,1,189
LMS006173,STU00309,2026-06-13,2,67,12,4,3,138
LMS006174,STU00309,2026-05-28,1,99,14,3,3,120
LMS006175,STU00309,2026-01-10,6,148,14,4,4,190
LMS006176,STU00309,2026-01-19,6,141,7,0,2,136
LMS006177,STU00309,2026-01-09,5,62,3,4,5,164
LMS006178,STU00309,2026-03-29,7,85,0,0,2,127
LMS006179,STU00309,2026-04-05,2,2,13,2,2,172
LMS006180,STU00309,2026-03-05,7,172,10,0,1,229
LMS006181,STU00310,2026-02-12,0,7,9,1,1,195
LMS006182,STU00310,2026-02-05,4,24,11,3,4,141
LMS006183,STU00310,2026-03-27,6,143,13,4,1,147
LMS006184,STU00310,2026-03-04,7,122,7,1,1,52
LMS006185,STU00310,2026-04-14,4,30,15,1,3,168
LMS006186,STU00310,2026-02-19,2,108,8,0,2,217
LMS006187,STU00310,2026-06-06,3,51,2,5,1,105
LMS006188,STU00310,2026-04-05,6,172,14,1,0,119
LMS006189,STU00310,2026-01-17,4,65,15,3,1,170
LMS006190,STU00310,2026-06-05,2,174,12,0,2,187
LMS006191,STU00310,2026-05-27,3,164,15,1,3,51
LMS006192,STU00310,2026-03-28,5,35,12,1,4,68
LMS006193,STU00310,2026-06-21,1,39,15,5,1,158
LMS006194,STU00310,2026-01-13,3,83,1,0,0,43
LMS006195,STU00310,2026-05-31,5,65,8,1,1,167
LMS006196,STU00310,2026-01-25,5,135,8,1,0,74
LMS006197,STU00310,2026-02-26,0,179,1,3,3,0
LMS006198,STU00310,2026-06-01,6,30,8,2,2,49
LMS006199,STU00310,2026-02-18,8,132,13,5,0,134
LMS006200,STU00310,2026-06-29,0,90,15,0,2,150
LMS006201,STU00311,2026-06-03,1,38,14,4,2,68
LMS006202,STU00311,2026-06-11,4,78,15,5,5,36
LMS006203,STU00311,2026-05-17,4,134,10,3,4,32
LMS006204,STU00311,2026-05-01,8,74,1,5,0,194
LMS006205,STU00311,2026-05-12,3,79,12,4,2,164
LMS006206,STU00311,2026-06-23,3,148,15,0,1,239
LMS006207,STU00311,2026-04-11,7,175,4,1,5,150
LMS006208,STU00311,2026-02-10,3,171,10,2,4,79
LMS006209,STU00311,2026-06-04,5,93,10,2,3,52
LMS006210,STU00311,2026-06-25,4,151,12,1,1,104
LMS006211,STU00311,2026-03-09,3,129,9,1,2,32
LMS006212,STU00311,2026-03-20,6,3,3,3,3,91
LMS006213,STU00311,2026-01-23,5,67,2,1,2,19
LMS006214,STU00311,2026-05-10,1,99,11,0,3,96
LMS006215,STU00311,2026-06-05,5,106,12,0,4,38
LMS006216,STU00311,2026-06-20,7,29,12,0,1,185
LMS006217,STU00311,2026-05-30,6,21,8,2,3,3
LMS006218,STU00311,2026-05-07,1,122,6,3,2,230
LMS006219,STU00311,2026-06-19,4,154,8,0,1,40
LMS006220,STU00311,2026-01-18,7,93,8,0,4,15
LMS006221,STU00312,2026-04-14,1,101,11,3,3,235
LMS006222,STU00312,2026-02-11,4,79,10,0,5,44
LMS006223,STU00312,2026-04-27,4,177,11,3,2,46
LMS006224,STU00312,2026-05-10,8,99,1,3,3,27
LMS006225,STU00312,2026-06-26,1,135,13,3,0,199
LMS006226,STU00312,2026-05-08,5,127,0,1,5,66
LMS006227,STU00312,2026-03-12,7,64,5,4,5,228
LMS006228,STU00312,2026-06-09,5,149,2,1,0,189
LMS006229,STU00312,2026-02-15,4,24,13,2,2,1
LMS006230,STU00312,2026-02-14,6,38,4,3,1,209
LMS006231,STU00312,2026-06-20,4,53,8,5,3,240
LMS006232,STU00312,2026-05-06,3,123,6,5,3,11
LMS006233,STU00312,2026-05-09,3,36,8,3,3,202
LMS006234,STU00312,2026-03-01,0,140,9,0,4,48
LMS006235,STU00312,2026-03-12,3,5,2,3,2,39
LMS006236,STU00312,2026-04-22,5,76,11,1,2,2
LMS006237,STU00312,2026-01-22,4,111,1,2,1,222
LMS006238,STU00312,2026-05-17,4,148,3,2,5,59
LMS006239,STU00312,2026-06-04,0,60,9,0,0,165
LMS006240,STU00312,2026-02-01,8,26,2,0,3,129
LMS006241,STU00313,2026-03-28,0,112,12,2,0,40
LMS006242,STU00313,2026-01-23,6,47,0,5,3,143
LMS006243,STU00313,2026-03-14,1,129,2,2,1,101
LMS006244,STU00313,2026-03-03,8,138,12,5,5,196
LMS006245,STU00313,2026-06-30,1,87,15,0,2,235
LMS006246,STU00313,2026-01-09,5,102,5,1,4,164
LMS006247,STU00313,2026-01-10,2,141,14,1,2,105
LMS006248,STU00313,2026-01-09,5,86,2,1,2,17
LMS006249,STU00313,2026-05-31,6,42,8,5,1,100
LMS006250,STU00313,2026-01-09,6,29,7,3,4,48
LMS006251,STU00313,2026-06-12,7,47,2,2,1,217
LMS006252,STU00313,2026-04-27,5,98,4,2,4,16
LMS006253,STU00313,2026-06-29,2,116,0,4,2,30
LMS006254,STU00313,2026-01-22,5,104,9,5,0,171
LMS006255,STU00313,2026-02-17,3,7,0,1,2,222
LMS006256,STU00313,2026-04-29,3,48,8,3,5,90
LMS006257,STU00313,2026-01-27,5,157,9,0,3,132
LMS006258,STU00313,2026-02-16,2,176,3,1,2,13
LMS006259,STU00313,2026-03-18,4,150,15,2,0,149
LMS006260,STU00313,2026-01-11,7,68,14,2,2,45
LMS006261,STU00314,2026-02-28,4,113,2,3,5,68
LMS006262,STU00314,2026-04-11,6,68,4,3,0,15
LMS006263,STU00314,2026-06-05,6,166,3,5,0,40
LMS006264,STU00314,2026-02-10,7,45,1,4,0,47
LMS006265,STU00314,2026-05-10,1,80,7,4,1,228
LMS006266,STU00314,2026-05-22,4,62,15,5,1,75
LMS006267,STU00314,2026-05-29,0,137,8,3,0,67
LMS006268,STU00314,2026-02-12,7,43,6,1,4,42
LMS006269,STU00314,2026-03-17,7,132,6,1,2,91
LMS006270,STU00314,2026-03-03,3,128,7,0,2,236
LMS006271,STU00314,2026-01-13,2,110,3,5,5,155
LMS006272,STU00314,2026-03-27,8,52,8,1,0,15
LMS006273,STU00314,2026-06-27,1,110,13,4,5,189
LMS006274,STU00314,2026-06-09,4,17,15,5,1,14
LMS006275,STU00314,2026-06-11,8,175,9,4,4,32
LMS006276,STU00314,2026-06-10,8,50,3,5,1,165
LMS006277,STU00314,2026-06-12,0,32,12,1,5,108
LMS006278,STU00314,2026-04-10,3,168,3,0,5,146
LMS006279,STU00314,2026-01-15,3,47,6,4,1,53
LMS006280,STU00314,2026-05-27,4,138,0,0,1,217
LMS006281,STU00315,2026-04-18,0,131,8,4,1,67
LMS006282,STU00315,2026-03-06,6,141,0,3,3,174
LMS006283,STU00315,2026-02-13,2,44,15,5,3,116
LMS006284,STU00315,2026-03-02,7,80,5,4,4,168
LMS006285,STU00315,2026-03-08,1,91,3,3,4,149
LMS006286,STU00315,2026-05-08,3,170,4,2,5,239
LMS006287,STU00315,2026-02-18,0,48,7,2,3,146
LMS006288,STU00315,2026-06-21,1,166,12,2,3,204
LMS006289,STU00315,2026-06-08,2,58,12,0,0,90
LMS006290,STU00315,2026-05-17,1,156,3,3,4,80
LMS006291,STU00315,2026-02-24,0,175,9,1,5,24
LMS006292,STU00315,2026-04-01,0,153,6,3,2,220
LMS006293,STU00315,2026-01-09,6,145,4,2,1,193
LMS006294,STU00315,2026-02-12,4,27,8,5,0,41
LMS006295,STU00315,2026-05-11,6,124,3,1,4,205
LMS006296,STU00315,2026-04-29,3,146,7,2,4,155
LMS006297,STU00315,2026-06-26,4,177,2,4,1,84
LMS006298,STU00315,2026-05-25,5,72,10,4,4,72
LMS006299,STU00315,2026-04-04,7,86,3,5,5,176
LMS006300,STU00315,2026-04-04,5,100,2,5,0,124
LMS006301,STU00316,2026-01-04,0,14,5,3,5,81
LMS006302,STU00316,2026-04-25,2,136,4,3,5,37
LMS006303,STU00316,2026-03-07,3,166,2,2,4,118
LMS006304,STU00316,2026-06-08,6,87,8,0,3,90
LMS006305,STU00316,2026-02-16,7,53,12,4,0,8
LMS006306,STU00316,2026-06-21,0,63,12,0,0,88
LMS006307,STU00316,2026-02-06,7,3,15,2,1,17
LMS006308,STU00316,2026-03-09,0,144,1,3,1,170
LMS006309,STU00316,2026-04-29,6,109,9,5,3,30
LMS006310,STU00316,2026-06-14,5,40,5,0,0,96
LMS006311,STU00316,2026-05-26,7,72,14,2,1,125
LMS006312,STU00316,2026-05-10,1,57,14,3,0,151
LMS006313,STU00316,2026-06-08,7,176,1,5,5,160
LMS006314,STU00316,2026-02-26,1,27,12,2,0,46
LMS006315,STU00316,2026-02-05,2,131,10,4,1,120
LMS006316,STU00316,2026-05-03,8,67,4,3,3,235
LMS006317,STU00316,2026-05-15,5,98,7,5,3,78
LMS006318,STU00316,2026-04-09,2,38,1,1,1,97
LMS006319,STU00316,2026-02-08,1,140,13,4,5,217
LMS006320,STU00316,2026-05-02,6,162,0,1,1,235
LMS006321,STU00317,2026-03-22,4,118,0,5,0,116
LMS006322,STU00317,2026-01-28,3,16,0,5,0,55
LMS006323,STU00317,2026-06-22,3,169,15,0,3,70
LMS006324,STU00317,2026-02-25,5,19,6,5,2,119
LMS006325,STU00317,2026-01-25,4,30,13,3,4,161
LMS006326,STU00317,2026-03-02,2,51,7,1,2,182
LMS006327,STU00317,2026-03-17,2,129,12,3,4,50
LMS006328,STU00317,2026-05-10,8,23,5,2,0,152
LMS006329,STU00317,2026-05-11,2,167,0,2,3,95
LMS006330,STU00317,2026-03-29,0,100,8,4,4,100
LMS006331,STU00317,2026-04-05,6,20,15,2,1,157
LMS006332,STU00317,2026-04-02,4,55,14,1,2,190
LMS006333,STU00317,2026-06-29,4,65,0,4,5,78
LMS006334,STU00317,2026-06-13,4,154,13,4,1,54
LMS006335,STU00317,2026-01-04,7,78,7,3,5,165
LMS006336,STU00317,2026-03-25,3,180,12,4,0,210
LMS006337,STU00317,2026-06-22,8,122,15,2,2,19
LMS006338,STU00317,2026-02-21,7,168,0,2,1,231
LMS006339,STU00317,2026-04-20,6,139,4,1,5,234
LMS006340,STU00317,2026-04-29,5,67,6,2,1,1
LMS006341,STU00318,2026-02-25,0,129,14,3,3,186
LMS006342,STU00318,2026-06-16,7,28,1,2,3,46
LMS006343,STU00318,2026-04-22,5,57,14,5,0,26
LMS006344,STU00318,2026-06-03,6,97,3,2,0,124
LMS006345,STU00318,2026-03-17,1,175,13,5,3,39
LMS006346,STU00318,2026-06-24,2,121,6,3,4,2
LMS006347,STU00318,2026-05-27,6,125,9,1,4,154
LMS006348,STU00318,2026-03-02,0,103,12,1,2,93
LMS006349,STU00318,2026-04-04,6,129,15,5,3,52
LMS006350,STU00318,2026-03-08,8,154,11,4,2,188
LMS006351,STU00318,2026-03-01,0,11,3,2,3,226
LMS006352,STU00318,2026-03-21,0,76,3,2,4,203
LMS006353,STU00318,2026-01-28,0,111,7,5,4,66
LMS006354,STU00318,2026-02-24,4,75,3,4,3,85
LMS006355,STU00318,2026-03-12,1,156,9,5,3,196
LMS006356,STU00318,2026-03-09,7,174,7,2,2,92
LMS006357,STU00318,2026-02-20,0,2,7,4,0,58
LMS006358,STU00318,2026-01-30,1,170,5,2,4,166
LMS006359,STU00318,2026-06-27,1,18,13,5,3,86
LMS006360,STU00318,2026-06-29,1,32,9,4,0,184
LMS006361,STU00319,2026-05-03,7,127,0,3,1,43
LMS006362,STU00319,2026-02-28,0,110,5,4,2,161
LMS006363,STU00319,2026-02-05,8,96,13,4,1,92
LMS006364,STU00319,2026-04-24,5,17,13,3,0,157
LMS006365,STU00319,2026-01-10,7,120,11,4,1,202
LMS006366,STU00319,2026-01-13,1,68,12,3,4,155
LMS006367,STU00319,2026-05-12,2,131,11,4,5,138
LMS006368,STU00319,2026-02-12,1,136,4,2,0,31
LMS006369,STU00319,2026-05-23,2,98,11,4,1,64
LMS006370,STU00319,2026-03-31,1,143,8,5,5,107
LMS006371,STU00319,2026-04-24,1,81,8,2,4,218
LMS006372,STU00319,2026-03-18,2,155,4,2,0,103
LMS006373,STU00319,2026-01-11,8,12,12,1,4,69
LMS006374,STU00319,2026-01-10,3,12,9,2,3,78
LMS006375,STU00319,2026-04-24,7,175,3,3,4,176
LMS006376,STU00319,2026-04-29,8,14,14,1,0,235
LMS006377,STU00319,2026-06-20,1,74,0,0,0,195
LMS006378,STU00319,2026-05-08,6,178,6,5,0,71
LMS006379,STU00319,2026-04-21,4,99,2,4,4,157
LMS006380,STU00319,2026-01-10,3,151,6,5,5,238
LMS006381,STU00320,2026-01-26,2,58,6,2,0,1
LMS006382,STU00320,2026-03-13,5,158,2,5,1,62
LMS006383,STU00320,2026-02-18,4,121,6,2,5,43
LMS006384,STU00320,2026-04-19,4,67,1,5,4,149
LMS006385,STU00320,2026-05-08,0,61,8,5,4,213
LMS006386,STU00320,2026-01-07,2,83,8,4,0,196
LMS006387,STU00320,2026-04-18,4,137,13,4,5,199
LMS006388,STU00320,2026-04-08,3,96,12,1,2,218
LMS006389,STU00320,2026-01-09,4,101,9,1,3,218
LMS006390,STU00320,2026-05-26,0,136,6,4,3,52
LMS006391,STU00320,2026-05-05,0,107,15,0,2,155
LMS006392,STU00320,2026-04-06,0,86,13,3,2,121
LMS006393,STU00320,2026-01-18,0,54,11,5,5,3
LMS006394,STU00320,2026-01-19,6,74,0,0,4,143
LMS006395,STU00320,2026-04-04,2,104,10,4,2,46
LMS006396,STU00320,2026-06-03,3,67,10,3,0,149
LMS006397,STU00320,2026-06-23,3,60,15,0,0,113
LMS006398,STU00320,2026-03-01,7,71,8,0,0,107
LMS006399,STU00320,2026-05-11,6,75,11,2,1,51
LMS006400,STU00320,2026-01-07,1,153,6,3,1,53
LMS006401,STU00321,2026-04-05,5,61,12,1,0,76
LMS006402,STU00321,2026-02-23,8,5,8,3,5,31
LMS006403,STU00321,2026-01-10,6,177,5,3,2,9
LMS006404,STU00321,2026-03-20,4,3,9,1,1,102
LMS006405,STU00321,2026-06-03,0,40,10,1,1,236
LMS006406,STU00321,2026-04-06,6,63,0,0,5,155
LMS006407,STU00321,2026-06-22,2,122,9,4,5,180
LMS006408,STU00321,2026-01-01,8,56,4,3,5,46
LMS006409,STU00321,2026-02-22,2,111,2,3,5,129
LMS006410,STU00321,2026-01-31,8,36,6,0,3,203
LMS006411,STU00321,2026-05-11,5,175,5,3,2,125
LMS006412,STU00321,2026-03-01,2,91,10,3,3,90
LMS006413,STU00321,2026-05-07,8,107,0,5,1,80
LMS006414,STU00321,2026-04-14,1,39,8,1,5,42
LMS006415,STU00321,2026-06-04,1,169,11,5,0,188
LMS006416,STU00321,2026-06-28,1,180,1,0,1,171
LMS006417,STU00321,2026-06-23,4,94,4,0,0,135
LMS006418,STU00321,2026-02-13,4,147,1,5,4,233
LMS006419,STU00321,2026-02-24,0,148,0,1,1,15
LMS006420,STU00321,2026-03-18,0,72,1,5,5,228
LMS006421,STU00322,2026-06-29,2,50,9,4,1,26
LMS006422,STU00322,2026-06-21,3,75,9,5,1,36
LMS006423,STU00322,2026-06-14,2,101,8,5,1,38
LMS006424,STU00322,2026-04-19,6,51,4,5,3,220
LMS006425,STU00322,2026-05-18,4,104,7,1,4,7
LMS006426,STU00322,2026-04-28,2,33,10,1,2,14
LMS006427,STU00322,2026-04-21,3,96,15,5,0,41
LMS006428,STU00322,2026-05-22,4,150,5,1,2,4
LMS006429,STU00322,2026-02-24,1,40,7,3,4,60
LMS006430,STU00322,2026-06-08,6,84,1,5,1,8
LMS006431,STU00322,2026-01-13,8,177,10,3,1,115
LMS006432,STU00322,2026-06-11,3,103,2,4,5,125
LMS006433,STU00322,2026-03-13,3,35,9,3,2,212
LMS006434,STU00322,2026-02-02,0,162,4,4,3,90
LMS006435,STU00322,2026-01-14,6,111,4,1,1,214
LMS006436,STU00322,2026-06-20,3,64,6,0,3,209
LMS006437,STU00322,2026-06-29,1,64,11,3,2,4
LMS006438,STU00322,2026-03-14,5,124,1,1,0,63
LMS006439,STU00322,2026-06-17,6,93,15,5,1,120
LMS006440,STU00322,2026-04-05,5,93,14,1,1,18
LMS006441,STU00323,2026-04-23,7,131,11,2,2,37
LMS006442,STU00323,2026-06-01,8,176,9,1,1,39
LMS006443,STU00323,2026-06-25,4,50,3,3,4,238
LMS006444,STU00323,2026-05-03,5,98,5,0,2,118
LMS006445,STU00323,2026-04-08,0,141,4,2,2,22
LMS006446,STU00323,2026-04-06,4,0,6,0,4,231
LMS006447,STU00323,2026-03-24,8,79,9,0,3,21
LMS006448,STU00323,2026-06-11,3,171,14,0,2,239
LMS006449,STU00323,2026-04-13,5,63,13,3,3,15
LMS006450,STU00323,2026-06-27,4,70,14,3,5,118
LMS006451,STU00323,2026-04-22,6,29,1,4,4,208
LMS006452,STU00323,2026-06-23,1,30,4,5,1,51
LMS006453,STU00323,2026-01-23,8,94,7,0,3,96
LMS006454,STU00323,2026-01-31,1,97,8,0,0,31
LMS006455,STU00323,2026-03-07,8,161,1,3,0,87
LMS006456,STU00323,2026-01-28,5,98,13,2,0,49
LMS006457,STU00323,2026-06-10,1,68,11,5,1,41
LMS006458,STU00323,2026-06-12,2,132,0,2,5,47
LMS006459,STU00323,2026-02-01,5,145,5,2,4,30
LMS006460,STU00323,2026-05-13,8,43,6,3,0,210
LMS006461,STU00324,2026-05-06,6,163,8,3,2,47
LMS006462,STU00324,2026-06-11,2,75,13,0,5,187
LMS006463,STU00324,2026-06-09,0,103,3,1,3,173
LMS006464,STU00324,2026-06-13,3,86,7,3,4,110
LMS006465,STU00324,2026-03-27,6,155,13,3,1,233
LMS006466,STU00324,2026-02-24,6,0,6,0,2,110
LMS006467,STU00324,2026-03-28,3,117,8,2,3,155
LMS006468,STU00324,2026-01-30,2,1,9,2,4,192
LMS006469,STU00324,2026-04-23,7,12,13,3,4,123
LMS006470,STU00324,2026-04-27,5,78,13,1,3,124
LMS006471,STU00324,2026-06-23,7,171,0,2,1,43
LMS006472,STU00324,2026-01-15,7,148,14,0,2,205
LMS006473,STU00324,2026-06-04,0,157,6,5,4,56
LMS006474,STU00324,2026-01-20,1,54,2,2,3,69
LMS006475,STU00324,2026-04-28,1,109,13,3,2,106
LMS006476,STU00324,2026-01-08,2,14,11,5,5,236
LMS006477,STU00324,2026-04-12,3,22,3,4,3,203
LMS006478,STU00324,2026-04-24,6,157,3,2,4,202
LMS006479,STU00324,2026-02-09,6,107,0,4,3,232
LMS006480,STU00324,2026-04-19,5,12,10,4,0,232
LMS006481,STU00325,2026-01-06,5,122,3,3,0,159
LMS006482,STU00325,2026-02-20,2,77,11,0,5,106
LMS006483,STU00325,2026-06-06,2,56,0,3,0,81
LMS006484,STU00325,2026-02-26,8,127,10,3,4,112
LMS006485,STU00325,2026-01-20,3,71,10,0,5,139
LMS006486,STU00325,2026-01-30,7,19,0,4,4,111
LMS006487,STU00325,2026-02-02,8,151,5,5,5,63
LMS006488,STU00325,2026-02-08,5,12,9,2,1,169
LMS006489,STU00325,2026-02-08,6,159,14,0,1,66
LMS006490,STU00325,2026-02-03,0,28,9,3,5,28
LMS006491,STU00325,2026-05-25,5,131,0,5,5,63
LMS006492,STU00325,2026-03-13,1,89,3,5,4,217
LMS006493,STU00325,2026-05-17,4,52,14,1,2,62
LMS006494,STU00325,2026-05-29,2,24,3,5,4,207
LMS006495,STU00325,2026-03-19,7,75,13,5,1,12
LMS006496,STU00325,2026-01-16,4,42,0,3,0,21
LMS006497,STU00325,2026-06-29,8,76,12,4,1,12
LMS006498,STU00325,2026-01-10,7,26,14,0,0,229
LMS006499,STU00325,2026-01-25,5,9,5,0,4,90
LMS006500,STU00325,2026-06-29,5,149,4,0,5,215
LMS006501,STU00326,2026-06-25,2,100,13,5,1,112
LMS006502,STU00326,2026-03-29,2,122,13,4,3,63
LMS006503,STU00326,2026-04-25,0,74,7,3,1,126
LMS006504,STU00326,2026-06-25,2,180,8,0,5,235
LMS006505,STU00326,2026-03-04,1,35,5,2,5,77
LMS006506,STU00326,2026-02-08,2,27,10,2,2,168
LMS006507,STU00326,2026-01-16,0,120,7,2,0,237
LMS006508,STU00326,2026-06-28,2,37,2,5,4,13
LMS006509,STU00326,2026-06-14,5,30,12,5,2,161
LMS006510,STU00326,2026-05-16,7,109,12,2,5,116
LMS006511,STU00326,2026-06-21,4,130,5,5,2,18
LMS006512,STU00326,2026-02-10,7,40,9,0,1,138
LMS006513,STU00326,2026-05-15,5,36,14,5,4,110
LMS006514,STU00326,2026-01-20,1,163,6,3,0,8
LMS006515,STU00326,2026-04-01,4,90,6,3,1,175
LMS006516,STU00326,2026-01-17,3,179,7,3,4,151
LMS006517,STU00326,2026-05-24,4,12,13,1,5,189
LMS006518,STU00326,2026-03-19,3,13,14,1,1,130
LMS006519,STU00326,2026-04-08,3,76,5,3,3,12
LMS006520,STU00326,2026-06-22,0,138,14,0,2,237
LMS006521,STU00327,2026-03-29,1,170,14,2,2,200
LMS006522,STU00327,2026-05-01,6,125,14,2,0,125
LMS006523,STU00327,2026-06-23,1,79,3,2,1,225
LMS006524,STU00327,2026-03-01,2,71,13,5,0,123
LMS006525,STU00327,2026-02-01,7,118,3,2,3,10
LMS006526,STU00327,2026-06-15,4,60,1,2,3,211
LMS006527,STU00327,2026-06-22,6,68,6,5,3,87
LMS006528,STU00327,2026-03-24,8,72,5,4,3,225
LMS006529,STU00327,2026-06-26,8,112,9,5,3,140
LMS006530,STU00327,2026-04-04,1,16,2,5,2,135
LMS006531,STU00327,2026-05-22,2,4,8,0,0,166
LMS006532,STU00327,2026-01-03,6,127,14,4,2,116
LMS006533,STU00327,2026-06-22,6,178,14,4,2,146
LMS006534,STU00327,2026-05-06,1,103,0,0,2,145
LMS006535,STU00327,2026-06-22,3,16,3,2,1,88
LMS006536,STU00327,2026-03-19,2,172,14,1,5,179
LMS006537,STU00327,2026-01-01,5,113,14,5,1,218
LMS006538,STU00327,2026-04-15,6,164,12,3,2,149
LMS006539,STU00327,2026-02-26,3,131,14,4,4,100
LMS006540,STU00327,2026-03-08,4,140,3,2,4,142
LMS006541,STU00328,2026-04-28,8,9,7,5,5,102
LMS006542,STU00328,2026-03-22,4,164,8,0,5,159
LMS006543,STU00328,2026-01-28,8,123,13,2,0,57
LMS006544,STU00328,2026-04-04,5,172,13,2,3,93
LMS006545,STU00328,2026-06-25,2,83,11,0,5,122
LMS006546,STU00328,2026-05-07,6,20,10,1,5,145
LMS006547,STU00328,2026-01-08,6,93,2,2,4,141
LMS006548,STU00328,2026-05-06,3,116,15,1,4,210
LMS006549,STU00328,2026-03-01,1,29,5,2,3,66
LMS006550,STU00328,2026-03-12,3,149,6,5,0,239
LMS006551,STU00328,2026-03-01,5,37,8,3,2,37
LMS006552,STU00328,2026-03-24,5,95,3,3,0,39
LMS006553,STU00328,2026-06-06,6,164,2,4,1,31
LMS006554,STU00328,2026-05-16,2,63,11,4,5,97
LMS006555,STU00328,2026-04-18,8,138,6,3,2,104
LMS006556,STU00328,2026-06-25,4,41,12,5,3,237
LMS006557,STU00328,2026-04-22,6,92,8,4,3,141
LMS006558,STU00328,2026-01-29,6,36,6,3,2,132
LMS006559,STU00328,2026-05-15,4,7,0,3,1,11
LMS006560,STU00328,2026-01-18,1,104,10,2,5,97
LMS006561,STU00329,2026-05-18,7,136,13,0,0,70
LMS006562,STU00329,2026-01-11,7,67,11,3,3,12
LMS006563,STU00329,2026-05-31,5,132,6,3,5,75
LMS006564,STU00329,2026-04-04,7,100,5,5,2,165
LMS006565,STU00329,2026-03-17,4,5,11,5,4,73
LMS006566,STU00329,2026-04-14,7,15,10,1,4,160
LMS006567,STU00329,2026-01-03,5,35,11,1,5,92
LMS006568,STU00329,2026-02-07,2,92,3,5,2,89
LMS006569,STU00329,2026-04-02,2,166,5,1,1,214
LMS006570,STU00329,2026-04-01,2,161,13,2,5,124
LMS006571,STU00329,2026-01-03,5,60,2,5,0,23
LMS006572,STU00329,2026-05-17,3,154,3,0,5,45
LMS006573,STU00329,2026-04-21,7,85,9,4,2,239
LMS006574,STU00329,2026-06-21,5,137,11,4,4,40
LMS006575,STU00329,2026-06-22,6,124,13,0,4,24
LMS006576,STU00329,2026-03-31,3,73,13,3,0,0
LMS006577,STU00329,2026-04-03,4,111,2,1,3,150
LMS006578,STU00329,2026-01-05,7,161,2,0,5,12
LMS006579,STU00329,2026-05-14,4,5,2,4,3,117
LMS006580,STU00329,2026-03-04,5,31,10,4,2,138
LMS006581,STU00330,2026-03-29,1,47,8,5,1,83
LMS006582,STU00330,2026-02-09,2,47,2,3,5,41
LMS006583,STU00330,2026-06-28,3,171,15,4,4,33
LMS006584,STU00330,2026-04-16,5,112,6,4,0,95
LMS006585,STU00330,2026-01-03,6,54,12,2,5,27
LMS006586,STU00330,2026-03-30,8,130,3,4,1,17
LMS006587,STU00330,2026-03-06,4,78,3,1,1,128
LMS006588,STU00330,2026-04-18,6,83,0,1,0,188
LMS006589,STU00330,2026-03-25,0,129,10,0,0,25
LMS006590,STU00330,2026-02-23,5,138,13,5,4,203
LMS006591,STU00330,2026-02-25,3,173,15,3,2,180
LMS006592,STU00330,2026-06-01,8,84,8,2,5,58
LMS006593,STU00330,2026-01-02,5,26,13,4,5,150
LMS006594,STU00330,2026-05-13,0,70,14,5,3,204
LMS006595,STU00330,2026-01-23,5,162,10,2,1,133
LMS006596,STU00330,2026-02-09,1,57,3,3,0,137
LMS006597,STU00330,2026-03-01,2,56,4,5,2,196
LMS006598,STU00330,2026-05-28,5,62,13,3,2,160
LMS006599,STU00330,2026-04-01,6,175,7,3,1,104
LMS006600,STU00330,2026-01-22,4,48,9,4,4,156
LMS006601,STU00331,2026-06-25,5,100,12,5,1,48
LMS006602,STU00331,2026-04-17,0,66,3,0,2,229
LMS006603,STU00331,2026-05-05,8,152,4,1,5,15
LMS006604,STU00331,2026-01-01,0,79,5,4,3,64
LMS006605,STU00331,2026-05-16,7,31,3,3,0,107
LMS006606,STU00331,2026-02-22,7,175,14,0,4,168
LMS006607,STU00331,2026-03-11,2,17,6,1,0,165
LMS006608,STU00331,2026-02-18,0,122,10,4,0,232
LMS006609,STU00331,2026-04-15,2,169,10,0,3,216
LMS006610,STU00331,2026-06-02,6,14,9,4,4,84
LMS006611,STU00331,2026-04-15,0,86,0,2,2,177
LMS006612,STU00331,2026-05-21,5,90,4,2,5,38
LMS006613,STU00331,2026-05-27,0,72,4,1,1,62
LMS006614,STU00331,2026-05-19,7,91,3,0,2,180
LMS006615,STU00331,2026-03-31,2,40,12,5,3,33
LMS006616,STU00331,2026-05-07,6,61,2,1,4,230
LMS006617,STU00331,2026-05-07,0,0,11,1,2,43
LMS006618,STU00331,2026-06-09,4,101,11,2,4,230
LMS006619,STU00331,2026-01-18,5,70,8,4,1,205
LMS006620,STU00331,2026-01-02,5,152,13,0,1,46
LMS006621,STU00332,2026-04-06,0,38,13,1,5,190
LMS006622,STU00332,2026-06-19,8,102,4,0,5,68
LMS006623,STU00332,2026-02-25,0,132,15,2,2,171
LMS006624,STU00332,2026-05-20,1,21,8,5,4,67
LMS006625,STU00332,2026-01-11,2,173,13,0,1,165
LMS006626,STU00332,2026-01-23,6,111,12,2,1,118
LMS006627,STU00332,2026-05-15,8,100,2,2,3,61
LMS006628,STU00332,2026-01-10,3,30,7,5,2,82
LMS006629,STU00332,2026-01-15,3,95,14,4,0,215
LMS006630,STU00332,2026-06-15,1,6,10,5,4,44
LMS006631,STU00332,2026-02-09,3,73,11,4,3,84
LMS006632,STU00332,2026-02-15,4,125,1,2,5,25
LMS006633,STU00332,2026-02-07,4,145,1,4,3,224
LMS006634,STU00332,2026-04-09,6,169,0,5,1,200
LMS006635,STU00332,2026-05-22,1,126,4,3,2,188
LMS006636,STU00332,2026-04-26,8,41,12,5,3,9
LMS006637,STU00332,2026-01-24,7,148,12,5,0,236
LMS006638,STU00332,2026-03-17,2,13,7,3,2,23
LMS006639,STU00332,2026-05-24,8,20,1,0,3,126
LMS006640,STU00332,2026-03-11,7,87,0,4,5,156
LMS006641,STU00333,2026-05-24,8,53,4,3,1,169
LMS006642,STU00333,2026-03-21,3,177,2,4,4,236
LMS006643,STU00333,2026-03-15,8,66,10,0,5,194
LMS006644,STU00333,2026-03-17,0,149,2,4,3,99
LMS006645,STU00333,2026-05-25,5,130,12,3,0,237
LMS006646,STU00333,2026-01-15,4,109,13,4,3,22
LMS006647,STU00333,2026-04-19,7,138,13,5,2,82
LMS006648,STU00333,2026-06-27,8,35,1,5,5,36
LMS006649,STU00333,2026-04-26,3,167,5,2,3,200
LMS006650,STU00333,2026-01-08,5,129,6,5,0,21
LMS006651,STU00333,2026-02-28,0,7,2,3,2,53
LMS006652,STU00333,2026-05-08,5,1,9,0,5,204
LMS006653,STU00333,2026-02-22,1,78,6,0,2,207
LMS006654,STU00333,2026-04-19,2,147,14,2,5,120
LMS006655,STU00333,2026-06-30,8,29,15,4,0,172
LMS006656,STU00333,2026-05-06,4,118,7,4,2,84
LMS006657,STU00333,2026-05-16,3,56,9,2,3,108
LMS006658,STU00333,2026-02-28,5,122,2,5,1,27
LMS006659,STU00333,2026-04-23,1,34,1,5,2,161
LMS006660,STU00333,2026-02-20,6,130,6,4,3,236
LMS006661,STU00334,2026-05-11,3,132,10,1,4,162
LMS006662,STU00334,2026-06-09,4,166,0,4,3,14
LMS006663,STU00334,2026-05-14,7,114,1,0,4,157
LMS006664,STU00334,2026-04-16,0,39,4,5,5,60
LMS006665,STU00334,2026-03-01,0,73,5,2,4,211
LMS006666,STU00334,2026-01-15,3,98,12,4,1,115
LMS006667,STU00334,2026-05-30,7,60,7,2,5,123
LMS006668,STU00334,2026-06-28,2,114,14,3,5,29
LMS006669,STU00334,2026-03-02,1,86,9,4,2,173
LMS006670,STU00334,2026-01-11,4,90,15,2,0,33
LMS006671,STU00334,2026-05-11,6,167,11,5,4,96
LMS006672,STU00334,2026-04-01,1,139,3,2,0,238
LMS006673,STU00334,2026-02-07,6,11,0,2,5,4
LMS006674,STU00334,2026-02-18,3,149,8,4,1,32
LMS006675,STU00334,2026-04-13,1,84,10,4,2,30
LMS006676,STU00334,2026-04-08,3,4,7,2,3,149
LMS006677,STU00334,2026-05-17,8,163,4,3,4,102
LMS006678,STU00334,2026-06-30,2,139,15,5,1,126
LMS006679,STU00334,2026-06-23,4,15,2,2,3,238
LMS006680,STU00334,2026-01-21,6,8,1,3,1,188
LMS006681,STU00335,2026-05-01,0,107,13,3,2,228
LMS006682,STU00335,2026-03-13,7,85,7,4,3,79
LMS006683,STU00335,2026-05-12,2,105,2,3,5,70
LMS006684,STU00335,2026-03-20,3,45,12,5,3,92
LMS006685,STU00335,2026-01-18,5,98,5,2,3,186
LMS006686,STU00335,2026-01-29,7,49,2,1,5,37
LMS006687,STU00335,2026-03-11,4,121,13,1,0,173
LMS006688,STU00335,2026-04-21,0,26,1,4,1,37
LMS006689,STU00335,2026-01-19,7,121,15,5,0,23
LMS006690,STU00335,2026-03-04,1,98,3,3,2,234
LMS006691,STU00335,2026-04-20,4,78,10,5,5,134
LMS006692,STU00335,2026-06-25,5,120,7,4,0,7
LMS006693,STU00335,2026-06-21,8,104,1,3,1,214
LMS006694,STU00335,2026-01-03,7,17,9,3,1,41
LMS006695,STU00335,2026-06-23,4,10,11,0,1,63
LMS006696,STU00335,2026-04-22,6,22,5,0,4,141
LMS006697,STU00335,2026-04-01,6,118,9,3,4,127
LMS006698,STU00335,2026-02-19,8,128,13,1,1,162
LMS006699,STU00335,2026-02-14,6,55,12,1,5,220
LMS006700,STU00335,2026-01-16,5,83,2,4,5,40
LMS006701,STU00336,2026-04-10,6,94,5,1,0,72
LMS006702,STU00336,2026-06-29,1,107,0,0,5,216
LMS006703,STU00336,2026-04-05,1,48,10,5,3,14
LMS006704,STU00336,2026-05-19,6,52,15,0,4,25
LMS006705,STU00336,2026-05-23,5,165,9,0,2,111
LMS006706,STU00336,2026-05-07,5,179,4,2,5,55
LMS006707,STU00336,2026-03-10,0,92,12,4,2,6
LMS006708,STU00336,2026-05-24,5,20,0,4,1,54
LMS006709,STU00336,2026-03-16,3,24,11,5,1,218
LMS006710,STU00336,2026-04-22,3,93,15,1,3,168
LMS006711,STU00336,2026-04-01,8,57,2,5,0,146
LMS006712,STU00336,2026-02-11,7,5,0,3,5,44
LMS006713,STU00336,2026-01-07,5,153,9,2,5,186
LMS006714,STU00336,2026-06-13,4,153,11,2,4,64
LMS006715,STU00336,2026-05-29,0,153,14,3,0,182
LMS006716,STU00336,2026-01-16,6,49,5,5,4,163
LMS006717,STU00336,2026-05-03,6,34,15,3,3,9
LMS006718,STU00336,2026-03-01,0,17,13,2,1,180
LMS006719,STU00336,2026-03-10,3,152,13,2,2,36
LMS006720,STU00336,2026-03-16,4,16,4,3,0,125
LMS006721,STU00337,2026-01-01,6,96,8,0,1,72
LMS006722,STU00337,2026-06-07,7,28,6,5,1,171
LMS006723,STU00337,2026-01-13,4,7,8,1,0,74
LMS006724,STU00337,2026-04-27,4,117,15,4,2,65
LMS006725,STU00337,2026-01-04,5,112,2,4,3,149
LMS006726,STU00337,2026-04-12,5,109,14,4,4,116
LMS006727,STU00337,2026-03-10,3,21,3,0,1,104
LMS006728,STU00337,2026-02-08,8,111,11,5,2,41
LMS006729,STU00337,2026-01-20,3,142,11,1,2,88
LMS006730,STU00337,2026-04-07,5,42,8,3,3,227
LMS006731,STU00337,2026-05-21,5,46,0,0,1,8
LMS006732,STU00337,2026-06-05,4,26,13,3,0,227
LMS006733,STU00337,2026-04-22,1,109,2,0,5,201
LMS006734,STU00337,2026-05-21,7,88,2,4,3,41
LMS006735,STU00337,2026-04-23,4,82,7,5,4,111
LMS006736,STU00337,2026-05-16,7,122,4,5,0,131
LMS006737,STU00337,2026-03-06,7,56,14,2,2,70
LMS006738,STU00337,2026-05-17,3,18,15,4,5,97
LMS006739,STU00337,2026-04-24,4,147,7,1,0,124
LMS006740,STU00337,2026-04-04,8,131,12,3,2,33
LMS006741,STU00338,2026-01-21,8,126,1,1,4,115
LMS006742,STU00338,2026-05-09,0,63,5,0,5,71
LMS006743,STU00338,2026-02-24,5,149,1,2,1,130
LMS006744,STU00338,2026-04-23,6,110,9,3,2,10
LMS006745,STU00338,2026-06-15,2,50,4,3,3,134
LMS006746,STU00338,2026-05-25,1,115,2,4,4,1
LMS006747,STU00338,2026-03-27,3,177,11,2,3,138
LMS006748,STU00338,2026-06-27,7,66,14,2,3,161
LMS006749,STU00338,2026-03-04,2,114,3,0,3,166
LMS006750,STU00338,2026-05-21,4,149,2,5,0,182
LMS006751,STU00338,2026-01-21,3,126,12,4,2,33
LMS006752,STU00338,2026-05-08,5,3,12,0,5,75
LMS006753,STU00338,2026-05-30,2,137,14,1,2,162
LMS006754,STU00338,2026-04-12,2,124,7,2,0,95
LMS006755,STU00338,2026-06-23,0,136,6,5,0,77
LMS006756,STU00338,2026-06-27,5,179,1,1,0,213
LMS006757,STU00338,2026-05-09,4,25,14,1,3,53
LMS006758,STU00338,2026-03-11,7,48,4,0,1,199
LMS006759,STU00338,2026-04-22,1,62,2,5,2,139
LMS006760,STU00338,2026-06-01,2,143,0,4,1,150
LMS006761,STU00339,2026-04-07,6,19,9,4,1,16
LMS006762,STU00339,2026-01-12,7,71,6,0,1,206
LMS006763,STU00339,2026-04-27,3,133,15,1,1,54
LMS006764,STU00339,2026-04-19,0,16,15,0,4,152
LMS006765,STU00339,2026-03-03,1,154,1,1,1,199
LMS006766,STU00339,2026-04-19,5,32,2,0,4,223
LMS006767,STU00339,2026-05-28,5,149,4,5,3,158
LMS006768,STU00339,2026-03-26,4,72,9,4,0,139
LMS006769,STU00339,2026-02-05,2,24,3,5,0,39
LMS006770,STU00339,2026-04-21,5,175,1,2,2,154
LMS006771,STU00339,2026-03-11,2,90,10,2,4,18
LMS006772,STU00339,2026-01-03,7,20,11,4,5,31
LMS006773,STU00339,2026-04-25,4,178,12,5,1,32
LMS006774,STU00339,2026-03-17,1,42,12,1,0,163
LMS006775,STU00339,2026-06-27,5,102,10,2,1,44
LMS006776,STU00339,2026-06-11,8,99,13,0,3,119
LMS006777,STU00339,2026-03-02,0,19,13,4,3,171
LMS006778,STU00339,2026-04-11,4,159,15,0,2,164
LMS006779,STU00339,2026-02-23,3,179,0,0,2,239
LMS006780,STU00339,2026-05-16,8,73,11,0,0,103
LMS006781,STU00340,2026-01-25,5,141,3,0,1,1
LMS006782,STU00340,2026-02-12,3,173,4,5,2,75
LMS006783,STU00340,2026-04-21,2,24,12,0,2,189
LMS006784,STU00340,2026-01-20,4,97,14,0,2,147
LMS006785,STU00340,2026-02-27,7,83,12,2,5,215
LMS006786,STU00340,2026-04-04,3,175,4,4,3,48
LMS006787,STU00340,2026-05-04,4,69,13,2,5,32
LMS006788,STU00340,2026-01-03,6,49,4,3,0,108
LMS006789,STU00340,2026-03-14,7,134,6,4,3,57
LMS006790,STU00340,2026-03-16,8,57,11,4,1,220
LMS006791,STU00340,2026-02-06,1,18,13,1,5,77
LMS006792,STU00340,2026-06-30,4,171,1,5,3,116
LMS006793,STU00340,2026-06-05,4,71,6,0,0,155
LMS006794,STU00340,2026-05-14,7,131,5,1,2,48
LMS006795,STU00340,2026-06-25,5,74,6,3,5,147
LMS006796,STU00340,2026-05-26,2,118,6,4,2,78
LMS006797,STU00340,2026-04-12,3,65,11,4,0,125
LMS006798,STU00340,2026-02-03,4,155,9,0,4,96
LMS006799,STU00340,2026-05-21,4,55,6,3,0,45
LMS006800,STU00340,2026-01-23,5,109,14,4,2,232
LMS006801,STU00341,2026-04-06,0,22,10,3,4,122
LMS006802,STU00341,2026-04-23,8,162,2,4,5,159
LMS006803,STU00341,2026-06-27,4,5,1,0,2,95
LMS006804,STU00341,2026-02-22,6,134,14,5,1,164
LMS006805,STU00341,2026-03-25,1,112,14,0,4,129
LMS006806,STU00341,2026-06-09,3,57,0,2,0,25
LMS006807,STU00341,2026-06-02,5,47,11,5,3,200
LMS006808,STU00341,2026-01-12,5,13,7,2,1,161
LMS006809,STU00341,2026-02-19,4,25,0,1,2,84
LMS006810,STU00341,2026-01-03,6,119,6,4,3,173
LMS006811,STU00341,2026-06-23,6,30,13,1,5,111
LMS006812,STU00341,2026-04-28,1,61,5,5,0,164
LMS006813,STU00341,2026-05-23,5,41,15,0,3,78
LMS006814,STU00341,2026-02-19,4,46,10,4,0,188
LMS006815,STU00341,2026-02-13,2,143,0,5,5,16
LMS006816,STU00341,2026-06-17,1,159,4,5,0,186
LMS006817,STU00341,2026-06-14,6,64,13,1,1,42
LMS006818,STU00341,2026-06-29,6,109,11,1,3,212
LMS006819,STU00341,2026-03-11,8,35,3,5,1,211
LMS006820,STU00341,2026-01-14,0,78,6,5,3,151
LMS006821,STU00342,2026-05-23,5,13,0,0,1,123
LMS006822,STU00342,2026-06-13,5,81,3,2,2,205
LMS006823,STU00342,2026-03-02,1,109,12,4,5,224
LMS006824,STU00342,2026-03-27,4,122,2,4,2,75
LMS006825,STU00342,2026-02-16,1,97,0,0,2,28
LMS006826,STU00342,2026-01-08,4,83,15,0,3,136
LMS006827,STU00342,2026-06-04,4,65,9,4,5,114
LMS006828,STU00342,2026-01-03,2,101,3,2,4,152
LMS006829,STU00342,2026-01-28,4,139,0,2,3,10
LMS006830,STU00342,2026-05-20,7,49,13,1,2,138
LMS006831,STU00342,2026-01-28,7,48,3,4,2,113
LMS006832,STU00342,2026-02-06,1,60,12,1,2,23
LMS006833,STU00342,2026-05-22,4,69,14,3,4,35
LMS006834,STU00342,2026-04-14,5,161,15,1,5,168
LMS006835,STU00342,2026-06-25,0,0,3,5,3,148
LMS006836,STU00342,2026-04-11,4,126,9,0,2,26
LMS006837,STU00342,2026-05-02,8,59,1,2,2,18
LMS006838,STU00342,2026-02-04,3,137,11,4,4,117
LMS006839,STU00342,2026-01-10,6,54,2,3,0,3
LMS006840,STU00342,2026-01-09,4,122,8,1,1,61
LMS006841,STU00343,2026-05-12,5,141,8,5,2,222
LMS006842,STU00343,2026-02-23,5,94,9,3,0,192
LMS006843,STU00343,2026-01-09,7,123,5,4,4,113
LMS006844,STU00343,2026-04-14,2,12,11,5,0,210
LMS006845,STU00343,2026-01-08,8,56,2,2,3,125
LMS006846,STU00343,2026-04-10,1,114,9,3,4,61
LMS006847,STU00343,2026-04-05,6,131,9,5,4,9
LMS006848,STU00343,2026-05-14,0,122,10,4,4,73
LMS006849,STU00343,2026-05-23,5,171,11,5,2,170
LMS006850,STU00343,2026-05-31,0,129,8,2,1,136
LMS006851,STU00343,2026-04-26,5,96,6,1,4,64
LMS006852,STU00343,2026-02-08,4,56,0,4,2,13
LMS006853,STU00343,2026-06-09,8,12,1,0,0,104
LMS006854,STU00343,2026-01-20,6,28,15,0,5,20
LMS006855,STU00343,2026-05-30,3,14,7,5,1,180
LMS006856,STU00343,2026-02-07,7,114,4,4,1,156
LMS006857,STU00343,2026-04-17,8,114,12,3,4,120
LMS006858,STU00343,2026-01-25,4,165,13,5,5,89
LMS006859,STU00343,2026-06-24,2,45,8,3,1,198
LMS006860,STU00343,2026-06-13,1,35,12,5,0,48
LMS006861,STU00344,2026-06-06,7,96,6,3,5,201
LMS006862,STU00344,2026-01-03,2,129,15,4,1,40
LMS006863,STU00344,2026-02-28,1,96,4,1,2,85
LMS006864,STU00344,2026-03-10,7,22,12,1,2,234
LMS006865,STU00344,2026-03-07,6,45,14,0,4,157
LMS006866,STU00344,2026-01-24,8,142,15,4,5,84
LMS006867,STU00344,2026-05-08,5,180,8,4,5,237
LMS006868,STU00344,2026-05-30,4,95,11,4,3,88
LMS006869,STU00344,2026-02-02,2,58,15,4,4,112
LMS006870,STU00344,2026-01-07,7,108,5,5,5,178
LMS006871,STU00344,2026-06-20,5,24,2,2,0,48
LMS006872,STU00344,2026-06-17,1,100,8,1,0,83
LMS006873,STU00344,2026-01-22,7,117,11,0,3,225
LMS006874,STU00344,2026-01-09,1,38,10,2,3,228
LMS006875,STU00344,2026-02-28,3,168,1,2,1,196
LMS006876,STU00344,2026-05-07,3,138,12,2,2,72
LMS006877,STU00344,2026-02-03,2,135,7,2,3,159
LMS006878,STU00344,2026-02-21,0,169,0,1,1,50
LMS006879,STU00344,2026-06-21,2,21,14,2,0,233
LMS006880,STU00344,2026-06-20,6,71,2,2,0,161
LMS006881,STU00345,2026-01-12,2,153,8,1,5,170
LMS006882,STU00345,2026-02-06,3,58,0,3,5,122
LMS006883,STU00345,2026-02-21,2,163,0,1,1,49
LMS006884,STU00345,2026-04-26,8,74,15,2,1,151
LMS006885,STU00345,2026-06-09,4,62,2,1,0,64
LMS006886,STU00345,2026-02-19,6,180,8,3,5,50
LMS006887,STU00345,2026-04-14,3,6,15,4,1,37
LMS006888,STU00345,2026-04-29,7,124,5,3,0,21
LMS006889,STU00345,2026-03-29,8,107,15,4,2,40
LMS006890,STU00345,2026-03-04,7,79,10,4,0,189
LMS006891,STU00345,2026-03-20,4,136,3,5,1,119
LMS006892,STU00345,2026-06-12,0,173,5,0,5,22
LMS006893,STU00345,2026-04-13,6,163,0,0,5,11
LMS006894,STU00345,2026-04-05,1,134,5,3,5,56
LMS006895,STU00345,2026-04-03,8,2,9,4,1,61
LMS006896,STU00345,2026-06-27,0,44,0,2,1,144
LMS006897,STU00345,2026-06-05,8,156,1,5,4,216
LMS006898,STU00345,2026-05-05,6,141,15,3,2,163
LMS006899,STU00345,2026-01-02,5,129,1,1,4,201
LMS006900,STU00345,2026-01-21,6,22,1,0,4,191
LMS006901,STU00346,2026-04-10,7,138,10,0,5,121
LMS006902,STU00346,2026-05-15,0,103,7,5,5,104
LMS006903,STU00346,2026-03-25,0,132,12,1,1,169
LMS006904,STU00346,2026-06-01,4,46,8,2,4,26
LMS006905,STU00346,2026-04-29,2,95,8,4,1,164
LMS006906,STU00346,2026-05-18,2,114,3,3,5,23
LMS006907,STU00346,2026-02-28,0,56,8,4,3,237
LMS006908,STU00346,2026-05-08,1,170,14,0,4,54
LMS006909,STU00346,2026-03-02,6,68,5,5,5,6
LMS006910,STU00346,2026-02-01,4,95,10,0,5,155
LMS006911,STU00346,2026-06-07,4,50,0,0,1,37
LMS006912,STU00346,2026-04-04,1,65,1,4,2,30
LMS006913,STU00346,2026-06-06,0,175,12,2,3,36
LMS006914,STU00346,2026-01-20,5,36,6,1,4,55
LMS006915,STU00346,2026-02-20,7,180,0,1,5,36
LMS006916,STU00346,2026-03-11,2,54,15,5,2,115
LMS006917,STU00346,2026-03-03,1,175,5,5,1,37
LMS006918,STU00346,2026-06-24,7,66,13,0,0,29
LMS006919,STU00346,2026-04-22,7,143,12,4,0,174
LMS006920,STU00346,2026-06-30,0,49,3,1,3,198
LMS006921,STU00347,2026-03-25,7,1,7,2,5,89
LMS006922,STU00347,2026-05-09,3,26,12,4,0,189
LMS006923,STU00347,2026-02-08,6,90,14,2,1,50
LMS006924,STU00347,2026-04-25,6,55,1,2,2,30
LMS006925,STU00347,2026-06-26,5,26,5,2,5,69
LMS006926,STU00347,2026-01-02,4,125,4,1,1,103
LMS006927,STU00347,2026-02-14,6,143,10,1,0,211
LMS006928,STU00347,2026-06-18,8,79,9,2,4,50
LMS006929,STU00347,2026-02-02,4,76,13,1,0,226
LMS006930,STU00347,2026-05-15,5,131,5,0,3,58
LMS006931,STU00347,2026-01-18,2,92,2,3,0,19
LMS006932,STU00347,2026-01-10,3,138,12,3,1,189
LMS006933,STU00347,2026-01-11,4,11,1,1,0,203
LMS006934,STU00347,2026-04-04,8,160,3,1,3,170
LMS006935,STU00347,2026-04-10,2,155,14,0,3,14
LMS006936,STU00347,2026-03-22,0,12,2,0,5,237
LMS006937,STU00347,2026-05-04,3,76,5,5,0,212
LMS006938,STU00347,2026-01-13,4,103,10,4,3,211
LMS006939,STU00347,2026-04-07,1,59,10,4,4,90
LMS006940,STU00347,2026-05-19,5,74,7,3,3,119
LMS006941,STU00348,2026-01-28,5,83,6,1,2,104
LMS006942,STU00348,2026-05-16,8,54,7,1,4,212
LMS006943,STU00348,2026-04-05,0,11,5,3,0,116
LMS006944,STU00348,2026-01-15,1,21,7,3,3,170
LMS006945,STU00348,2026-06-14,3,2,11,4,1,71
LMS006946,STU00348,2026-01-14,4,66,7,2,0,142
LMS006947,STU00348,2026-01-06,6,143,7,4,2,50
LMS006948,STU00348,2026-05-08,0,172,1,1,5,115
LMS006949,STU00348,2026-04-20,4,77,15,1,4,144
LMS006950,STU00348,2026-03-30,6,118,11,2,0,187
LMS006951,STU00348,2026-01-01,6,132,1,2,4,125
LMS006952,STU00348,2026-04-22,2,117,9,4,5,96
LMS006953,STU00348,2026-06-26,3,39,3,4,2,178
LMS006954,STU00348,2026-02-13,2,36,11,5,0,4
LMS006955,STU00348,2026-05-07,3,77,7,0,2,140
LMS006956,STU00348,2026-03-27,8,162,12,3,3,124
LMS006957,STU00348,2026-05-05,8,113,14,1,4,92
LMS006958,STU00348,2026-03-16,0,165,4,2,1,233
LMS006959,STU00348,2026-03-08,8,62,0,4,3,177
LMS006960,STU00348,2026-02-26,1,3,3,5,3,148
LMS006961,STU00349,2026-03-31,6,53,4,4,2,178
LMS006962,STU00349,2026-04-30,7,53,12,1,0,207
LMS006963,STU00349,2026-01-18,6,15,0,3,0,112
LMS006964,STU00349,2026-02-21,5,6,3,3,1,46
LMS006965,STU00349,2026-03-14,8,53,6,0,2,29
LMS006966,STU00349,2026-06-21,0,57,7,1,0,215
LMS006967,STU00349,2026-05-13,2,117,14,1,3,228
LMS006968,STU00349,2026-06-28,2,33,0,0,1,191
LMS006969,STU00349,2026-04-20,1,166,15,1,3,199
LMS006970,STU00349,2026-04-27,3,93,2,5,4,70
LMS006971,STU00349,2026-04-22,1,19,5,5,3,100
LMS006972,STU00349,2026-05-23,6,159,13,0,4,83
LMS006973,STU00349,2026-01-19,6,148,13,4,3,123
LMS006974,STU00349,2026-03-03,1,166,6,4,0,44
LMS006975,STU00349,2026-06-23,1,180,1,0,4,148
LMS006976,STU00349,2026-05-30,6,158,6,0,0,36
LMS006977,STU00349,2026-03-15,5,8,5,3,5,52
LMS006978,STU00349,2026-06-25,7,58,3,4,3,125
LMS006979,STU00349,2026-04-25,5,157,11,1,5,32
LMS006980,STU00349,2026-01-19,3,125,14,3,4,129
LMS006981,STU00350,2026-03-28,6,110,7,4,3,3
LMS006982,STU00350,2026-04-18,8,44,13,1,0,93
LMS006983,STU00350,2026-06-10,5,8,0,0,1,168
LMS006984,STU00350,2026-01-20,3,113,1,1,1,105
LMS006985,STU00350,2026-01-25,5,178,3,5,1,18
LMS006986,STU00350,2026-05-29,0,44,10,3,2,35
LMS006987,STU00350,2026-05-09,4,2,13,5,5,223
LMS006988,STU00350,2026-04-16,1,163,12,2,5,114
LMS006989,STU00350,2026-01-16,6,175,9,3,1,106
LMS006990,STU00350,2026-05-29,1,129,11,1,2,236
LMS006991,STU00350,2026-01-01,0,34,12,1,5,17
LMS006992,STU00350,2026-02-04,8,105,9,0,3,104
LMS006993,STU00350,2026-05-31,8,146,10,1,3,128
LMS006994,STU00350,2026-01-19,2,8,11,2,0,98
LMS006995,STU00350,2026-05-14,4,133,3,2,4,49
LMS006996,STU00350,2026-01-22,5,7,6,2,2,102
LMS006997,STU00350,2026-02-20,6,136,14,0,4,136
LMS006998,STU00350,2026-03-26,3,146,13,2,4,202
LMS006999,STU00350,2026-03-25,8,137,1,0,4,153
LMS007000,STU00350,2026-03-08,4,87,12,3,2,175
LMS007001,STU00351,2026-03-15,0,106,12,0,1,80
LMS007002,STU00351,2026-02-01,4,30,15,0,5,194
LMS007003,STU00351,2026-02-28,8,73,7,2,2,72
LMS007004,STU00351,2026-01-23,1,13,7,2,1,210
LMS007005,STU00351,2026-04-16,6,87,12,3,0,88
LMS007006,STU00351,2026-06-05,6,171,2,0,4,195
LMS007007,STU00351,2026-01-06,7,131,0,1,1,52
LMS007008,STU00351,2026-02-04,8,170,11,3,0,141
LMS007009,STU00351,2026-05-18,2,168,12,0,4,217
LMS007010,STU00351,2026-06-29,7,168,5,4,5,48
LMS007011,STU00351,2026-02-09,4,139,10,2,4,31
LMS007012,STU00351,2026-04-05,5,179,8,2,4,192
LMS007013,STU00351,2026-03-13,8,24,9,0,2,90
LMS007014,STU00351,2026-05-18,8,79,7,0,0,168
LMS007015,STU00351,2026-02-13,4,147,10,4,0,158
LMS007016,STU00351,2026-04-21,8,145,6,3,0,12
LMS007017,STU00351,2026-02-28,4,8,2,0,1,55
LMS007018,STU00351,2026-04-28,2,42,6,2,3,118
LMS007019,STU00351,2026-05-11,5,167,7,2,3,118
LMS007020,STU00351,2026-05-18,3,58,0,4,4,205
LMS007021,STU00352,2026-06-18,0,153,1,5,0,85
LMS007022,STU00352,2026-03-25,5,47,7,2,2,63
LMS007023,STU00352,2026-02-28,6,53,9,3,3,139
LMS007024,STU00352,2026-05-21,5,122,0,5,2,120
LMS007025,STU00352,2026-05-14,8,26,11,4,4,12
LMS007026,STU00352,2026-02-16,2,106,12,2,2,16
LMS007027,STU00352,2026-01-09,8,160,0,4,2,33
LMS007028,STU00352,2026-05-03,5,134,14,2,0,125
LMS007029,STU00352,2026-03-14,7,118,5,5,2,217
LMS007030,STU00352,2026-05-18,3,122,14,0,5,122
LMS007031,STU00352,2026-05-04,1,92,12,5,0,92
LMS007032,STU00352,2026-01-21,6,13,2,1,4,51
LMS007033,STU00352,2026-04-23,8,53,12,3,3,161
LMS007034,STU00352,2026-02-22,5,129,5,4,4,160
LMS007035,STU00352,2026-04-10,1,73,5,5,2,36
LMS007036,STU00352,2026-02-04,8,19,5,1,4,177
LMS007037,STU00352,2026-01-30,3,159,10,0,3,36
LMS007038,STU00352,2026-05-28,0,167,3,3,0,65
LMS007039,STU00352,2026-01-27,1,19,10,5,1,193
LMS007040,STU00352,2026-02-05,2,159,13,0,5,237
LMS007041,STU00353,2026-06-23,5,45,9,0,0,176
LMS007042,STU00353,2026-06-03,0,121,8,2,3,139
LMS007043,STU00353,2026-05-18,1,46,0,5,4,151
LMS007044,STU00353,2026-05-08,6,171,11,2,3,77
LMS007045,STU00353,2026-02-02,3,173,15,4,0,193
LMS007046,STU00353,2026-04-07,2,33,2,4,4,144
LMS007047,STU00353,2026-04-11,0,69,11,5,0,66
LMS007048,STU00353,2026-02-24,0,17,9,0,4,145
LMS007049,STU00353,2026-01-29,0,169,13,2,1,85
LMS007050,STU00353,2026-05-29,0,150,13,2,5,61
LMS007051,STU00353,2026-01-11,7,12,8,5,3,39
LMS007052,STU00353,2026-06-23,4,98,13,0,0,27
LMS007053,STU00353,2026-04-01,3,12,8,5,5,89
LMS007054,STU00353,2026-01-08,1,16,8,5,2,210
LMS007055,STU00353,2026-04-22,2,112,14,0,1,237
LMS007056,STU00353,2026-01-10,6,71,1,2,5,122
LMS007057,STU00353,2026-02-07,4,149,12,3,1,10
LMS007058,STU00353,2026-06-14,7,30,15,5,1,188
LMS007059,STU00353,2026-02-03,7,28,11,3,3,202
LMS007060,STU00353,2026-02-09,6,58,1,0,3,184
LMS007061,STU00354,2026-05-25,8,14,1,1,2,207
LMS007062,STU00354,2026-04-26,3,80,9,5,2,109
LMS007063,STU00354,2026-04-01,1,17,9,4,5,202
LMS007064,STU00354,2026-04-14,5,21,1,2,3,186
LMS007065,STU00354,2026-02-16,1,104,8,1,0,27
LMS007066,STU00354,2026-01-19,0,93,4,4,0,197
LMS007067,STU00354,2026-02-02,4,64,8,2,1,65
LMS007068,STU00354,2026-04-07,8,130,3,2,3,107
LMS007069,STU00354,2026-05-19,4,98,0,4,1,179
LMS007070,STU00354,2026-03-09,5,167,15,1,4,193
LMS007071,STU00354,2026-04-28,6,7,10,3,3,25
LMS007072,STU00354,2026-03-31,0,111,3,3,2,237
LMS007073,STU00354,2026-05-20,6,122,1,5,2,137
LMS007074,STU00354,2026-02-10,2,65,11,0,5,41
LMS007075,STU00354,2026-05-04,6,146,14,5,0,117
LMS007076,STU00354,2026-02-17,4,130,6,4,3,112
LMS007077,STU00354,2026-03-08,1,122,2,2,0,143
LMS007078,STU00354,2026-01-16,4,28,9,0,0,89
LMS007079,STU00354,2026-06-22,0,8,14,0,5,177
LMS007080,STU00354,2026-04-11,2,13,4,0,1,166
LMS007081,STU00355,2026-01-01,8,100,11,2,0,226
LMS007082,STU00355,2026-01-27,3,134,6,5,1,57
LMS007083,STU00355,2026-06-08,4,59,9,5,0,202
LMS007084,STU00355,2026-01-29,8,137,14,5,1,236
LMS007085,STU00355,2026-06-22,2,152,15,0,4,52
LMS007086,STU00355,2026-06-10,5,167,10,4,2,11
LMS007087,STU00355,2026-01-26,5,10,0,1,2,49
LMS007088,STU00355,2026-01-19,7,168,12,1,1,0
LMS007089,STU00355,2026-05-09,5,169,13,1,4,182
LMS007090,STU00355,2026-03-18,4,5,12,2,4,171
LMS007091,STU00355,2026-02-20,6,176,8,5,0,52
LMS007092,STU00355,2026-06-08,2,68,1,0,0,104
LMS007093,STU00355,2026-03-16,4,20,12,4,4,132
LMS007094,STU00355,2026-06-25,3,47,3,0,0,115
LMS007095,STU00355,2026-02-21,3,98,6,2,3,213
LMS007096,STU00355,2026-04-19,2,34,11,5,0,108
LMS007097,STU00355,2026-05-28,3,66,2,2,3,178
LMS007098,STU00355,2026-03-07,8,176,6,0,2,232
LMS007099,STU00355,2026-04-15,7,114,15,5,4,18
LMS007100,STU00355,2026-06-24,1,56,8,0,2,132
LMS007101,STU00356,2026-03-23,3,122,1,0,2,99
LMS007102,STU00356,2026-05-26,6,173,14,4,1,197
LMS007103,STU00356,2026-02-10,7,119,7,2,1,92
LMS007104,STU00356,2026-03-23,4,41,11,4,2,175
LMS007105,STU00356,2026-05-22,1,178,15,0,1,62
LMS007106,STU00356,2026-03-13,3,24,9,3,2,188
LMS007107,STU00356,2026-01-20,8,123,9,4,1,62
LMS007108,STU00356,2026-03-25,1,25,4,0,5,92
LMS007109,STU00356,2026-01-30,7,79,8,5,2,160
LMS007110,STU00356,2026-06-07,1,5,10,0,2,121
LMS007111,STU00356,2026-06-20,2,73,2,0,4,188
LMS007112,STU00356,2026-01-03,1,96,4,5,1,50
LMS007113,STU00356,2026-06-16,3,91,8,3,3,219
LMS007114,STU00356,2026-04-08,7,29,4,2,4,112
LMS007115,STU00356,2026-03-19,7,133,12,5,5,71
LMS007116,STU00356,2026-01-23,0,142,11,4,3,230
LMS007117,STU00356,2026-05-22,0,107,3,3,0,210
LMS007118,STU00356,2026-01-10,8,145,12,0,0,200
LMS007119,STU00356,2026-06-07,3,151,10,1,1,13
LMS007120,STU00356,2026-05-17,2,138,4,1,3,61
LMS007121,STU00357,2026-01-22,4,31,10,0,5,6
LMS007122,STU00357,2026-06-27,4,139,4,4,3,225
LMS007123,STU00357,2026-05-15,4,18,8,2,1,71
LMS007124,STU00357,2026-02-18,0,58,4,2,5,58
LMS007125,STU00357,2026-01-29,8,121,1,2,2,32
LMS007126,STU00357,2026-03-07,0,28,6,4,4,229
LMS007127,STU00357,2026-01-12,8,0,14,0,1,154
LMS007128,STU00357,2026-05-04,8,124,12,5,4,225
LMS007129,STU00357,2026-06-27,1,153,12,0,1,135
LMS007130,STU00357,2026-06-07,0,115,11,3,0,220
LMS007131,STU00357,2026-06-16,4,110,8,3,4,147
LMS007132,STU00357,2026-05-03,8,123,8,5,5,171
LMS007133,STU00357,2026-02-06,2,3,5,0,4,224
LMS007134,STU00357,2026-05-15,5,129,10,0,3,76
LMS007135,STU00357,2026-03-29,5,163,3,3,2,69
LMS007136,STU00357,2026-04-13,6,53,1,5,2,167
LMS007137,STU00357,2026-02-21,2,171,1,3,4,144
LMS007138,STU00357,2026-01-31,7,1,15,0,1,78
LMS007139,STU00357,2026-02-13,5,150,0,1,4,64
LMS007140,STU00357,2026-03-28,0,62,2,5,4,21
LMS007141,STU00358,2026-02-04,8,27,4,4,3,17
LMS007142,STU00358,2026-01-15,7,47,3,0,1,124
LMS007143,STU00358,2026-01-01,0,148,10,5,3,199
LMS007144,STU00358,2026-02-05,8,39,11,1,2,211
LMS007145,STU00358,2026-02-23,0,167,1,2,0,71
LMS007146,STU00358,2026-03-11,6,36,15,2,4,216
LMS007147,STU00358,2026-02-24,6,117,5,2,2,165
LMS007148,STU00358,2026-06-22,1,25,8,3,4,113
LMS007149,STU00358,2026-02-12,3,84,0,0,4,9
LMS007150,STU00358,2026-04-21,7,145,6,1,5,18
LMS007151,STU00358,2026-05-02,0,60,5,2,2,182
LMS007152,STU00358,2026-05-17,6,109,12,4,0,154
LMS007153,STU00358,2026-06-05,2,164,15,3,5,208
LMS007154,STU00358,2026-01-23,6,141,5,5,5,154
LMS007155,STU00358,2026-01-09,4,35,0,1,3,112
LMS007156,STU00358,2026-01-23,7,140,10,4,2,85
LMS007157,STU00358,2026-05-10,1,132,13,2,4,141
LMS007158,STU00358,2026-03-06,0,39,8,0,0,136
LMS007159,STU00358,2026-01-06,6,178,5,1,5,31
LMS007160,STU00358,2026-03-01,5,144,13,4,3,30
LMS007161,STU00359,2026-03-02,8,87,2,4,5,217
LMS007162,STU00359,2026-03-18,7,73,6,3,3,132
LMS007163,STU00359,2026-02-26,5,83,11,2,0,141
LMS007164,STU00359,2026-01-31,2,72,14,4,1,71
LMS007165,STU00359,2026-04-05,3,149,11,3,4,166
LMS007166,STU00359,2026-01-21,6,31,6,1,1,57
LMS007167,STU00359,2026-03-28,4,64,11,4,3,92
LMS007168,STU00359,2026-01-16,1,36,9,1,5,106
LMS007169,STU00359,2026-04-07,4,178,2,2,4,151
LMS007170,STU00359,2026-04-14,0,173,12,4,2,126
LMS007171,STU00359,2026-02-21,3,107,1,0,5,175
LMS007172,STU00359,2026-04-03,8,72,7,1,5,45
LMS007173,STU00359,2026-06-14,6,63,5,1,0,165
LMS007174,STU00359,2026-03-05,4,147,12,2,4,81
LMS007175,STU00359,2026-01-29,8,33,10,3,0,201
LMS007176,STU00359,2026-01-27,4,119,14,1,0,205
LMS007177,STU00359,2026-05-04,7,78,4,4,4,232
LMS007178,STU00359,2026-04-24,6,172,11,1,0,33
LMS007179,STU00359,2026-02-14,7,154,14,4,4,235
LMS007180,STU00359,2026-04-16,8,105,9,1,5,150
LMS007181,STU00360,2026-01-17,0,103,8,3,0,197
LMS007182,STU00360,2026-06-30,6,133,11,0,1,206
LMS007183,STU00360,2026-06-04,3,147,12,2,1,236
LMS007184,STU00360,2026-05-23,2,118,11,0,5,80
LMS007185,STU00360,2026-03-29,4,44,4,3,0,144
LMS007186,STU00360,2026-05-21,8,32,6,2,0,187
LMS007187,STU00360,2026-05-12,4,100,5,4,1,171
LMS007188,STU00360,2026-02-24,8,95,2,1,2,127
LMS007189,STU00360,2026-05-09,1,65,11,1,1,41
LMS007190,STU00360,2026-03-14,1,65,13,0,3,37
LMS007191,STU00360,2026-05-30,6,3,14,0,3,127
LMS007192,STU00360,2026-06-13,2,95,6,5,2,208
LMS007193,STU00360,2026-01-26,6,0,9,3,1,74
LMS007194,STU00360,2026-04-13,8,63,13,1,5,136
LMS007195,STU00360,2026-03-12,1,19,10,2,0,142
LMS007196,STU00360,2026-04-22,0,95,0,5,2,24
LMS007197,STU00360,2026-03-09,1,85,1,5,3,209
LMS007198,STU00360,2026-06-30,6,0,14,3,3,176
LMS007199,STU00360,2026-06-17,3,47,4,1,5,89
LMS007200,STU00360,2026-06-27,8,161,5,2,4,112
LMS007201,STU00361,2026-05-09,3,41,6,1,4,48
LMS007202,STU00361,2026-04-04,7,16,7,4,2,14
LMS007203,STU00361,2026-04-26,1,18,5,4,2,103
LMS007204,STU00361,2026-04-07,0,122,6,0,0,140
LMS007205,STU00361,2026-03-04,4,105,9,1,1,88
LMS007206,STU00361,2026-03-11,0,167,6,5,5,70
LMS007207,STU00361,2026-01-14,4,51,11,1,3,159
LMS007208,STU00361,2026-02-25,0,39,1,1,5,18
LMS007209,STU00361,2026-01-20,7,150,15,2,5,47
LMS007210,STU00361,2026-04-20,3,128,11,0,2,180
LMS007211,STU00361,2026-04-15,3,117,0,4,4,54
LMS007212,STU00361,2026-03-30,0,71,13,5,1,36
LMS007213,STU00361,2026-04-17,1,79,4,3,0,138
LMS007214,STU00361,2026-01-05,0,118,14,0,4,22
LMS007215,STU00361,2026-02-09,7,92,12,2,2,8
LMS007216,STU00361,2026-06-16,4,154,0,1,4,138
LMS007217,STU00361,2026-02-23,7,42,14,1,2,130
LMS007218,STU00361,2026-05-06,5,28,11,4,5,209
LMS007219,STU00361,2026-01-13,6,3,3,1,4,54
LMS007220,STU00361,2026-04-29,4,2,2,4,3,71
LMS007221,STU00362,2026-01-03,7,19,5,3,3,116
LMS007222,STU00362,2026-02-12,3,122,6,0,5,15
LMS007223,STU00362,2026-01-25,4,87,4,0,3,232
LMS007224,STU00362,2026-01-28,7,127,1,3,1,193
LMS007225,STU00362,2026-06-09,6,104,9,4,2,176
LMS007226,STU00362,2026-06-23,2,130,14,4,3,181
LMS007227,STU00362,2026-02-11,5,142,14,4,0,228
LMS007228,STU00362,2026-05-13,1,139,6,0,2,152
LMS007229,STU00362,2026-02-20,3,140,0,0,2,40
LMS007230,STU00362,2026-05-20,6,141,15,2,5,127
LMS007231,STU00362,2026-05-08,7,165,0,2,2,46
LMS007232,STU00362,2026-01-17,6,138,0,1,0,222
LMS007233,STU00362,2026-06-20,8,102,13,0,5,61
LMS007234,STU00362,2026-04-04,7,126,0,5,1,44
LMS007235,STU00362,2026-01-09,0,132,9,0,3,70
LMS007236,STU00362,2026-02-24,8,109,13,0,1,28
LMS007237,STU00362,2026-04-07,8,92,14,1,0,216
LMS007238,STU00362,2026-02-04,4,154,15,3,5,154
LMS007239,STU00362,2026-01-18,6,174,5,0,2,165
LMS007240,STU00362,2026-06-28,0,12,15,0,1,27
LMS007241,STU00363,2026-01-04,1,45,7,4,0,222
LMS007242,STU00363,2026-05-01,5,158,9,0,0,67
LMS007243,STU00363,2026-01-20,8,151,13,1,0,31
LMS007244,STU00363,2026-04-24,3,1,14,2,0,159
LMS007245,STU00363,2026-02-10,6,109,14,3,5,162
LMS007246,STU00363,2026-03-31,5,37,5,4,5,0
LMS007247,STU00363,2026-01-07,0,135,0,1,3,177
LMS007248,STU00363,2026-04-25,6,136,1,1,3,148
LMS007249,STU00363,2026-03-07,3,55,7,0,5,21
LMS007250,STU00363,2026-05-19,4,140,1,2,0,52
LMS007251,STU00363,2026-03-13,1,149,2,2,2,194
LMS007252,STU00363,2026-04-13,0,37,15,3,2,201
LMS007253,STU00363,2026-06-03,6,97,5,0,5,178
LMS007254,STU00363,2026-06-03,0,13,6,4,2,124
LMS007255,STU00363,2026-01-08,2,97,1,1,5,94
LMS007256,STU00363,2026-05-05,0,108,6,2,4,167
LMS007257,STU00363,2026-01-10,6,153,4,0,0,41
LMS007258,STU00363,2026-01-05,3,62,5,3,1,17
LMS007259,STU00363,2026-05-26,8,17,12,1,3,106
LMS007260,STU00363,2026-04-28,5,126,15,0,1,25
LMS007261,STU00364,2026-02-11,3,5,14,3,3,161
LMS007262,STU00364,2026-03-24,8,93,2,2,0,138
LMS007263,STU00364,2026-02-10,5,39,9,0,5,25
LMS007264,STU00364,2026-01-30,0,156,15,0,1,33
LMS007265,STU00364,2026-06-17,5,57,7,0,0,122
LMS007266,STU00364,2026-05-04,7,13,6,2,4,50
LMS007267,STU00364,2026-02-07,5,24,11,2,3,36
LMS007268,STU00364,2026-04-29,7,118,9,2,0,33
LMS007269,STU00364,2026-02-17,8,64,0,2,3,84
LMS007270,STU00364,2026-04-13,6,116,11,1,2,48
LMS007271,STU00364,2026-06-06,2,123,2,2,3,183
LMS007272,STU00364,2026-04-26,3,21,4,1,0,137
LMS007273,STU00364,2026-06-30,3,73,1,1,2,58
LMS007274,STU00364,2026-03-01,2,24,6,1,2,202
LMS007275,STU00364,2026-04-25,8,51,5,5,2,27
LMS007276,STU00364,2026-06-16,6,56,9,5,0,161
LMS007277,STU00364,2026-05-03,8,167,4,3,2,213
LMS007278,STU00364,2026-01-05,8,180,2,3,4,224
LMS007279,STU00364,2026-06-12,8,31,1,3,5,85
LMS007280,STU00364,2026-04-08,7,91,15,4,4,19
LMS007281,STU00365,2026-04-09,5,84,6,3,3,24
LMS007282,STU00365,2026-03-20,1,107,1,4,0,56
LMS007283,STU00365,2026-04-02,3,111,7,2,4,181
LMS007284,STU00365,2026-06-02,3,90,3,2,0,95
LMS007285,STU00365,2026-05-12,6,79,0,5,2,20
LMS007286,STU00365,2026-02-28,0,135,15,1,5,220
LMS007287,STU00365,2026-04-25,0,12,10,4,1,28
LMS007288,STU00365,2026-01-23,1,72,15,1,3,168
LMS007289,STU00365,2026-01-31,3,133,1,5,1,175
LMS007290,STU00365,2026-01-27,8,92,5,4,4,204
LMS007291,STU00365,2026-06-13,7,159,6,3,5,61
LMS007292,STU00365,2026-06-17,8,11,9,4,4,208
LMS007293,STU00365,2026-05-27,8,10,14,5,0,208
LMS007294,STU00365,2026-01-29,0,87,4,2,5,176
LMS007295,STU00365,2026-02-07,4,29,7,2,3,84
LMS007296,STU00365,2026-03-19,3,162,1,3,0,159
LMS007297,STU00365,2026-06-13,2,21,9,3,4,153
LMS007298,STU00365,2026-02-06,5,147,0,3,1,68
LMS007299,STU00365,2026-04-17,1,31,11,4,0,149
LMS007300,STU00365,2026-03-16,6,141,3,1,5,15
LMS007301,STU00366,2026-01-03,6,15,0,3,4,117
LMS007302,STU00366,2026-03-17,8,15,14,4,3,61
LMS007303,STU00366,2026-03-16,6,48,3,2,3,170
LMS007304,STU00366,2026-06-05,5,52,2,5,2,114
LMS007305,STU00366,2026-05-29,6,10,8,3,3,2
LMS007306,STU00366,2026-01-15,2,78,0,1,3,93
LMS007307,STU00366,2026-02-18,8,122,12,2,4,43
LMS007308,STU00366,2026-04-23,4,144,0,0,0,215
LMS007309,STU00366,2026-03-09,2,0,14,1,5,71
LMS007310,STU00366,2026-03-12,3,11,12,2,2,46
LMS007311,STU00366,2026-06-17,1,54,8,1,0,171
LMS007312,STU00366,2026-02-09,8,163,9,4,5,137
LMS007313,STU00366,2026-01-22,4,136,7,5,1,50
LMS007314,STU00366,2026-05-07,8,40,9,5,3,189
LMS007315,STU00366,2026-03-16,6,33,15,2,1,193
LMS007316,STU00366,2026-05-23,6,73,7,2,4,122
LMS007317,STU00366,2026-03-24,2,55,5,2,5,188
LMS007318,STU00366,2026-03-21,7,178,13,1,5,86
LMS007319,STU00366,2026-06-22,3,150,3,4,4,26
LMS007320,STU00366,2026-02-21,3,19,15,0,5,93
LMS007321,STU00367,2026-02-26,0,156,4,2,5,145
LMS007322,STU00367,2026-06-13,2,59,7,3,3,164
LMS007323,STU00367,2026-06-03,2,63,7,5,4,70
LMS007324,STU00367,2026-05-21,5,146,0,0,2,78
LMS007325,STU00367,2026-04-16,7,95,15,4,5,153
LMS007326,STU00367,2026-04-19,8,59,6,3,1,224
LMS007327,STU00367,2026-01-19,2,109,9,5,4,67
LMS007328,STU00367,2026-05-25,4,53,0,0,0,127
LMS007329,STU00367,2026-06-25,6,174,15,1,4,96
LMS007330,STU00367,2026-05-10,6,36,12,1,3,60
LMS007331,STU00367,2026-03-21,0,66,11,3,5,83
LMS007332,STU00367,2026-02-01,3,76,13,5,4,203
LMS007333,STU00367,2026-04-28,4,29,6,4,2,130
LMS007334,STU00367,2026-06-18,3,106,2,1,3,52
LMS007335,STU00367,2026-06-18,1,129,8,0,2,84
LMS007336,STU00367,2026-01-17,7,89,12,5,5,128
LMS007337,STU00367,2026-02-09,4,7,2,2,3,181
LMS007338,STU00367,2026-02-14,6,142,13,2,2,124
LMS007339,STU00367,2026-03-30,3,132,2,4,1,24
LMS007340,STU00367,2026-04-07,6,124,4,4,2,107
LMS007341,STU00368,2026-02-22,2,69,13,2,0,64
LMS007342,STU00368,2026-05-11,7,24,9,5,2,136
LMS007343,STU00368,2026-06-09,0,51,5,3,5,229
LMS007344,STU00368,2026-01-16,5,142,8,2,2,205
LMS007345,STU00368,2026-05-31,1,151,5,5,2,91
LMS007346,STU00368,2026-04-28,3,49,1,3,5,226
LMS007347,STU00368,2026-04-06,0,111,4,2,3,65
LMS007348,STU00368,2026-02-07,3,109,7,3,3,222
LMS007349,STU00368,2026-03-05,5,100,8,0,4,73
LMS007350,STU00368,2026-04-14,8,88,13,0,0,71
LMS007351,STU00368,2026-05-25,4,104,5,5,0,161
LMS007352,STU00368,2026-05-28,8,26,12,4,2,198
LMS007353,STU00368,2026-01-23,8,49,8,1,5,148
LMS007354,STU00368,2026-04-14,5,106,4,3,3,55
LMS007355,STU00368,2026-05-23,8,146,0,5,3,143
LMS007356,STU00368,2026-06-02,8,154,8,1,0,175
LMS007357,STU00368,2026-01-06,2,85,0,3,4,48
LMS007358,STU00368,2026-03-14,2,143,4,4,5,102
LMS007359,STU00368,2026-02-07,1,135,6,3,5,137
LMS007360,STU00368,2026-02-23,5,70,4,5,4,85
LMS007361,STU00369,2026-01-29,3,174,8,3,1,86
LMS007362,STU00369,2026-01-26,2,59,3,0,1,167
LMS007363,STU00369,2026-06-20,5,126,7,4,1,109
LMS007364,STU00369,2026-05-12,1,135,10,5,4,196
LMS007365,STU00369,2026-03-15,7,145,6,0,0,101
LMS007366,STU00369,2026-05-02,2,114,3,1,4,90
LMS007367,STU00369,2026-04-14,5,104,0,4,5,47
LMS007368,STU00369,2026-02-19,5,36,12,4,3,17
LMS007369,STU00369,2026-02-01,8,34,8,0,0,93
LMS007370,STU00369,2026-02-28,2,41,13,2,0,209
LMS007371,STU00369,2026-06-15,2,142,11,1,3,185
LMS007372,STU00369,2026-02-08,3,49,4,5,2,92
LMS007373,STU00369,2026-04-04,2,85,11,1,3,186
LMS007374,STU00369,2026-06-19,5,141,5,4,2,164
LMS007375,STU00369,2026-02-12,4,0,7,0,1,1
LMS007376,STU00369,2026-03-24,0,164,6,1,4,30
LMS007377,STU00369,2026-04-14,6,7,1,0,2,80
LMS007378,STU00369,2026-06-30,5,120,4,1,5,52
LMS007379,STU00369,2026-02-17,7,37,9,1,1,218
LMS007380,STU00369,2026-05-20,5,72,5,1,3,130
LMS007381,STU00370,2026-05-16,8,76,14,5,5,172
LMS007382,STU00370,2026-03-02,2,4,15,3,2,157
LMS007383,STU00370,2026-02-06,6,163,7,3,3,31
LMS007384,STU00370,2026-02-08,1,175,5,3,1,199
LMS007385,STU00370,2026-03-27,8,139,0,2,1,72
LMS007386,STU00370,2026-03-02,2,62,1,5,5,238
LMS007387,STU00370,2026-06-22,5,106,4,5,2,173
LMS007388,STU00370,2026-02-22,7,134,4,4,0,178
LMS007389,STU00370,2026-04-11,5,85,8,4,4,234
LMS007390,STU00370,2026-01-09,8,127,4,0,0,185
LMS007391,STU00370,2026-03-19,0,133,5,0,5,119
LMS007392,STU00370,2026-05-27,1,74,5,4,2,128
LMS007393,STU00370,2026-05-09,3,46,10,2,0,146
LMS007394,STU00370,2026-01-27,2,34,1,1,0,177
LMS007395,STU00370,2026-01-06,1,80,0,0,5,20
LMS007396,STU00370,2026-06-12,6,129,13,5,3,87
LMS007397,STU00370,2026-03-21,4,87,11,1,2,233
LMS007398,STU00370,2026-05-10,7,162,14,4,1,6
LMS007399,STU00370,2026-06-08,6,107,3,5,4,145
LMS007400,STU00370,2026-02-21,7,15,5,3,2,100
LMS007401,STU00371,2026-05-31,0,110,11,3,2,69
LMS007402,STU00371,2026-06-21,2,102,14,3,2,74
LMS007403,STU00371,2026-04-11,2,139,14,3,2,232
LMS007404,STU00371,2026-04-01,2,9,3,4,3,115
LMS007405,STU00371,2026-01-07,2,117,8,2,2,231
LMS007406,STU00371,2026-01-07,2,2,14,3,5,191
LMS007407,STU00371,2026-01-25,6,16,14,3,3,227
LMS007408,STU00371,2026-02-25,8,77,1,1,4,116
LMS007409,STU00371,2026-05-04,3,7,1,1,1,69
LMS007410,STU00371,2026-03-24,4,178,9,4,4,120
LMS007411,STU00371,2026-04-27,0,47,14,5,0,234
LMS007412,STU00371,2026-01-24,2,36,1,2,5,143
LMS007413,STU00371,2026-03-11,1,115,15,3,1,132
LMS007414,STU00371,2026-01-20,5,58,3,3,5,56
LMS007415,STU00371,2026-05-07,7,66,14,3,1,77
LMS007416,STU00371,2026-01-19,3,26,15,0,2,200
LMS007417,STU00371,2026-06-08,0,66,7,3,5,214
LMS007418,STU00371,2026-04-15,2,46,6,4,3,12
LMS007419,STU00371,2026-05-01,1,105,7,5,1,226
LMS007420,STU00371,2026-04-25,3,31,0,3,0,105
LMS007421,STU00372,2026-01-24,6,138,12,4,4,28
LMS007422,STU00372,2026-06-28,4,23,8,3,1,164
LMS007423,STU00372,2026-01-23,7,174,1,4,0,214
LMS007424,STU00372,2026-06-17,4,110,11,0,4,145
LMS007425,STU00372,2026-01-06,4,42,14,5,3,95
LMS007426,STU00372,2026-02-05,1,180,1,4,5,77
LMS007427,STU00372,2026-04-03,0,71,9,3,1,3
LMS007428,STU00372,2026-04-17,8,124,12,2,3,157
LMS007429,STU00372,2026-04-05,5,178,5,3,5,114
LMS007430,STU00372,2026-05-03,0,107,15,5,0,16
LMS007431,STU00372,2026-04-21,1,2,7,1,5,229
LMS007432,STU00372,2026-01-29,5,39,8,5,1,209
LMS007433,STU00372,2026-01-01,4,149,4,4,3,14
LMS007434,STU00372,2026-03-27,0,96,14,0,2,96
LMS007435,STU00372,2026-03-19,1,118,10,4,3,60
LMS007436,STU00372,2026-04-02,3,23,1,3,2,70
LMS007437,STU00372,2026-05-09,0,155,10,3,2,148
LMS007438,STU00372,2026-01-13,8,89,13,5,5,186
LMS007439,STU00372,2026-03-22,7,47,6,2,4,50
LMS007440,STU00372,2026-06-12,3,86,8,0,3,142
LMS007441,STU00373,2026-02-09,2,91,13,3,3,24
LMS007442,STU00373,2026-06-18,3,147,13,0,2,174
LMS007443,STU00373,2026-03-10,2,105,2,0,2,117
LMS007444,STU00373,2026-03-17,0,123,5,4,2,133
LMS007445,STU00373,2026-01-03,3,125,11,5,2,221
LMS007446,STU00373,2026-04-21,1,53,9,4,5,67
LMS007447,STU00373,2026-02-13,4,62,11,1,1,113
LMS007448,STU00373,2026-03-05,8,20,15,4,0,133
LMS007449,STU00373,2026-05-09,7,106,0,3,2,90
LMS007450,STU00373,2026-03-02,6,65,5,4,0,32
LMS007451,STU00373,2026-04-20,0,101,11,3,0,51
LMS007452,STU00373,2026-04-01,3,174,10,5,2,180
LMS007453,STU00373,2026-06-29,6,99,11,5,1,52
LMS007454,STU00373,2026-03-26,4,117,7,2,2,69
LMS007455,STU00373,2026-01-11,6,12,5,4,1,88
LMS007456,STU00373,2026-02-08,4,59,15,4,4,192
LMS007457,STU00373,2026-04-28,1,175,10,2,2,163
LMS007458,STU00373,2026-02-13,8,139,3,2,4,177
LMS007459,STU00373,2026-05-02,0,37,3,2,4,123
LMS007460,STU00373,2026-05-19,5,111,12,1,0,89
LMS007461,STU00374,2026-03-09,5,92,13,3,5,188
LMS007462,STU00374,2026-01-14,4,95,15,5,0,197
LMS007463,STU00374,2026-02-17,3,90,14,2,4,133
LMS007464,STU00374,2026-05-23,7,42,2,5,0,204
LMS007465,STU00374,2026-01-04,3,164,7,2,1,140
LMS007466,STU00374,2026-02-17,6,170,13,0,4,112
LMS007467,STU00374,2026-01-22,5,21,3,5,4,168
LMS007468,STU00374,2026-03-18,8,119,3,2,3,208
LMS007469,STU00374,2026-03-31,1,159,9,3,3,63
LMS007470,STU00374,2026-02-06,7,164,11,0,0,10
LMS007471,STU00374,2026-05-29,2,62,12,3,1,181
LMS007472,STU00374,2026-03-03,3,174,13,1,2,21
LMS007473,STU00374,2026-01-20,5,112,10,3,0,231
LMS007474,STU00374,2026-01-17,1,175,13,2,3,141
LMS007475,STU00374,2026-05-06,1,167,2,0,2,236
LMS007476,STU00374,2026-06-11,0,134,8,1,4,188
LMS007477,STU00374,2026-04-26,5,4,15,5,0,229
LMS007478,STU00374,2026-06-13,5,53,2,1,0,140
LMS007479,STU00374,2026-04-27,7,112,1,0,0,15
LMS007480,STU00374,2026-04-21,8,140,3,2,0,129
LMS007481,STU00375,2026-04-25,8,139,12,3,2,15
LMS007482,STU00375,2026-04-08,7,36,1,1,1,170
LMS007483,STU00375,2026-05-13,1,91,9,1,1,23
LMS007484,STU00375,2026-05-13,7,56,4,3,0,49
LMS007485,STU00375,2026-01-31,2,145,9,3,2,228
LMS007486,STU00375,2026-01-17,8,12,4,5,0,18
LMS007487,STU00375,2026-05-05,8,40,0,5,0,25
LMS007488,STU00375,2026-05-02,6,52,13,5,2,227
LMS007489,STU00375,2026-04-29,7,171,5,4,3,70
LMS007490,STU00375,2026-03-16,2,54,8,3,2,235
LMS007491,STU00375,2026-02-26,6,6,2,5,4,3
LMS007492,STU00375,2026-02-25,6,73,12,0,2,28
LMS007493,STU00375,2026-01-09,4,137,7,1,1,176
LMS007494,STU00375,2026-06-25,1,104,11,1,5,70
LMS007495,STU00375,2026-03-31,3,91,5,4,4,95
LMS007496,STU00375,2026-04-22,6,98,5,0,2,110
LMS007497,STU00375,2026-01-25,4,171,5,3,5,15
LMS007498,STU00375,2026-06-12,2,165,12,1,3,66
LMS007499,STU00375,2026-03-15,8,76,7,1,5,195
LMS007500,STU00375,2026-05-18,2,105,3,4,3,92
LMS007501,STU00376,2026-03-28,0,3,15,0,2,83
LMS007502,STU00376,2026-05-22,7,179,11,0,0,145
LMS007503,STU00376,2026-06-22,2,68,14,0,1,72
LMS007504,STU00376,2026-05-09,2,40,8,5,1,30
LMS007505,STU00376,2026-05-01,8,175,3,4,2,23
LMS007506,STU00376,2026-02-24,6,166,6,2,1,222
LMS007507,STU00376,2026-05-08,2,131,13,5,0,140
LMS007508,STU00376,2026-01-25,7,46,7,0,3,154
LMS007509,STU00376,2026-05-22,5,49,8,1,0,170
LMS007510,STU00376,2026-03-04,2,178,4,1,1,55
LMS007511,STU00376,2026-05-07,1,80,12,1,3,137
LMS007512,STU00376,2026-06-15,0,46,12,0,1,77
LMS007513,STU00376,2026-05-02,1,49,11,3,3,77
LMS007514,STU00376,2026-05-10,4,88,11,5,5,192
LMS007515,STU00376,2026-02-24,7,111,8,2,5,14
LMS007516,STU00376,2026-06-14,2,130,8,3,0,194
LMS007517,STU00376,2026-05-06,8,56,0,3,4,23
LMS007518,STU00376,2026-05-12,6,7,8,2,3,215
LMS007519,STU00376,2026-05-10,0,153,6,0,5,23
LMS007520,STU00376,2026-05-28,5,177,2,3,1,45
LMS007521,STU00377,2026-02-09,4,83,2,3,3,51
LMS007522,STU00377,2026-06-04,5,155,6,5,0,219
LMS007523,STU00377,2026-06-07,5,13,2,0,4,129
LMS007524,STU00377,2026-06-30,2,88,3,4,3,135
LMS007525,STU00377,2026-06-16,4,146,14,5,3,46
LMS007526,STU00377,2026-01-04,4,124,8,4,4,53
LMS007527,STU00377,2026-04-22,3,107,4,3,1,14
LMS007528,STU00377,2026-05-08,7,137,0,2,1,5
LMS007529,STU00377,2026-04-02,6,148,11,5,0,24
LMS007530,STU00377,2026-06-14,2,164,2,5,4,102
LMS007531,STU00377,2026-06-08,2,165,2,5,2,112
LMS007532,STU00377,2026-01-27,6,82,10,2,3,30
LMS007533,STU00377,2026-01-09,1,116,3,4,5,52
LMS007534,STU00377,2026-01-18,3,117,12,3,5,154
LMS007535,STU00377,2026-05-17,4,125,1,0,0,89
LMS007536,STU00377,2026-02-13,8,120,12,0,1,138
LMS007537,STU00377,2026-04-04,4,74,4,5,0,231
LMS007538,STU00377,2026-03-18,6,118,11,3,2,40
LMS007539,STU00377,2026-05-15,4,150,15,1,5,148
LMS007540,STU00377,2026-02-09,4,113,8,3,1,143
LMS007541,STU00378,2026-02-23,7,113,14,0,3,200
LMS007542,STU00378,2026-03-13,3,17,9,0,2,180
LMS007543,STU00378,2026-05-25,6,151,4,1,2,147
LMS007544,STU00378,2026-05-20,2,149,0,0,1,85
LMS007545,STU00378,2026-03-20,3,63,8,4,0,68
LMS007546,STU00378,2026-06-04,0,35,14,2,0,135
LMS007547,STU00378,2026-05-31,2,159,0,5,3,15
LMS007548,STU00378,2026-05-27,7,84,10,5,4,18
LMS007549,STU00378,2026-06-09,5,98,11,3,0,47
LMS007550,STU00378,2026-06-25,7,101,11,2,0,2
LMS007551,STU00378,2026-06-25,8,6,14,0,0,212
LMS007552,STU00378,2026-06-29,6,106,15,0,4,8
LMS007553,STU00378,2026-05-16,3,67,14,3,2,68
LMS007554,STU00378,2026-05-15,3,179,11,2,0,99
LMS007555,STU00378,2026-06-22,8,169,9,4,1,51
LMS007556,STU00378,2026-05-09,7,76,2,3,3,128
LMS007557,STU00378,2026-01-06,5,135,6,0,3,115
LMS007558,STU00378,2026-03-24,2,145,3,5,0,202
LMS007559,STU00378,2026-03-21,0,40,3,0,3,19
LMS007560,STU00378,2026-03-01,6,129,14,5,3,183
LMS007561,STU00379,2026-05-01,2,74,8,4,5,127
LMS007562,STU00379,2026-05-02,7,133,1,3,5,134
LMS007563,STU00379,2026-01-10,3,179,9,0,5,75
LMS007564,STU00379,2026-02-17,7,177,4,1,1,61
LMS007565,STU00379,2026-05-17,4,35,10,0,0,124
LMS007566,STU00379,2026-05-05,6,117,8,1,4,119
LMS007567,STU00379,2026-01-01,4,68,11,4,2,57
LMS007568,STU00379,2026-04-26,2,177,7,5,2,145
LMS007569,STU00379,2026-04-18,8,10,1,1,2,67
LMS007570,STU00379,2026-06-14,5,39,12,5,1,4
LMS007571,STU00379,2026-03-28,2,173,9,3,4,199
LMS007572,STU00379,2026-06-15,0,125,4,3,3,146
LMS007573,STU00379,2026-02-16,6,97,14,3,1,193
LMS007574,STU00379,2026-01-04,5,131,10,3,4,74
LMS007575,STU00379,2026-02-15,6,76,4,5,2,101
LMS007576,STU00379,2026-01-21,6,25,13,1,0,110
LMS007577,STU00379,2026-01-27,0,68,3,0,3,146
LMS007578,STU00379,2026-02-12,6,15,11,5,0,239
LMS007579,STU00379,2026-02-24,0,26,7,0,3,86
LMS007580,STU00379,2026-06-28,1,94,5,3,0,17
LMS007581,STU00380,2026-05-05,2,16,10,5,4,133
LMS007582,STU00380,2026-04-04,3,41,6,4,4,52
LMS007583,STU00380,2026-02-08,1,152,10,1,1,88
LMS007584,STU00380,2026-04-10,3,52,1,3,0,106
LMS007585,STU00380,2026-06-17,0,45,12,4,5,220
LMS007586,STU00380,2026-03-06,5,174,2,5,4,95
LMS007587,STU00380,2026-05-13,0,25,12,5,5,173
LMS007588,STU00380,2026-03-01,2,180,3,5,3,195
LMS007589,STU00380,2026-02-04,3,167,11,3,5,106
LMS007590,STU00380,2026-06-24,2,120,14,2,3,106
LMS007591,STU00380,2026-04-24,5,162,7,4,0,145
LMS007592,STU00380,2026-03-14,2,57,12,0,3,136
LMS007593,STU00380,2026-05-12,5,122,9,2,2,62
LMS007594,STU00380,2026-04-11,8,46,4,1,4,49
LMS007595,STU00380,2026-04-21,6,166,2,1,2,120
LMS007596,STU00380,2026-06-23,7,156,0,4,2,85
LMS007597,STU00380,2026-01-03,0,79,9,3,2,69
LMS007598,STU00380,2026-06-28,7,142,8,5,3,144
LMS007599,STU00380,2026-06-19,3,143,4,3,0,109
LMS007600,STU00380,2026-01-25,3,101,7,2,3,215
LMS007601,STU00381,2026-01-10,5,90,8,5,4,219
LMS007602,STU00381,2026-05-05,0,27,5,5,3,79
LMS007603,STU00381,2026-01-12,2,86,7,5,4,224
LMS007604,STU00381,2026-01-30,8,97,4,1,3,49
LMS007605,STU00381,2026-04-08,1,10,12,0,2,187
LMS007606,STU00381,2026-06-19,8,12,13,5,0,100
LMS007607,STU00381,2026-01-13,1,56,13,4,2,73
LMS007608,STU00381,2026-01-21,5,106,15,1,5,4
LMS007609,STU00381,2026-03-23,7,58,9,3,5,54
LMS007610,STU00381,2026-02-02,5,1,7,3,4,59
LMS007611,STU00381,2026-03-26,7,166,3,2,2,24
LMS007612,STU00381,2026-01-27,2,121,13,0,2,153
LMS007613,STU00381,2026-06-11,8,56,14,5,5,54
LMS007614,STU00381,2026-05-07,0,135,10,2,4,177
LMS007615,STU00381,2026-06-07,4,55,11,2,1,200
LMS007616,STU00381,2026-04-28,3,62,9,5,4,186
LMS007617,STU00381,2026-04-29,8,81,10,5,4,187
LMS007618,STU00381,2026-02-06,0,34,3,1,1,32
LMS007619,STU00381,2026-06-26,3,145,9,1,3,229
LMS007620,STU00381,2026-06-28,2,52,4,1,0,26
LMS007621,STU00382,2026-03-14,5,102,6,2,5,173
LMS007622,STU00382,2026-04-14,1,167,4,1,2,175
LMS007623,STU00382,2026-03-08,4,42,3,4,2,208
LMS007624,STU00382,2026-03-29,6,159,14,3,5,170
LMS007625,STU00382,2026-05-14,2,39,9,1,5,64
LMS007626,STU00382,2026-05-12,0,59,11,5,0,45
LMS007627,STU00382,2026-02-15,8,177,2,5,0,171
LMS007628,STU00382,2026-04-16,0,75,4,1,3,146
LMS007629,STU00382,2026-04-11,8,112,11,2,1,202
LMS007630,STU00382,2026-02-17,5,79,2,4,3,59
LMS007631,STU00382,2026-02-01,5,64,8,3,5,232
LMS007632,STU00382,2026-03-19,2,174,2,1,0,27
LMS007633,STU00382,2026-04-09,3,168,10,3,2,47
LMS007634,STU00382,2026-02-15,2,98,5,3,0,136
LMS007635,STU00382,2026-04-05,1,9,7,2,4,86
LMS007636,STU00382,2026-04-12,7,84,5,0,5,181
LMS007637,STU00382,2026-04-21,6,60,2,2,1,136
LMS007638,STU00382,2026-01-14,8,99,14,5,2,235
LMS007639,STU00382,2026-06-24,4,140,13,4,3,59
LMS007640,STU00382,2026-06-26,7,84,12,0,0,110
LMS007641,STU00383,2026-04-15,6,47,4,4,2,12
LMS007642,STU00383,2026-04-28,6,38,9,0,1,139
LMS007643,STU00383,2026-01-26,2,80,5,1,3,31
LMS007644,STU00383,2026-06-12,7,171,11,0,5,132
LMS007645,STU00383,2026-01-14,3,165,11,5,0,197
LMS007646,STU00383,2026-01-29,7,170,0,2,2,155
LMS007647,STU00383,2026-03-01,2,152,7,3,5,45
LMS007648,STU00383,2026-02-25,2,26,12,1,0,189
LMS007649,STU00383,2026-06-02,7,36,2,0,1,219
LMS007650,STU00383,2026-06-12,2,9,5,5,2,236
LMS007651,STU00383,2026-01-18,3,171,9,0,3,83
LMS007652,STU00383,2026-05-19,8,119,1,1,3,118
LMS007653,STU00383,2026-06-06,6,104,6,3,3,204
LMS007654,STU00383,2026-03-17,1,93,10,4,3,204
LMS007655,STU00383,2026-04-16,2,47,10,0,2,10
LMS007656,STU00383,2026-06-28,6,31,5,0,0,25
LMS007657,STU00383,2026-06-28,8,160,1,0,0,55
LMS007658,STU00383,2026-03-02,8,1,10,5,5,168
LMS007659,STU00383,2026-05-18,8,21,11,5,0,135
LMS007660,STU00383,2026-05-10,3,0,10,2,4,55
LMS007661,STU00384,2026-02-20,2,94,7,5,0,108
LMS007662,STU00384,2026-06-17,8,106,2,1,4,101
LMS007663,STU00384,2026-04-20,4,41,8,2,1,198
LMS007664,STU00384,2026-01-08,2,172,7,2,5,227
LMS007665,STU00384,2026-02-01,3,117,0,0,1,187
LMS007666,STU00384,2026-04-02,4,58,8,5,0,102
LMS007667,STU00384,2026-03-08,5,43,10,1,0,95
LMS007668,STU00384,2026-04-23,7,150,8,2,4,177
LMS007669,STU00384,2026-05-03,4,38,10,3,0,239
LMS007670,STU00384,2026-06-10,8,64,13,4,2,140
LMS007671,STU00384,2026-06-13,3,84,14,2,1,51
LMS007672,STU00384,2026-02-16,2,104,9,1,3,187
LMS007673,STU00384,2026-02-09,2,58,6,2,5,87
LMS007674,STU00384,2026-05-08,2,121,8,3,0,45
LMS007675,STU00384,2026-01-19,8,33,5,5,1,149
LMS007676,STU00384,2026-06-08,0,8,12,0,5,230
LMS007677,STU00384,2026-01-19,7,142,12,5,5,51
LMS007678,STU00384,2026-05-18,8,2,13,3,0,131
LMS007679,STU00384,2026-02-24,4,68,9,5,1,131
LMS007680,STU00384,2026-06-04,4,60,13,2,0,195
LMS007681,STU00385,2026-06-15,0,20,8,1,0,98
LMS007682,STU00385,2026-03-28,0,146,6,3,2,163
LMS007683,STU00385,2026-03-10,0,124,5,1,0,111
LMS007684,STU00385,2026-06-29,0,124,11,2,2,88
LMS007685,STU00385,2026-04-10,7,120,9,1,0,126
LMS007686,STU00385,2026-06-14,6,10,8,3,1,62
LMS007687,STU00385,2026-02-15,1,11,4,0,1,189
LMS007688,STU00385,2026-03-28,6,76,3,4,3,135
LMS007689,STU00385,2026-02-01,5,70,6,5,3,234
LMS007690,STU00385,2026-05-13,8,95,13,2,0,204
LMS007691,STU00385,2026-05-30,3,171,2,5,1,26
LMS007692,STU00385,2026-01-13,0,169,4,1,4,128
LMS007693,STU00385,2026-01-27,5,60,15,3,0,179
LMS007694,STU00385,2026-01-29,5,104,13,4,4,152
LMS007695,STU00385,2026-05-10,6,22,1,3,3,19
LMS007696,STU00385,2026-01-05,0,65,4,5,5,155
LMS007697,STU00385,2026-06-24,4,54,15,1,2,44
LMS007698,STU00385,2026-06-29,1,147,0,3,5,194
LMS007699,STU00385,2026-02-22,4,44,10,5,5,190
LMS007700,STU00385,2026-05-18,3,173,1,0,3,16
LMS007701,STU00386,2026-05-25,6,129,4,2,2,15
LMS007702,STU00386,2026-06-21,2,60,12,5,5,199
LMS007703,STU00386,2026-06-13,6,21,0,2,0,187
LMS007704,STU00386,2026-01-04,7,152,12,3,3,47
LMS007705,STU00386,2026-06-10,2,174,0,1,2,16
LMS007706,STU00386,2026-04-02,3,139,10,2,0,140
LMS007707,STU00386,2026-02-12,1,25,4,3,2,186
LMS007708,STU00386,2026-04-19,1,44,2,5,3,134
LMS007709,STU00386,2026-06-22,6,142,9,2,5,201
LMS007710,STU00386,2026-05-28,3,169,11,5,4,152
LMS007711,STU00386,2026-02-22,8,38,4,1,3,45
LMS007712,STU00386,2026-04-20,5,159,2,0,4,169
LMS007713,STU00386,2026-01-23,7,140,2,5,2,72
LMS007714,STU00386,2026-05-25,6,40,2,4,1,128
LMS007715,STU00386,2026-03-23,1,146,10,4,1,230
LMS007716,STU00386,2026-01-04,5,19,2,1,5,215
LMS007717,STU00386,2026-02-28,2,37,15,3,4,29
LMS007718,STU00386,2026-02-08,7,59,7,3,5,232
LMS007719,STU00386,2026-03-23,8,116,14,5,0,205
LMS007720,STU00386,2026-06-09,7,83,15,4,4,175
LMS007721,STU00387,2026-03-24,8,60,7,3,4,208
LMS007722,STU00387,2026-01-10,2,67,13,0,4,34
LMS007723,STU00387,2026-06-22,1,73,12,5,5,199
LMS007724,STU00387,2026-03-14,6,35,14,2,4,140
LMS007725,STU00387,2026-01-02,2,15,13,5,5,118
LMS007726,STU00387,2026-05-06,6,113,1,1,1,99
LMS007727,STU00387,2026-02-10,6,102,13,1,5,122
LMS007728,STU00387,2026-02-13,7,37,3,0,1,100
LMS007729,STU00387,2026-06-28,1,148,13,3,2,181
LMS007730,STU00387,2026-04-10,6,174,12,4,2,174
LMS007731,STU00387,2026-05-10,2,25,0,2,1,43
LMS007732,STU00387,2026-04-08,0,3,6,3,5,68
LMS007733,STU00387,2026-01-28,4,147,5,3,2,108
LMS007734,STU00387,2026-01-24,0,40,15,0,3,84
LMS007735,STU00387,2026-05-25,2,103,3,4,1,66
LMS007736,STU00387,2026-02-13,8,142,14,0,5,142
LMS007737,STU00387,2026-04-21,1,43,9,5,1,192
LMS007738,STU00387,2026-01-15,8,160,15,2,5,163
LMS007739,STU00387,2026-01-30,6,146,11,3,1,56
LMS007740,STU00387,2026-03-26,4,27,15,4,0,12
LMS007741,STU00388,2026-02-26,2,30,0,2,2,54
LMS007742,STU00388,2026-03-03,4,46,14,5,1,161
LMS007743,STU00388,2026-01-21,1,15,1,0,3,146
LMS007744,STU00388,2026-04-07,7,114,2,4,0,85
LMS007745,STU00388,2026-01-14,6,140,14,4,5,33
LMS007746,STU00388,2026-04-22,8,21,7,5,1,130
LMS007747,STU00388,2026-04-17,5,144,9,1,2,82
LMS007748,STU00388,2026-04-07,1,44,14,1,5,110
LMS007749,STU00388,2026-04-03,6,150,5,0,2,41
LMS007750,STU00388,2026-02-01,0,69,7,1,5,221
LMS007751,STU00388,2026-02-17,2,73,4,5,5,227
LMS007752,STU00388,2026-03-30,8,112,2,5,5,134
LMS007753,STU00388,2026-06-02,3,121,10,3,1,161
LMS007754,STU00388,2026-03-23,3,68,4,1,0,117
LMS007755,STU00388,2026-03-08,0,171,0,0,2,172
LMS007756,STU00388,2026-03-26,5,131,12,5,0,153
LMS007757,STU00388,2026-03-21,4,34,7,0,2,22
LMS007758,STU00388,2026-04-15,4,172,4,3,0,161
LMS007759,STU00388,2026-01-29,2,176,15,4,5,240
LMS007760,STU00388,2026-01-24,3,71,8,0,0,75
LMS007761,STU00389,2026-02-16,8,110,9,3,2,95
LMS007762,STU00389,2026-04-10,6,142,9,0,4,49
LMS007763,STU00389,2026-02-22,4,64,14,0,3,178
LMS007764,STU00389,2026-04-10,8,71,5,2,0,73
LMS007765,STU00389,2026-05-04,2,142,5,2,3,46
LMS007766,STU00389,2026-05-29,6,174,1,4,4,88
LMS007767,STU00389,2026-01-03,4,48,5,5,0,191
LMS007768,STU00389,2026-06-04,4,63,4,5,2,107
LMS007769,STU00389,2026-06-27,7,152,11,3,3,137
LMS007770,STU00389,2026-01-16,6,33,5,0,4,2
LMS007771,STU00389,2026-02-07,2,45,8,1,3,46
LMS007772,STU00389,2026-01-21,5,52,13,3,0,196
LMS007773,STU00389,2026-05-25,3,127,2,4,5,16
LMS007774,STU00389,2026-06-28,3,86,5,2,5,158
LMS007775,STU00389,2026-03-28,7,77,6,2,4,112
LMS007776,STU00389,2026-05-09,3,147,5,2,3,215
LMS007777,STU00389,2026-02-08,0,14,7,5,2,139
LMS007778,STU00389,2026-06-28,8,45,6,1,5,122
LMS007779,STU00389,2026-06-10,7,150,7,1,2,150
LMS007780,STU00389,2026-05-05,5,56,13,0,3,59
LMS007781,STU00390,2026-02-25,1,150,11,3,1,44
LMS007782,STU00390,2026-02-11,4,176,12,3,2,208
LMS007783,STU00390,2026-06-05,2,66,6,5,5,146
LMS007784,STU00390,2026-01-14,4,171,14,0,0,235
LMS007785,STU00390,2026-03-09,4,82,7,1,2,178
LMS007786,STU00390,2026-04-24,2,0,8,0,4,176
LMS007787,STU00390,2026-06-06,6,131,13,5,0,70
LMS007788,STU00390,2026-05-04,3,87,2,1,0,73
LMS007789,STU00390,2026-04-05,4,14,15,1,4,230
LMS007790,STU00390,2026-01-28,0,80,7,3,1,185
LMS007791,STU00390,2026-01-27,1,117,14,2,0,105
LMS007792,STU00390,2026-03-23,0,100,6,1,0,97
LMS007793,STU00390,2026-02-28,5,137,12,5,2,100
LMS007794,STU00390,2026-04-30,7,80,3,2,2,79
LMS007795,STU00390,2026-06-01,4,142,6,1,2,15
LMS007796,STU00390,2026-04-04,2,3,7,2,2,171
LMS007797,STU00390,2026-01-30,1,89,0,1,1,107
LMS007798,STU00390,2026-02-12,8,157,8,2,3,79
LMS007799,STU00390,2026-03-19,0,105,3,5,4,136
LMS007800,STU00390,2026-01-14,0,69,13,2,0,197
LMS007801,STU00391,2026-06-05,2,2,10,1,3,106
LMS007802,STU00391,2026-06-24,8,111,15,5,2,213
LMS007803,STU00391,2026-06-06,6,81,0,2,1,137
LMS007804,STU00391,2026-01-03,8,34,5,3,4,107
LMS007805,STU00391,2026-03-18,2,49,9,0,3,223
LMS007806,STU00391,2026-06-09,8,65,5,4,0,154
LMS007807,STU00391,2026-06-30,0,49,5,5,1,211
LMS007808,STU00391,2026-05-12,3,97,15,4,4,46
LMS007809,STU00391,2026-04-15,0,136,10,5,3,181
LMS007810,STU00391,2026-04-11,7,26,7,0,1,42
LMS007811,STU00391,2026-02-07,2,76,9,0,1,45
LMS007812,STU00391,2026-04-07,0,79,3,1,5,153
LMS007813,STU00391,2026-05-22,6,22,6,5,3,83
LMS007814,STU00391,2026-05-06,4,85,4,2,3,113
LMS007815,STU00391,2026-01-17,7,84,8,2,4,61
LMS007816,STU00391,2026-01-12,4,2,14,2,3,60
LMS007817,STU00391,2026-04-18,5,65,15,2,3,60
LMS007818,STU00391,2026-06-09,4,51,14,5,1,199
LMS007819,STU00391,2026-03-11,6,73,6,0,3,79
LMS007820,STU00391,2026-02-13,3,169,4,3,5,128
LMS007821,STU00392,2026-03-25,2,167,0,0,3,44
LMS007822,STU00392,2026-06-28,7,60,1,3,3,219
LMS007823,STU00392,2026-06-27,4,10,4,4,3,107
LMS007824,STU00392,2026-06-02,6,74,6,0,0,168
LMS007825,STU00392,2026-06-08,2,51,0,2,1,148
LMS007826,STU00392,2026-06-27,8,151,2,1,2,4
LMS007827,STU00392,2026-03-28,0,75,12,5,2,99
LMS007828,STU00392,2026-03-27,2,110,9,3,3,220
LMS007829,STU00392,2026-06-08,7,57,14,1,4,73
LMS007830,STU00392,2026-06-22,2,18,0,4,0,203
LMS007831,STU00392,2026-03-22,7,111,2,4,2,224
LMS007832,STU00392,2026-04-23,7,96,7,5,1,168
LMS007833,STU00392,2026-02-14,4,9,9,4,4,62
LMS007834,STU00392,2026-03-07,2,105,15,1,2,25
LMS007835,STU00392,2026-02-15,8,120,11,3,2,4
LMS007836,STU00392,2026-05-07,7,77,10,5,5,142
LMS007837,STU00392,2026-03-23,3,38,0,3,5,48
LMS007838,STU00392,2026-01-14,3,67,7,0,4,128
LMS007839,STU00392,2026-05-26,5,96,14,4,4,91
LMS007840,STU00392,2026-03-20,5,62,15,1,3,198
LMS007841,STU00393,2026-01-21,6,10,5,4,0,164
LMS007842,STU00393,2026-04-24,2,22,15,5,5,126
LMS007843,STU00393,2026-01-13,8,154,4,2,0,71
LMS007844,STU00393,2026-06-06,0,58,4,1,0,187
LMS007845,STU00393,2026-03-19,5,151,0,1,2,166
LMS007846,STU00393,2026-03-11,8,145,0,3,5,133
LMS007847,STU00393,2026-04-27,4,169,2,5,1,8
LMS007848,STU00393,2026-04-27,4,57,7,2,0,46
LMS007849,STU00393,2026-06-05,3,166,4,0,1,155
LMS007850,STU00393,2026-05-04,4,93,4,5,1,144
LMS007851,STU00393,2026-02-09,5,174,3,5,4,235
LMS007852,STU00393,2026-06-04,5,117,4,0,3,135
LMS007853,STU00393,2026-04-04,0,10,0,1,4,120
LMS007854,STU00393,2026-03-21,0,78,3,2,0,93
LMS007855,STU00393,2026-02-19,0,157,9,4,0,163
LMS007856,STU00393,2026-02-28,8,161,8,1,3,96
LMS007857,STU00393,2026-02-25,0,63,13,4,1,202
LMS007858,STU00393,2026-02-10,4,46,7,3,0,219
LMS007859,STU00393,2026-02-16,7,113,10,0,1,127
LMS007860,STU00393,2026-05-14,3,39,5,4,5,109
LMS007861,STU00394,2026-03-27,5,159,7,2,1,222
LMS007862,STU00394,2026-05-12,4,42,15,4,4,99
LMS007863,STU00394,2026-01-08,0,177,3,2,4,169
LMS007864,STU00394,2026-06-07,5,72,13,1,0,225
LMS007865,STU00394,2026-04-27,7,176,4,4,3,133
LMS007866,STU00394,2026-05-08,3,102,5,0,3,93
LMS007867,STU00394,2026-03-23,5,81,11,3,2,144
LMS007868,STU00394,2026-02-06,0,170,9,3,0,114
LMS007869,STU00394,2026-03-14,1,164,1,1,1,170
LMS007870,STU00394,2026-01-23,2,44,6,3,5,1
LMS007871,STU00394,2026-01-08,1,87,5,0,4,12
LMS007872,STU00394,2026-05-08,7,24,3,0,4,144
LMS007873,STU00394,2026-06-23,2,4,9,4,1,101
LMS007874,STU00394,2026-06-06,3,105,4,2,4,13
LMS007875,STU00394,2026-06-21,6,40,7,5,3,95
LMS007876,STU00394,2026-04-01,0,35,9,4,3,21
LMS007877,STU00394,2026-04-09,6,138,8,1,1,176
LMS007878,STU00394,2026-03-12,1,4,10,5,3,2
LMS007879,STU00394,2026-03-17,2,38,11,1,0,160
LMS007880,STU00394,2026-02-26,2,109,1,5,1,136
LMS007881,STU00395,2026-01-18,3,39,12,3,3,234
LMS007882,STU00395,2026-06-04,5,90,5,3,4,121
LMS007883,STU00395,2026-02-15,0,164,0,5,1,219
LMS007884,STU00395,2026-02-25,2,178,13,2,1,107
LMS007885,STU00395,2026-03-23,4,108,7,3,2,79
LMS007886,STU00395,2026-03-19,1,156,8,0,5,14
LMS007887,STU00395,2026-03-24,6,52,6,0,2,222
LMS007888,STU00395,2026-01-26,6,2,13,0,2,17
LMS007889,STU00395,2026-03-21,8,73,14,4,4,107
LMS007890,STU00395,2026-04-12,2,62,4,5,3,89
LMS007891,STU00395,2026-05-25,1,97,7,3,3,193
LMS007892,STU00395,2026-05-31,7,156,1,3,3,48
LMS007893,STU00395,2026-02-10,7,7,1,1,0,208
LMS007894,STU00395,2026-04-24,8,156,2,0,4,219
LMS007895,STU00395,2026-06-03,7,20,10,2,1,185
LMS007896,STU00395,2026-06-15,0,70,4,0,1,57
LMS007897,STU00395,2026-06-29,8,150,15,2,1,113
LMS007898,STU00395,2026-04-24,4,92,10,1,5,155
LMS007899,STU00395,2026-04-21,7,0,5,0,4,26
LMS007900,STU00395,2026-03-12,6,6,3,2,1,75
LMS007901,STU00396,2026-04-03,2,40,3,2,1,114
LMS007902,STU00396,2026-05-23,4,17,7,5,4,41
LMS007903,STU00396,2026-04-27,7,65,3,5,3,83
LMS007904,STU00396,2026-01-31,7,116,15,0,5,188
LMS007905,STU00396,2026-01-30,4,98,6,1,4,172
LMS007906,STU00396,2026-06-23,5,152,11,2,1,110
LMS007907,STU00396,2026-06-18,0,171,6,2,4,47
LMS007908,STU00396,2026-06-06,3,66,8,0,1,151
LMS007909,STU00396,2026-02-20,3,155,11,0,4,106
LMS007910,STU00396,2026-05-07,4,133,2,0,4,122
LMS007911,STU00396,2026-02-26,1,141,14,3,3,122
LMS007912,STU00396,2026-04-16,1,109,14,5,0,196
LMS007913,STU00396,2026-06-29,4,9,6,1,3,4
LMS007914,STU00396,2026-06-17,5,149,14,5,0,192
LMS007915,STU00396,2026-02-08,1,11,2,1,5,101
LMS007916,STU00396,2026-03-04,8,147,5,0,5,108
LMS007917,STU00396,2026-04-11,1,26,2,1,4,182
LMS007918,STU00396,2026-03-06,8,40,11,0,3,178
LMS007919,STU00396,2026-05-11,5,163,1,5,0,113
LMS007920,STU00396,2026-03-15,2,36,5,5,4,195
LMS007921,STU00397,2026-06-29,4,0,13,0,1,201
LMS007922,STU00397,2026-04-21,6,140,11,4,5,112
LMS007923,STU00397,2026-02-13,3,91,11,1,3,87
LMS007924,STU00397,2026-02-10,5,179,10,5,2,106
LMS007925,STU00397,2026-06-06,5,1,12,3,5,236
LMS007926,STU00397,2026-03-25,8,62,9,2,3,217
LMS007927,STU00397,2026-06-21,0,142,14,4,5,102
LMS007928,STU00397,2026-04-29,2,59,15,2,2,41
LMS007929,STU00397,2026-04-15,7,68,5,3,2,67
LMS007930,STU00397,2026-06-17,0,110,11,2,3,36
LMS007931,STU00397,2026-02-10,0,133,13,0,2,83
LMS007932,STU00397,2026-03-25,7,70,15,3,1,101
LMS007933,STU00397,2026-02-01,5,72,3,0,3,26
LMS007934,STU00397,2026-05-18,6,29,14,1,3,227
LMS007935,STU00397,2026-05-10,7,110,11,0,2,174
LMS007936,STU00397,2026-05-07,1,89,6,5,5,58
LMS007937,STU00397,2026-05-16,8,153,5,3,4,172
LMS007938,STU00397,2026-04-07,3,50,9,0,2,208
LMS007939,STU00397,2026-02-09,2,94,9,4,1,49
LMS007940,STU00397,2026-01-25,8,88,11,2,0,145
LMS007941,STU00398,2026-02-21,2,85,10,1,5,197
LMS007942,STU00398,2026-04-02,1,43,9,5,4,67
LMS007943,STU00398,2026-04-07,4,94,0,2,1,220
LMS007944,STU00398,2026-06-22,1,90,7,4,1,201
LMS007945,STU00398,2026-02-06,6,70,15,1,3,9
LMS007946,STU00398,2026-01-13,3,167,12,3,1,148
LMS007947,STU00398,2026-01-18,7,44,2,5,4,83
LMS007948,STU00398,2026-05-04,2,113,9,0,1,146
LMS007949,STU00398,2026-04-25,1,145,2,4,5,107
LMS007950,STU00398,2026-03-22,0,166,5,4,3,26
LMS007951,STU00398,2026-02-23,7,171,2,0,1,105
LMS007952,STU00398,2026-05-02,4,37,15,1,5,133
LMS007953,STU00398,2026-03-06,8,37,1,3,0,48
LMS007954,STU00398,2026-04-21,4,5,5,5,0,153
LMS007955,STU00398,2026-04-23,8,29,11,0,5,196
LMS007956,STU00398,2026-03-16,5,109,15,5,0,194
LMS007957,STU00398,2026-05-16,8,64,1,1,4,203
LMS007958,STU00398,2026-04-15,4,86,14,0,5,3
LMS007959,STU00398,2026-02-18,7,170,7,1,0,96
LMS007960,STU00398,2026-05-05,1,83,13,2,3,196
LMS007961,STU00399,2026-02-08,2,117,15,0,3,80
LMS007962,STU00399,2026-06-21,0,95,7,5,1,210
LMS007963,STU00399,2026-06-24,8,24,9,5,4,49
LMS007964,STU00399,2026-02-06,8,78,5,3,4,6
LMS007965,STU00399,2026-01-07,2,3,13,4,0,34
LMS007966,STU00399,2026-05-16,0,135,15,2,4,48
LMS007967,STU00399,2026-06-02,7,50,9,3,3,202
LMS007968,STU00399,2026-06-04,4,27,7,1,2,114
LMS007969,STU00399,2026-02-18,3,88,4,4,0,115
LMS007970,STU00399,2026-03-28,2,106,12,4,3,110
LMS007971,STU00399,2026-03-12,3,57,4,2,1,160
LMS007972,STU00399,2026-06-01,0,66,10,1,0,186
LMS007973,STU00399,2026-05-06,8,53,0,4,2,79
LMS007974,STU00399,2026-05-06,1,103,9,2,5,76
LMS007975,STU00399,2026-06-13,8,6,8,0,3,12
LMS007976,STU00399,2026-01-21,8,36,5,1,2,96
LMS007977,STU00399,2026-05-26,2,108,15,2,1,195
LMS007978,STU00399,2026-02-20,6,38,15,3,2,7
LMS007979,STU00399,2026-04-15,3,110,10,4,2,10
LMS007980,STU00399,2026-05-29,3,132,11,4,0,206
LMS007981,STU00400,2026-02-10,2,179,9,5,5,117
LMS007982,STU00400,2026-04-24,3,77,3,1,3,211
LMS007983,STU00400,2026-04-07,2,90,12,1,4,82
LMS007984,STU00400,2026-04-29,5,112,2,5,2,184
LMS007985,STU00400,2026-02-14,6,28,0,0,0,235
LMS007986,STU00400,2026-03-16,0,17,6,3,1,63
LMS007987,STU00400,2026-02-05,3,67,14,2,0,209
LMS007988,STU00400,2026-04-05,0,180,0,4,1,208
LMS007989,STU00400,2026-06-27,3,61,0,0,5,105
LMS007990,STU00400,2026-05-09,8,134,6,1,1,175
LMS007991,STU00400,2026-01-15,6,25,5,4,2,118
LMS007992,STU00400,2026-03-24,0,63,11,3,3,162
LMS007993,STU00400,2026-02-12,7,4,2,0,2,70
LMS007994,STU00400,2026-01-01,6,95,0,0,5,171
LMS007995,STU00400,2026-04-06,1,78,2,3,1,161
LMS007996,STU00400,2026-04-02,0,100,0,5,3,129
LMS007997,STU00400,2026-04-10,2,10,2,2,5,210
LMS007998,STU00400,2026-02-13,1,107,1,2,1,145
LMS007999,STU00400,2026-05-22,0,110,0,2,3,14
LMS008000,STU00400,2026-02-12,0,38,14,2,3,106
LMS008001,STU00401,2026-06-19,8,175,12,5,2,177
LMS008002,STU00401,2026-06-26,7,46,15,0,5,139
LMS008003,STU00401,2026-04-13,2,25,3,1,3,19
LMS008004,STU00401,2026-02-20,0,59,2,4,3,90
LMS008005,STU00401,2026-04-03,1,170,14,1,4,103
LMS008006,STU00401,2026-06-24,4,74,7,1,1,155
LMS008007,STU00401,2026-04-23,7,60,9,4,2,93
LMS008008,STU00401,2026-03-19,1,66,6,4,1,30
LMS008009,STU00401,2026-05-12,1,15,12,4,0,217
LMS008010,STU00401,2026-02-14,7,39,4,1,4,107
LMS008011,STU00401,2026-05-16,4,73,1,3,0,116
LMS008012,STU00401,2026-04-18,8,125,3,1,5,129
LMS008013,STU00401,2026-02-06,1,179,0,5,0,211
LMS008014,STU00401,2026-03-05,0,94,2,4,1,161
LMS008015,STU00401,2026-06-26,5,63,14,1,3,27
LMS008016,STU00401,2026-05-17,8,103,6,0,0,170
LMS008017,STU00401,2026-02-12,6,115,9,5,2,187
LMS008018,STU00401,2026-03-26,0,88,10,4,1,98
LMS008019,STU00401,2026-01-20,3,180,9,5,3,123
LMS008020,STU00401,2026-02-03,5,63,7,0,0,216
LMS008021,STU00402,2026-02-21,2,109,9,1,3,139
LMS008022,STU00402,2026-06-17,8,22,10,0,0,129
LMS008023,STU00402,2026-01-08,1,91,9,0,1,198
LMS008024,STU00402,2026-03-08,1,5,2,2,0,29
LMS008025,STU00402,2026-05-04,0,170,14,2,2,206
LMS008026,STU00402,2026-05-22,4,4,8,3,0,206
LMS008027,STU00402,2026-01-26,4,79,12,1,1,14
LMS008028,STU00402,2026-06-25,4,76,2,4,1,210
LMS008029,STU00402,2026-04-26,2,36,11,2,5,219
LMS008030,STU00402,2026-03-20,7,170,2,3,0,38
LMS008031,STU00402,2026-03-11,3,144,11,2,2,98
LMS008032,STU00402,2026-01-28,0,126,6,5,1,114
LMS008033,STU00402,2026-06-23,3,58,7,2,5,63
LMS008034,STU00402,2026-02-04,0,82,13,3,2,100
LMS008035,STU00402,2026-05-01,1,85,12,2,2,197
LMS008036,STU00402,2026-04-16,8,79,8,5,0,18
LMS008037,STU00402,2026-06-24,0,128,14,3,3,202
LMS008038,STU00402,2026-03-01,8,163,15,1,0,85
LMS008039,STU00402,2026-02-02,1,51,0,1,4,39
LMS008040,STU00402,2026-06-30,1,54,8,2,0,50
LMS008041,STU00403,2026-04-26,1,114,3,2,4,197
LMS008042,STU00403,2026-05-06,6,53,14,0,3,188
LMS008043,STU00403,2026-02-14,8,141,5,2,2,78
LMS008044,STU00403,2026-06-14,1,44,9,5,1,142
LMS008045,STU00403,2026-03-19,6,106,9,2,4,107
LMS008046,STU00403,2026-02-04,4,91,10,5,2,45
LMS008047,STU00403,2026-06-13,3,92,6,2,0,5
LMS008048,STU00403,2026-01-05,6,43,7,5,2,92
LMS008049,STU00403,2026-02-20,1,124,9,3,1,155
LMS008050,STU00403,2026-05-30,1,111,8,1,5,179
LMS008051,STU00403,2026-04-19,6,67,12,3,1,112
LMS008052,STU00403,2026-01-16,3,146,8,2,4,46
LMS008053,STU00403,2026-05-27,2,60,10,1,5,188
LMS008054,STU00403,2026-02-24,5,34,8,3,0,131
LMS008055,STU00403,2026-05-05,4,0,5,2,0,91
LMS008056,STU00403,2026-02-06,4,167,6,3,1,99
LMS008057,STU00403,2026-06-07,4,142,11,1,0,229
LMS008058,STU00403,2026-06-11,6,137,3,1,1,238
LMS008059,STU00403,2026-05-13,7,88,12,3,1,17
LMS008060,STU00403,2026-03-09,4,97,14,4,0,115
LMS008061,STU00404,2026-04-23,8,175,3,1,0,79
LMS008062,STU00404,2026-05-11,3,147,0,5,1,197
LMS008063,STU00404,2026-06-17,0,120,15,4,4,143
LMS008064,STU00404,2026-06-10,6,61,1,2,3,168
LMS008065,STU00404,2026-04-25,8,116,8,2,2,105
LMS008066,STU00404,2026-04-12,7,11,3,1,1,104
LMS008067,STU00404,2026-01-13,5,117,7,3,4,161
LMS008068,STU00404,2026-06-23,8,146,11,3,2,231
LMS008069,STU00404,2026-01-29,8,159,12,2,4,25
LMS008070,STU00404,2026-05-18,4,69,11,2,5,45
LMS008071,STU00404,2026-02-05,5,44,3,0,1,135
LMS008072,STU00404,2026-01-30,6,120,15,1,1,71
LMS008073,STU00404,2026-06-26,1,37,9,1,3,81
LMS008074,STU00404,2026-06-23,6,67,14,1,3,106
LMS008075,STU00404,2026-02-19,3,6,1,4,4,222
LMS008076,STU00404,2026-04-03,2,97,14,3,2,20
LMS008077,STU00404,2026-02-13,0,165,15,5,0,60
LMS008078,STU00404,2026-02-19,4,87,9,1,0,216
LMS008079,STU00404,2026-02-03,2,60,14,2,2,59
LMS008080,STU00404,2026-01-03,4,159,12,2,2,100
LMS008081,STU00405,2026-06-06,2,120,6,0,4,98
LMS008082,STU00405,2026-02-16,2,126,11,0,5,0
LMS008083,STU00405,2026-01-03,8,152,3,5,2,136
LMS008084,STU00405,2026-01-10,6,135,15,3,2,65
LMS008085,STU00405,2026-01-18,2,101,7,3,2,84
LMS008086,STU00405,2026-04-19,8,180,11,0,4,17
LMS008087,STU00405,2026-04-19,0,43,13,5,3,66
LMS008088,STU00405,2026-01-10,6,102,8,4,2,173
LMS008089,STU00405,2026-04-13,3,176,0,0,2,57
LMS008090,STU00405,2026-03-12,8,150,12,5,5,229
LMS008091,STU00405,2026-01-18,8,21,0,2,2,91
LMS008092,STU00405,2026-01-14,2,21,14,4,0,146
LMS008093,STU00405,2026-04-12,8,31,14,4,5,16
LMS008094,STU00405,2026-06-14,8,131,6,1,5,160
LMS008095,STU00405,2026-05-19,6,28,11,0,5,11
LMS008096,STU00405,2026-01-30,2,145,12,2,3,36
LMS008097,STU00405,2026-05-03,7,115,3,5,3,186
LMS008098,STU00405,2026-02-28,0,161,9,2,0,84
LMS008099,STU00405,2026-05-26,7,161,2,0,5,142
LMS008100,STU00405,2026-01-05,3,117,10,2,2,46
LMS008101,STU00406,2026-02-03,3,62,8,3,0,182
LMS008102,STU00406,2026-06-14,8,89,9,1,5,81
LMS008103,STU00406,2026-04-19,8,102,15,3,5,172
LMS008104,STU00406,2026-02-15,7,78,10,5,2,68
LMS008105,STU00406,2026-03-22,3,47,3,4,5,124
LMS008106,STU00406,2026-05-17,5,95,11,1,0,23
LMS008107,STU00406,2026-02-09,0,72,4,4,0,179
LMS008108,STU00406,2026-05-13,0,65,8,1,4,128
LMS008109,STU00406,2026-05-04,1,99,0,5,0,118
LMS008110,STU00406,2026-02-25,5,156,8,2,1,44
LMS008111,STU00406,2026-02-23,7,98,10,4,2,16
LMS008112,STU00406,2026-01-07,5,11,6,3,5,71
LMS008113,STU00406,2026-02-20,6,49,0,1,2,198
LMS008114,STU00406,2026-03-12,1,97,4,4,5,237
LMS008115,STU00406,2026-05-06,0,11,10,5,3,43
LMS008116,STU00406,2026-06-09,2,85,11,2,2,156
LMS008117,STU00406,2026-03-23,4,144,11,1,2,16
LMS008118,STU00406,2026-05-07,0,83,14,3,4,124
LMS008119,STU00406,2026-06-29,1,124,0,3,2,228
LMS008120,STU00406,2026-06-26,4,21,9,3,4,23
LMS008121,STU00407,2026-04-21,6,163,3,3,5,3
LMS008122,STU00407,2026-01-26,4,87,10,3,3,192
LMS008123,STU00407,2026-01-05,2,110,12,0,5,40
LMS008124,STU00407,2026-06-13,6,95,14,5,2,111
LMS008125,STU00407,2026-06-12,1,102,7,0,1,239
LMS008126,STU00407,2026-06-15,1,21,2,2,4,125
LMS008127,STU00407,2026-01-21,7,125,0,3,0,213
LMS008128,STU00407,2026-03-20,6,123,8,0,2,192
LMS008129,STU00407,2026-01-12,5,179,7,4,1,79
LMS008130,STU00407,2026-03-20,7,160,3,5,1,139
LMS008131,STU00407,2026-02-22,6,52,14,0,0,239
LMS008132,STU00407,2026-04-06,6,120,10,5,2,5
LMS008133,STU00407,2026-01-16,7,52,0,2,4,57
LMS008134,STU00407,2026-04-07,3,60,5,4,4,108
LMS008135,STU00407,2026-05-02,0,21,2,0,5,220
LMS008136,STU00407,2026-06-06,3,75,8,4,0,120
LMS008137,STU00407,2026-02-06,3,151,11,5,5,61
LMS008138,STU00407,2026-03-15,3,2,11,4,5,183
LMS008139,STU00407,2026-04-12,8,11,3,0,0,211
LMS008140,STU00407,2026-01-04,4,11,14,2,2,87
LMS008141,STU00408,2026-01-22,7,44,0,4,5,221
LMS008142,STU00408,2026-05-06,7,166,0,4,4,88
LMS008143,STU00408,2026-05-08,0,162,12,3,3,80
LMS008144,STU00408,2026-05-30,4,2,1,3,5,127
LMS008145,STU00408,2026-05-09,7,9,6,0,5,96
LMS008146,STU00408,2026-01-27,8,174,13,4,1,96
LMS008147,STU00408,2026-01-26,2,96,11,0,1,163
LMS008148,STU00408,2026-02-14,5,0,7,2,0,186
LMS008149,STU00408,2026-04-04,1,130,0,4,3,102
LMS008150,STU00408,2026-04-30,8,38,2,2,0,133
LMS008151,STU00408,2026-04-10,0,67,10,4,3,159
LMS008152,STU00408,2026-01-05,7,81,3,3,1,200
LMS008153,STU00408,2026-04-10,1,166,3,5,4,217
LMS008154,STU00408,2026-06-22,4,30,5,2,3,207
LMS008155,STU00408,2026-05-08,1,171,14,4,3,148
LMS008156,STU00408,2026-05-31,5,127,7,3,1,98
LMS008157,STU00408,2026-06-10,7,0,7,0,4,154
LMS008158,STU00408,2026-01-14,1,106,7,0,5,113
LMS008159,STU00408,2026-01-17,3,162,10,1,2,134
LMS008160,STU00408,2026-06-08,0,149,6,4,4,129
LMS008161,STU00409,2026-02-05,4,11,2,4,0,106
LMS008162,STU00409,2026-06-26,4,23,11,5,0,144
LMS008163,STU00409,2026-04-01,6,123,15,5,0,136
LMS008164,STU00409,2026-03-25,5,65,11,3,0,83
LMS008165,STU00409,2026-05-25,2,95,9,0,1,39
LMS008166,STU00409,2026-02-23,0,41,10,2,4,28
LMS008167,STU00409,2026-01-23,3,117,5,3,5,124
LMS008168,STU00409,2026-01-17,0,39,3,3,5,72
LMS008169,STU00409,2026-03-09,6,135,2,5,1,176
LMS008170,STU00409,2026-05-21,6,41,6,5,5,145
LMS008171,STU00409,2026-05-15,7,22,8,5,5,63
LMS008172,STU00409,2026-03-23,0,60,10,5,2,147
LMS008173,STU00409,2026-06-14,4,45,3,1,4,41
LMS008174,STU00409,2026-04-25,7,0,4,4,2,77
LMS008175,STU00409,2026-03-20,1,62,12,4,3,37
LMS008176,STU00409,2026-05-12,1,156,7,4,5,175
LMS008177,STU00409,2026-03-18,3,15,10,0,2,11
LMS008178,STU00409,2026-06-16,3,146,0,0,4,226
LMS008179,STU00409,2026-05-20,4,162,3,5,1,122
LMS008180,STU00409,2026-06-13,2,20,13,4,3,202
LMS008181,STU00410,2026-03-18,7,8,6,2,4,199
LMS008182,STU00410,2026-06-25,7,176,14,4,2,191
LMS008183,STU00410,2026-06-10,5,153,3,0,5,39
LMS008184,STU00410,2026-03-29,0,172,3,4,5,178
LMS008185,STU00410,2026-06-13,2,23,8,4,3,149
LMS008186,STU00410,2026-05-20,4,78,4,3,4,210
LMS008187,STU00410,2026-02-07,1,135,11,0,0,132
LMS008188,STU00410,2026-05-02,5,60,14,0,5,181
LMS008189,STU00410,2026-02-19,8,104,14,1,0,173
LMS008190,STU00410,2026-04-23,2,134,5,2,2,72
LMS008191,STU00410,2026-03-15,5,137,13,5,0,84
LMS008192,STU00410,2026-03-24,5,174,9,1,2,95
LMS008193,STU00410,2026-01-10,5,145,15,3,0,147
LMS008194,STU00410,2026-01-30,3,0,1,0,2,41
LMS008195,STU00410,2026-01-07,8,78,5,5,0,6
LMS008196,STU00410,2026-05-28,1,17,6,1,2,225
LMS008197,STU00410,2026-04-09,7,52,1,1,5,49
LMS008198,STU00410,2026-05-22,2,23,14,5,5,25
LMS008199,STU00410,2026-01-28,6,48,10,1,0,113
LMS008200,STU00410,2026-04-28,1,135,3,4,2,72
LMS008201,STU00411,2026-01-28,2,132,10,0,4,85
LMS008202,STU00411,2026-03-09,1,74,4,5,4,193
LMS008203,STU00411,2026-05-21,6,109,2,2,5,190
LMS008204,STU00411,2026-04-23,6,133,13,3,2,154
LMS008205,STU00411,2026-03-16,7,76,4,5,4,5
LMS008206,STU00411,2026-03-14,4,135,14,1,5,107
LMS008207,STU00411,2026-04-05,3,141,0,2,0,39
LMS008208,STU00411,2026-05-26,4,79,15,4,0,32
LMS008209,STU00411,2026-01-21,4,164,2,2,1,98
LMS008210,STU00411,2026-02-27,3,126,9,0,1,97
LMS008211,STU00411,2026-06-09,1,125,12,5,3,137
LMS008212,STU00411,2026-04-17,8,26,12,2,5,23
LMS008213,STU00411,2026-03-25,7,37,9,1,3,22
LMS008214,STU00411,2026-01-03,7,67,10,2,2,31
LMS008215,STU00411,2026-06-22,5,63,7,4,3,103
LMS008216,STU00411,2026-06-30,4,16,9,0,4,12
LMS008217,STU00411,2026-06-23,2,172,7,3,5,149
LMS008218,STU00411,2026-04-21,8,144,9,2,3,94
LMS008219,STU00411,2026-02-14,2,172,4,4,3,41
LMS008220,STU00411,2026-05-18,8,40,8,3,3,62
LMS008221,STU00412,2026-05-07,5,144,7,4,3,22
LMS008222,STU00412,2026-01-04,3,159,1,0,5,8
LMS008223,STU00412,2026-01-30,4,147,2,1,1,79
LMS008224,STU00412,2026-01-14,7,5,12,2,4,38
LMS008225,STU00412,2026-03-27,0,70,0,3,2,15
LMS008226,STU00412,2026-04-04,5,77,7,5,1,160
LMS008227,STU00412,2026-03-05,0,129,0,1,4,58
LMS008228,STU00412,2026-03-20,0,74,4,1,2,240
LMS008229,STU00412,2026-02-20,7,6,3,5,0,186
LMS008230,STU00412,2026-05-03,0,18,4,2,4,41
LMS008231,STU00412,2026-02-21,0,78,6,2,3,2
LMS008232,STU00412,2026-01-26,0,99,8,2,1,109
LMS008233,STU00412,2026-04-05,8,34,11,5,5,45
LMS008234,STU00412,2026-02-17,4,127,11,5,2,107
LMS008235,STU00412,2026-05-07,6,130,11,1,1,95
LMS008236,STU00412,2026-04-24,6,82,5,4,0,233
LMS008237,STU00412,2026-06-07,6,150,15,4,1,53
LMS008238,STU00412,2026-01-18,6,57,3,4,5,41
LMS008239,STU00412,2026-03-30,6,52,8,0,2,111
LMS008240,STU00412,2026-03-10,2,175,4,0,5,164
LMS008241,STU00413,2026-04-12,1,18,7,2,4,57
LMS008242,STU00413,2026-03-06,0,148,15,2,5,23
LMS008243,STU00413,2026-01-19,1,37,1,3,0,87
LMS008244,STU00413,2026-04-23,3,104,3,1,2,121
LMS008245,STU00413,2026-06-03,7,73,4,3,5,202
LMS008246,STU00413,2026-04-03,0,109,1,4,0,220
LMS008247,STU00413,2026-02-02,6,10,7,5,2,77
LMS008248,STU00413,2026-02-22,6,36,5,1,3,175
LMS008249,STU00413,2026-02-08,7,55,9,0,3,155
LMS008250,STU00413,2026-01-30,1,92,2,1,2,51
LMS008251,STU00413,2026-05-08,0,101,15,0,1,27
LMS008252,STU00413,2026-03-02,7,45,10,0,1,116
LMS008253,STU00413,2026-01-25,2,58,14,3,3,220
LMS008254,STU00413,2026-03-23,5,44,5,5,0,39
LMS008255,STU00413,2026-06-05,1,113,15,5,1,128
LMS008256,STU00413,2026-03-13,6,107,6,3,5,54
LMS008257,STU00413,2026-01-11,6,114,3,5,5,163
LMS008258,STU00413,2026-03-15,1,5,13,4,1,134
LMS008259,STU00413,2026-02-13,6,91,6,0,4,119
LMS008260,STU00413,2026-05-09,6,97,6,0,3,175
LMS008261,STU00414,2026-03-25,7,169,5,5,3,119
LMS008262,STU00414,2026-03-06,4,28,15,2,5,199
LMS008263,STU00414,2026-02-11,4,147,0,1,1,115
LMS008264,STU00414,2026-04-30,1,155,5,1,0,223
LMS008265,STU00414,2026-02-17,6,12,3,5,4,26
LMS008266,STU00414,2026-02-14,1,177,8,1,3,90
LMS008267,STU00414,2026-02-15,5,83,7,2,3,221
LMS008268,STU00414,2026-06-30,6,1,9,0,0,128
LMS008269,STU00414,2026-06-29,8,62,9,4,4,197
LMS008270,STU00414,2026-03-13,5,12,7,3,1,78
LMS008271,STU00414,2026-01-29,7,71,11,3,1,20
LMS008272,STU00414,2026-04-19,0,41,11,1,1,173
LMS008273,STU00414,2026-05-15,7,89,2,4,2,26
LMS008274,STU00414,2026-05-19,5,53,6,4,2,157
LMS008275,STU00414,2026-06-06,8,142,1,2,4,191
LMS008276,STU00414,2026-01-15,4,144,13,0,1,61
LMS008277,STU00414,2026-02-03,2,10,15,0,3,150
LMS008278,STU00414,2026-03-23,4,157,3,0,5,211
LMS008279,STU00414,2026-02-22,5,142,14,3,2,154
LMS008280,STU00414,2026-04-26,5,141,3,3,5,239
LMS008281,STU00415,2026-02-23,7,94,9,4,1,151
LMS008282,STU00415,2026-03-14,0,148,2,3,1,128
LMS008283,STU00415,2026-01-23,5,47,1,1,2,199
LMS008284,STU00415,2026-01-09,8,131,2,0,3,164
LMS008285,STU00415,2026-01-23,2,21,15,0,0,99
LMS008286,STU00415,2026-03-02,8,44,15,4,1,129
LMS008287,STU00415,2026-04-07,8,166,9,2,0,121
LMS008288,STU00415,2026-02-05,8,74,0,4,1,151
LMS008289,STU00415,2026-04-26,8,138,14,1,4,4
LMS008290,STU00415,2026-06-28,4,26,10,3,0,99
LMS008291,STU00415,2026-03-29,4,61,7,3,5,165
LMS008292,STU00415,2026-06-28,7,37,15,0,3,118
LMS008293,STU00415,2026-03-15,2,48,1,5,1,169
LMS008294,STU00415,2026-03-11,6,161,6,0,3,188
LMS008295,STU00415,2026-01-15,3,29,3,0,3,103
LMS008296,STU00415,2026-01-12,8,15,8,4,5,164
LMS008297,STU00415,2026-06-17,6,3,2,2,0,15
LMS008298,STU00415,2026-03-10,3,98,15,2,5,129
LMS008299,STU00415,2026-03-02,2,89,15,2,5,66
LMS008300,STU00415,2026-01-26,3,128,1,1,2,105
LMS008301,STU00416,2026-02-24,7,4,4,0,1,200
LMS008302,STU00416,2026-01-16,4,48,13,4,4,82
LMS008303,STU00416,2026-04-03,1,126,0,2,5,198
LMS008304,STU00416,2026-05-29,6,98,12,3,5,239
LMS008305,STU00416,2026-04-26,4,14,0,3,4,229
LMS008306,STU00416,2026-02-25,3,114,0,4,2,19
LMS008307,STU00416,2026-06-17,5,70,4,5,0,49
LMS008308,STU00416,2026-02-28,2,121,15,2,5,239
LMS008309,STU00416,2026-03-03,6,151,13,3,4,159
LMS008310,STU00416,2026-04-25,4,169,9,2,2,170
LMS008311,STU00416,2026-04-30,6,39,4,4,5,2
LMS008312,STU00416,2026-04-17,1,119,8,4,5,178
LMS008313,STU00416,2026-05-22,8,45,8,0,4,186
LMS008314,STU00416,2026-01-17,6,47,5,5,0,40
LMS008315,STU00416,2026-04-25,1,176,8,3,1,161
LMS008316,STU00416,2026-01-23,2,172,5,1,0,179
LMS008317,STU00416,2026-01-24,3,155,10,1,3,114
LMS008318,STU00416,2026-06-23,4,116,5,5,0,155
LMS008319,STU00416,2026-01-29,0,125,13,0,3,198
LMS008320,STU00416,2026-01-06,6,100,6,0,4,172
LMS008321,STU00417,2026-01-01,1,59,4,3,5,172
LMS008322,STU00417,2026-03-19,8,124,14,0,0,162
LMS008323,STU00417,2026-05-01,5,59,3,0,4,228
LMS008324,STU00417,2026-02-19,4,135,6,4,3,133
LMS008325,STU00417,2026-04-09,4,174,5,5,2,108
LMS008326,STU00417,2026-03-06,6,53,15,4,1,125
LMS008327,STU00417,2026-05-10,8,80,8,1,2,105
LMS008328,STU00417,2026-05-10,7,101,4,2,1,93
LMS008329,STU00417,2026-04-21,0,174,14,3,2,35
LMS008330,STU00417,2026-01-24,8,180,15,2,5,6
LMS008331,STU00417,2026-03-08,2,32,13,2,1,205
LMS008332,STU00417,2026-02-07,0,127,10,5,3,227
LMS008333,STU00417,2026-04-06,8,27,15,0,5,7
LMS008334,STU00417,2026-05-26,0,53,0,5,5,178
LMS008335,STU00417,2026-03-14,2,86,2,4,5,170
LMS008336,STU00417,2026-01-27,8,156,8,4,4,87
LMS008337,STU00417,2026-06-15,2,64,13,5,2,127
LMS008338,STU00417,2026-03-15,8,40,6,0,1,81
LMS008339,STU00417,2026-06-13,3,94,14,3,2,84
LMS008340,STU00417,2026-02-09,5,136,8,3,5,138
LMS008341,STU00418,2026-03-13,0,88,9,0,2,208
LMS008342,STU00418,2026-04-20,1,180,11,3,2,221
LMS008343,STU00418,2026-02-14,8,20,9,2,5,221
LMS008344,STU00418,2026-04-23,3,4,3,4,4,59
LMS008345,STU00418,2026-01-02,6,68,12,3,3,112
LMS008346,STU00418,2026-05-31,1,56,15,3,3,173
LMS008347,STU00418,2026-03-08,3,156,9,0,2,114
LMS008348,STU00418,2026-01-14,3,6,8,4,5,87
LMS008349,STU00418,2026-01-15,6,42,1,0,5,107
LMS008350,STU00418,2026-05-09,7,93,7,3,5,40
LMS008351,STU00418,2026-06-21,6,121,8,0,4,146
LMS008352,STU00418,2026-06-03,5,8,2,5,1,178
LMS008353,STU00418,2026-06-13,1,104,6,3,4,75
LMS008354,STU00418,2026-05-20,5,34,2,0,5,142
LMS008355,STU00418,2026-02-27,5,180,1,5,4,16
LMS008356,STU00418,2026-02-06,8,62,7,4,2,113
LMS008357,STU00418,2026-03-06,8,4,7,4,4,9
LMS008358,STU00418,2026-02-20,8,76,9,2,3,28
LMS008359,STU00418,2026-03-29,0,3,1,3,2,72
LMS008360,STU00418,2026-05-05,2,110,9,2,4,151
LMS008361,STU00419,2026-03-16,3,52,0,5,2,191
LMS008362,STU00419,2026-01-10,1,113,3,1,1,168
LMS008363,STU00419,2026-02-28,4,14,13,4,3,123
LMS008364,STU00419,2026-06-19,2,3,11,5,4,25
LMS008365,STU00419,2026-05-22,4,76,3,2,5,65
LMS008366,STU00419,2026-01-03,3,1,8,2,0,110
LMS008367,STU00419,2026-06-22,8,133,14,3,1,166
LMS008368,STU00419,2026-05-28,8,38,13,4,1,217
LMS008369,STU00419,2026-03-28,2,178,6,3,3,195
LMS008370,STU00419,2026-01-28,0,126,7,1,5,234
LMS008371,STU00419,2026-02-03,8,133,0,4,3,82
LMS008372,STU00419,2026-03-30,8,140,3,2,2,22
LMS008373,STU00419,2026-05-30,4,76,4,2,4,177
LMS008374,STU00419,2026-01-16,5,99,0,0,1,103
LMS008375,STU00419,2026-06-10,6,101,0,5,4,78
LMS008376,STU00419,2026-05-03,0,98,4,4,5,155
LMS008377,STU00419,2026-03-24,3,162,4,1,2,162
LMS008378,STU00419,2026-01-05,6,113,10,3,3,221
LMS008379,STU00419,2026-06-28,6,174,0,4,0,128
LMS008380,STU00419,2026-04-17,8,66,7,5,3,161
LMS008381,STU00420,2026-05-19,3,128,11,3,5,29
LMS008382,STU00420,2026-05-07,2,149,4,2,4,123
LMS008383,STU00420,2026-01-19,3,156,5,1,5,53
LMS008384,STU00420,2026-05-30,2,150,7,3,5,36
LMS008385,STU00420,2026-02-17,2,152,2,4,4,49
LMS008386,STU00420,2026-01-28,1,74,12,1,1,88
LMS008387,STU00420,2026-02-16,6,109,2,0,4,185
LMS008388,STU00420,2026-03-03,5,70,3,3,1,106
LMS008389,STU00420,2026-02-16,4,109,5,2,4,192
LMS008390,STU00420,2026-03-12,0,100,12,4,3,127
LMS008391,STU00420,2026-02-26,5,174,6,2,0,179
LMS008392,STU00420,2026-04-09,5,19,0,4,0,29
LMS008393,STU00420,2026-03-29,6,132,0,5,4,177
LMS008394,STU00420,2026-02-13,5,151,15,5,5,63
LMS008395,STU00420,2026-05-19,4,22,0,5,1,47
LMS008396,STU00420,2026-03-20,1,175,4,1,0,152
LMS008397,STU00420,2026-02-19,4,175,5,1,3,32
LMS008398,STU00420,2026-05-01,4,66,11,0,0,27
LMS008399,STU00420,2026-04-14,2,74,8,2,1,194
LMS008400,STU00420,2026-04-17,7,153,6,3,0,55
LMS008401,STU00421,2026-01-12,5,34,1,2,3,147
LMS008402,STU00421,2026-05-16,3,121,15,3,5,180
LMS008403,STU00421,2026-06-25,6,108,9,1,5,63
LMS008404,STU00421,2026-06-04,2,76,15,2,4,210
LMS008405,STU00421,2026-04-12,1,132,11,3,0,202
LMS008406,STU00421,2026-06-25,2,152,12,3,0,90
LMS008407,STU00421,2026-04-20,6,67,6,1,4,137
LMS008408,STU00421,2026-01-15,8,132,11,3,2,2
LMS008409,STU00421,2026-05-13,2,156,11,5,1,113
LMS008410,STU00421,2026-05-15,5,39,15,0,4,196
LMS008411,STU00421,2026-06-17,7,120,4,2,1,154
LMS008412,STU00421,2026-05-30,7,17,7,4,2,79
LMS008413,STU00421,2026-04-23,7,158,13,5,2,91
LMS008414,STU00421,2026-04-03,2,159,4,1,3,189
LMS008415,STU00421,2026-02-23,1,145,2,3,0,70
LMS008416,STU00421,2026-05-14,2,108,15,2,1,207
LMS008417,STU00421,2026-06-28,6,76,3,2,5,105
LMS008418,STU00421,2026-04-27,2,88,13,0,0,56
LMS008419,STU00421,2026-03-21,7,78,0,4,5,186
LMS008420,STU00421,2026-04-27,1,43,9,3,4,95
LMS008421,STU00422,2026-01-10,3,106,15,1,0,196
LMS008422,STU00422,2026-03-25,2,150,8,1,0,62
LMS008423,STU00422,2026-04-14,2,83,11,3,5,56
LMS008424,STU00422,2026-01-06,8,178,6,1,2,43
LMS008425,STU00422,2026-01-30,0,145,14,2,5,184
LMS008426,STU00422,2026-06-13,6,18,15,3,2,26
LMS008427,STU00422,2026-05-08,5,42,7,4,1,116
LMS008428,STU00422,2026-03-15,5,35,10,1,2,50
LMS008429,STU00422,2026-02-12,5,70,10,0,3,227
LMS008430,STU00422,2026-04-04,0,173,11,1,2,235
LMS008431,STU00422,2026-06-08,6,106,0,4,1,99
LMS008432,STU00422,2026-05-02,3,177,2,2,4,81
LMS008433,STU00422,2026-01-18,1,78,15,5,3,190
LMS008434,STU00422,2026-02-15,1,54,12,3,4,139
LMS008435,STU00422,2026-06-20,1,40,8,2,0,22
LMS008436,STU00422,2026-04-04,6,71,0,1,4,36
LMS008437,STU00422,2026-01-23,4,123,2,3,1,148
LMS008438,STU00422,2026-06-16,0,168,13,2,3,103
LMS008439,STU00422,2026-05-14,5,14,3,1,3,161
LMS008440,STU00422,2026-02-27,2,159,14,1,4,187
LMS008441,STU00423,2026-03-12,2,167,1,1,5,100
LMS008442,STU00423,2026-02-09,7,104,8,0,4,26
LMS008443,STU00423,2026-04-05,7,15,1,3,2,176
LMS008444,STU00423,2026-04-03,8,89,2,4,2,125
LMS008445,STU00423,2026-01-29,0,19,8,0,3,190
LMS008446,STU00423,2026-03-23,6,119,1,3,0,226
LMS008447,STU00423,2026-02-13,6,74,11,1,5,176
LMS008448,STU00423,2026-04-28,4,153,1,1,0,192
LMS008449,STU00423,2026-02-24,7,92,4,3,4,78
LMS008450,STU00423,2026-02-02,1,178,12,1,5,82
LMS008451,STU00423,2026-03-14,4,86,2,0,2,155
LMS008452,STU00423,2026-01-02,3,52,14,2,1,140
LMS008453,STU00423,2026-01-02,8,76,13,2,5,109
LMS008454,STU00423,2026-03-14,3,10,6,0,2,193
LMS008455,STU00423,2026-01-05,7,61,1,5,5,222
LMS008456,STU00423,2026-05-24,4,143,10,0,1,231
LMS008457,STU00423,2026-01-20,8,129,15,3,1,34
LMS008458,STU00423,2026-03-16,4,135,3,3,1,219
LMS008459,STU00423,2026-05-10,0,35,4,5,3,194
LMS008460,STU00423,2026-05-28,2,105,4,1,1,19
LMS008461,STU00424,2026-06-28,4,37,11,0,5,56
LMS008462,STU00424,2026-04-25,6,15,2,0,4,83
LMS008463,STU00424,2026-01-21,1,117,1,2,1,75
LMS008464,STU00424,2026-04-22,8,1,0,1,5,182
LMS008465,STU00424,2026-06-24,8,171,15,0,1,165
LMS008466,STU00424,2026-01-12,2,148,3,3,2,72
LMS008467,STU00424,2026-02-20,1,81,0,3,5,171
LMS008468,STU00424,2026-05-02,7,21,5,0,1,159
LMS008469,STU00424,2026-05-29,2,169,0,0,1,160
LMS008470,STU00424,2026-05-12,2,28,9,4,5,158
LMS008471,STU00424,2026-03-29,8,95,10,5,0,77
LMS008472,STU00424,2026-01-27,8,27,14,1,5,65
LMS008473,STU00424,2026-06-02,0,146,14,1,4,178
LMS008474,STU00424,2026-05-06,6,100,11,0,3,185
LMS008475,STU00424,2026-03-03,0,158,7,4,3,35
LMS008476,STU00424,2026-05-18,4,42,5,0,4,99
LMS008477,STU00424,2026-04-28,2,178,1,1,3,181
LMS008478,STU00424,2026-02-07,7,81,1,4,0,19
LMS008479,STU00424,2026-04-16,8,45,1,4,2,109
LMS008480,STU00424,2026-01-14,7,52,15,5,2,222
LMS008481,STU00425,2026-04-11,5,159,9,3,0,210
LMS008482,STU00425,2026-05-26,7,6,7,3,0,19
LMS008483,STU00425,2026-03-24,5,98,2,1,3,12
LMS008484,STU00425,2026-03-13,4,81,5,3,0,135
LMS008485,STU00425,2026-05-19,4,163,14,5,5,23
LMS008486,STU00425,2026-06-21,3,106,3,5,4,65
LMS008487,STU00425,2026-01-15,6,80,6,5,3,42
LMS008488,STU00425,2026-04-30,5,54,11,1,0,32
LMS008489,STU00425,2026-05-06,2,42,6,0,1,86
LMS008490,STU00425,2026-02-07,7,108,9,5,1,93
LMS008491,STU00425,2026-05-02,5,95,15,4,0,174
LMS008492,STU00425,2026-06-16,0,63,4,0,2,102
LMS008493,STU00425,2026-04-19,6,78,14,3,2,45
LMS008494,STU00425,2026-04-18,2,130,5,5,5,207
LMS008495,STU00425,2026-06-13,0,102,7,3,1,124
LMS008496,STU00425,2026-03-09,0,153,7,1,3,206
LMS008497,STU00425,2026-02-16,1,143,5,3,5,143
LMS008498,STU00425,2026-01-11,1,78,5,3,2,95
LMS008499,STU00425,2026-06-10,6,162,3,0,1,89
LMS008500,STU00425,2026-04-25,3,53,3,1,1,66
LMS008501,STU00426,2026-01-04,8,32,1,0,2,161
LMS008502,STU00426,2026-05-12,8,61,13,5,2,239
LMS008503,STU00426,2026-04-04,2,7,14,2,0,34
LMS008504,STU00426,2026-01-23,8,157,11,4,1,102
LMS008505,STU00426,2026-03-08,6,147,2,3,0,97
LMS008506,STU00426,2026-05-08,8,18,12,4,3,218
LMS008507,STU00426,2026-05-30,0,97,13,2,3,23
LMS008508,STU00426,2026-02-18,7,3,0,5,2,144
LMS008509,STU00426,2026-03-11,5,64,11,2,1,225
LMS008510,STU00426,2026-05-30,3,162,6,1,5,121
LMS008511,STU00426,2026-03-03,7,49,8,4,0,44
LMS008512,STU00426,2026-03-22,6,38,3,0,3,121
LMS008513,STU00426,2026-03-28,7,9,2,5,3,239
LMS008514,STU00426,2026-01-08,6,172,14,5,1,79
LMS008515,STU00426,2026-01-01,8,13,15,1,4,0
LMS008516,STU00426,2026-04-14,0,118,9,1,2,172
LMS008517,STU00426,2026-03-10,5,77,2,0,2,201
LMS008518,STU00426,2026-05-30,3,20,15,2,4,240
LMS008519,STU00426,2026-01-22,0,28,7,2,1,15
LMS008520,STU00426,2026-06-13,8,113,6,2,2,13
LMS008521,STU00427,2026-05-11,0,22,6,4,3,114
LMS008522,STU00427,2026-05-28,5,163,14,4,4,105
LMS008523,STU00427,2026-02-18,6,36,14,3,0,54
LMS008524,STU00427,2026-01-29,5,162,6,1,1,127
LMS008525,STU00427,2026-03-02,0,52,6,3,0,202
LMS008526,STU00427,2026-02-28,3,25,4,3,0,99
LMS008527,STU00427,2026-06-25,7,80,1,0,4,146
LMS008528,STU00427,2026-03-10,3,150,5,3,4,72
LMS008529,STU00427,2026-02-27,1,170,1,5,3,237
LMS008530,STU00427,2026-03-14,6,170,5,1,1,75
LMS008531,STU00427,2026-03-03,3,132,13,2,2,144
LMS008532,STU00427,2026-01-12,5,12,11,0,5,64
LMS008533,STU00427,2026-04-27,1,128,15,0,1,20
LMS008534,STU00427,2026-06-26,0,177,5,1,1,35
LMS008535,STU00427,2026-01-23,0,106,0,4,5,144
LMS008536,STU00427,2026-06-22,3,107,11,5,3,0
LMS008537,STU00427,2026-04-01,1,129,13,0,4,106
LMS008538,STU00427,2026-01-23,8,44,11,5,1,81
LMS008539,STU00427,2026-04-21,2,47,5,2,3,226
LMS008540,STU00427,2026-03-04,4,72,5,1,0,48
LMS008541,STU00428,2026-01-20,5,119,15,2,4,213
LMS008542,STU00428,2026-05-17,0,43,7,2,1,84
LMS008543,STU00428,2026-05-20,5,14,5,2,5,76
LMS008544,STU00428,2026-03-16,1,19,1,4,2,101
LMS008545,STU00428,2026-05-25,8,36,13,4,1,3
LMS008546,STU00428,2026-03-02,6,8,15,4,5,51
LMS008547,STU00428,2026-05-01,0,29,8,0,4,40
LMS008548,STU00428,2026-01-11,5,142,2,2,1,21
LMS008549,STU00428,2026-06-29,7,125,1,1,2,167
LMS008550,STU00428,2026-02-06,0,69,4,3,5,234
LMS008551,STU00428,2026-02-18,3,0,2,5,3,226
LMS008552,STU00428,2026-02-16,3,175,5,5,2,41
LMS008553,STU00428,2026-01-21,5,83,7,2,0,102
LMS008554,STU00428,2026-03-21,5,163,14,2,1,149
LMS008555,STU00428,2026-05-13,8,12,8,2,0,4
LMS008556,STU00428,2026-06-15,3,129,15,4,4,13
LMS008557,STU00428,2026-01-26,3,168,7,2,5,161
LMS008558,STU00428,2026-05-05,3,34,13,2,4,85
LMS008559,STU00428,2026-03-10,3,10,7,5,2,59
LMS008560,STU00428,2026-02-11,7,45,3,2,3,233
LMS008561,STU00429,2026-06-11,0,80,9,2,1,227
LMS008562,STU00429,2026-04-13,5,177,12,1,0,105
LMS008563,STU00429,2026-01-04,1,134,7,2,1,15
LMS008564,STU00429,2026-01-03,6,121,6,0,2,138
LMS008565,STU00429,2026-01-27,1,36,10,5,1,125
LMS008566,STU00429,2026-05-11,6,49,0,1,2,84
LMS008567,STU00429,2026-02-24,0,3,8,4,1,176
LMS008568,STU00429,2026-04-29,8,156,5,3,0,190
LMS008569,STU00429,2026-03-04,8,27,6,4,2,87
LMS008570,STU00429,2026-06-03,8,39,15,3,4,146
LMS008571,STU00429,2026-01-02,2,151,9,5,3,115
LMS008572,STU00429,2026-01-11,7,61,15,4,1,134
LMS008573,STU00429,2026-05-31,5,109,13,0,1,134
LMS008574,STU00429,2026-04-02,5,88,8,4,1,159
LMS008575,STU00429,2026-03-06,1,33,9,2,5,63
LMS008576,STU00429,2026-05-25,1,152,2,5,1,191
LMS008577,STU00429,2026-05-04,1,103,2,3,3,40
LMS008578,STU00429,2026-04-15,3,64,12,1,3,64
LMS008579,STU00429,2026-06-07,1,9,4,0,2,118
LMS008580,STU00429,2026-01-31,2,26,5,1,0,155
LMS008581,STU00430,2026-06-15,2,141,2,4,1,184
LMS008582,STU00430,2026-03-24,6,118,3,4,0,218
LMS008583,STU00430,2026-05-26,0,110,11,3,0,45
LMS008584,STU00430,2026-04-28,8,104,10,3,2,32
LMS008585,STU00430,2026-04-23,3,35,13,0,2,31
LMS008586,STU00430,2026-01-20,8,27,9,5,3,53
LMS008587,STU00430,2026-04-30,4,167,14,2,3,71
LMS008588,STU00430,2026-03-16,3,18,4,1,2,36
LMS008589,STU00430,2026-01-02,5,4,0,5,3,160
LMS008590,STU00430,2026-04-16,3,136,5,1,3,62
LMS008591,STU00430,2026-04-17,2,13,6,1,1,236
LMS008592,STU00430,2026-02-16,1,151,10,1,5,11
LMS008593,STU00430,2026-06-15,7,43,12,0,2,171
LMS008594,STU00430,2026-04-03,6,128,15,3,1,186
LMS008595,STU00430,2026-06-09,1,93,5,3,1,138
LMS008596,STU00430,2026-02-12,4,38,7,1,3,148
LMS008597,STU00430,2026-04-25,4,163,15,4,1,179
LMS008598,STU00430,2026-02-02,5,140,10,5,0,7
LMS008599,STU00430,2026-03-27,4,11,8,0,5,108
LMS008600,STU00430,2026-05-02,2,56,13,2,3,132
LMS008601,STU00431,2026-04-05,1,63,9,3,3,184
LMS008602,STU00431,2026-03-29,8,42,1,4,3,60
LMS008603,STU00431,2026-03-01,1,77,14,2,2,231
LMS008604,STU00431,2026-03-18,0,57,13,4,2,208
LMS008605,STU00431,2026-02-20,3,91,13,5,5,73
LMS008606,STU00431,2026-04-06,0,164,11,1,1,135
LMS008607,STU00431,2026-06-18,6,86,7,2,1,208
LMS008608,STU00431,2026-01-12,0,151,10,3,4,155
LMS008609,STU00431,2026-03-16,2,165,11,0,5,81
LMS008610,STU00431,2026-04-03,7,173,8,2,4,37
LMS008611,STU00431,2026-05-09,1,47,1,1,5,171
LMS008612,STU00431,2026-05-05,5,45,5,5,0,238
LMS008613,STU00431,2026-06-04,1,178,13,5,4,209
LMS008614,STU00431,2026-02-24,4,109,3,0,2,10
LMS008615,STU00431,2026-03-21,4,95,12,4,5,195
LMS008616,STU00431,2026-05-19,2,162,0,4,5,96
LMS008617,STU00431,2026-03-07,8,142,2,1,4,142
LMS008618,STU00431,2026-06-05,6,125,9,2,1,200
LMS008619,STU00431,2026-06-19,3,154,3,2,0,182
LMS008620,STU00431,2026-03-28,1,28,14,4,1,104
LMS008621,STU00432,2026-05-10,6,54,10,4,1,59
LMS008622,STU00432,2026-04-10,4,56,13,2,0,17
LMS008623,STU00432,2026-05-12,8,34,6,0,0,58
LMS008624,STU00432,2026-01-06,3,116,7,3,0,68
LMS008625,STU00432,2026-01-24,3,18,8,4,4,226
LMS008626,STU00432,2026-06-25,6,48,15,0,0,92
LMS008627,STU00432,2026-01-15,1,76,2,3,3,88
LMS008628,STU00432,2026-04-05,8,63,14,4,2,217
LMS008629,STU00432,2026-01-01,4,14,6,0,4,101
LMS008630,STU00432,2026-04-11,2,170,15,4,5,49
LMS008631,STU00432,2026-02-05,2,150,1,4,1,212
LMS008632,STU00432,2026-05-18,1,177,7,4,2,18
LMS008633,STU00432,2026-02-05,4,180,11,1,1,216
LMS008634,STU00432,2026-02-16,1,79,10,4,5,130
LMS008635,STU00432,2026-06-19,6,52,0,4,2,90
LMS008636,STU00432,2026-06-06,0,117,6,3,4,129
LMS008637,STU00432,2026-04-04,8,126,13,0,1,203
LMS008638,STU00432,2026-01-06,4,175,0,2,1,128
LMS008639,STU00432,2026-05-21,8,160,5,2,5,107
LMS008640,STU00432,2026-05-06,4,106,3,2,1,181
LMS008641,STU00433,2026-01-24,0,77,5,4,2,41
LMS008642,STU00433,2026-02-09,2,10,9,3,4,211
LMS008643,STU00433,2026-05-24,6,0,8,1,2,75
LMS008644,STU00433,2026-01-06,1,119,11,5,0,238
LMS008645,STU00433,2026-06-19,6,61,8,5,1,27
LMS008646,STU00433,2026-01-05,3,103,1,4,5,190
LMS008647,STU00433,2026-03-12,3,149,10,5,5,237
LMS008648,STU00433,2026-04-21,4,115,12,5,3,106
LMS008649,STU00433,2026-06-16,3,125,2,2,4,230
LMS008650,STU00433,2026-01-26,3,154,9,4,0,83
LMS008651,STU00433,2026-03-20,6,134,9,5,1,38
LMS008652,STU00433,2026-06-11,8,149,13,5,3,77
LMS008653,STU00433,2026-05-01,8,145,1,3,0,161
LMS008654,STU00433,2026-05-19,3,48,4,2,4,15
LMS008655,STU00433,2026-01-22,6,166,13,1,2,48
LMS008656,STU00433,2026-06-01,5,131,0,4,2,200
LMS008657,STU00433,2026-05-27,6,42,8,2,2,234
LMS008658,STU00433,2026-04-10,6,85,12,5,0,146
LMS008659,STU00433,2026-02-23,7,19,7,4,4,9
LMS008660,STU00433,2026-01-12,2,35,11,1,4,208
LMS008661,STU00434,2026-05-11,4,57,12,2,0,214
LMS008662,STU00434,2026-03-31,7,152,10,2,2,51
LMS008663,STU00434,2026-03-12,4,80,14,1,4,109
LMS008664,STU00434,2026-04-09,3,69,0,1,2,97
LMS008665,STU00434,2026-03-13,4,34,14,2,5,211
LMS008666,STU00434,2026-06-13,6,115,13,2,2,144
LMS008667,STU00434,2026-06-06,4,135,6,1,3,151
LMS008668,STU00434,2026-04-11,5,162,7,0,2,216
LMS008669,STU00434,2026-03-19,0,86,10,4,2,211
LMS008670,STU00434,2026-05-19,4,180,15,0,4,82
LMS008671,STU00434,2026-05-07,6,70,8,5,5,76
LMS008672,STU00434,2026-02-04,6,138,10,2,3,101
LMS008673,STU00434,2026-02-12,0,135,7,1,2,184
LMS008674,STU00434,2026-01-10,3,133,7,0,1,6
LMS008675,STU00434,2026-05-23,7,103,9,1,1,56
LMS008676,STU00434,2026-05-02,5,61,1,3,4,14
LMS008677,STU00434,2026-04-27,6,25,8,3,1,145
LMS008678,STU00434,2026-02-18,2,12,6,4,4,109
LMS008679,STU00434,2026-04-03,1,169,4,3,4,175
LMS008680,STU00434,2026-04-01,6,26,3,1,1,238
LMS008681,STU00435,2026-05-09,6,30,2,3,1,172
LMS008682,STU00435,2026-02-08,8,60,12,3,4,81
LMS008683,STU00435,2026-06-29,5,13,4,2,2,139
LMS008684,STU00435,2026-01-21,6,126,3,1,2,6
LMS008685,STU00435,2026-04-08,7,152,11,3,1,137
LMS008686,STU00435,2026-02-05,6,144,2,0,5,83
LMS008687,STU00435,2026-03-13,4,155,0,0,2,115
LMS008688,STU00435,2026-05-09,4,27,13,5,4,78
LMS008689,STU00435,2026-02-09,5,55,1,5,4,162
LMS008690,STU00435,2026-01-12,0,95,13,4,0,93
LMS008691,STU00435,2026-03-24,0,25,6,3,1,214
LMS008692,STU00435,2026-02-23,1,164,0,4,1,4
LMS008693,STU00435,2026-01-03,7,57,9,1,2,8
LMS008694,STU00435,2026-01-14,0,7,15,1,3,134
LMS008695,STU00435,2026-03-14,2,107,7,5,0,217
LMS008696,STU00435,2026-06-11,8,139,10,3,4,235
LMS008697,STU00435,2026-02-07,1,130,13,3,1,228
LMS008698,STU00435,2026-05-21,8,153,13,0,1,147
LMS008699,STU00435,2026-05-08,0,77,12,2,5,100
LMS008700,STU00435,2026-03-04,5,28,10,0,1,74
LMS008701,STU00436,2026-04-18,0,102,2,4,2,232
LMS008702,STU00436,2026-06-11,3,108,4,2,4,44
LMS008703,STU00436,2026-04-16,8,151,6,3,2,78
LMS008704,STU00436,2026-06-19,7,82,3,5,2,0
LMS008705,STU00436,2026-05-21,0,28,3,1,4,13
LMS008706,STU00436,2026-01-27,0,57,14,3,3,158
LMS008707,STU00436,2026-05-11,5,116,14,3,2,219
LMS008708,STU00436,2026-02-19,3,11,13,2,5,11
LMS008709,STU00436,2026-06-18,0,152,1,0,5,180
LMS008710,STU00436,2026-01-16,6,101,5,4,5,157
LMS008711,STU00436,2026-01-16,8,12,6,5,5,52
LMS008712,STU00436,2026-04-08,5,81,4,1,2,44
LMS008713,STU00436,2026-02-12,3,118,1,4,2,57
LMS008714,STU00436,2026-01-19,3,96,9,0,5,228
LMS008715,STU00436,2026-05-01,2,3,2,1,4,138
LMS008716,STU00436,2026-02-10,0,172,3,5,2,171
LMS008717,STU00436,2026-06-13,8,117,3,5,4,155
LMS008718,STU00436,2026-01-16,6,4,11,3,1,208
LMS008719,STU00436,2026-01-19,4,175,7,0,3,227
LMS008720,STU00436,2026-02-10,7,84,12,4,4,20
LMS008721,STU00437,2026-04-29,4,106,11,1,4,143
LMS008722,STU00437,2026-01-26,1,173,14,4,5,125
LMS008723,STU00437,2026-05-23,1,61,9,4,1,15
LMS008724,STU00437,2026-06-28,3,77,14,0,3,214
LMS008725,STU00437,2026-02-06,1,72,14,0,3,75
LMS008726,STU00437,2026-06-15,0,24,10,5,5,146
LMS008727,STU00437,2026-01-29,4,74,7,4,1,218
LMS008728,STU00437,2026-01-20,2,108,12,5,2,87
LMS008729,STU00437,2026-06-25,4,108,9,2,3,96
LMS008730,STU00437,2026-06-07,1,118,4,4,2,31
LMS008731,STU00437,2026-02-12,5,49,8,0,1,32
LMS008732,STU00437,2026-05-09,6,163,5,4,0,114
LMS008733,STU00437,2026-05-19,5,65,5,4,0,5
LMS008734,STU00437,2026-03-13,0,113,9,5,3,1
LMS008735,STU00437,2026-06-03,6,136,10,5,4,42
LMS008736,STU00437,2026-03-07,1,40,2,3,3,16
LMS008737,STU00437,2026-05-28,2,50,3,1,4,240
LMS008738,STU00437,2026-05-02,2,53,11,3,1,213
LMS008739,STU00437,2026-03-27,4,157,8,2,5,101
LMS008740,STU00437,2026-03-11,0,22,8,1,4,5
LMS008741,STU00438,2026-03-06,8,58,9,0,1,34
LMS008742,STU00438,2026-01-03,3,74,0,2,1,52
LMS008743,STU00438,2026-04-27,5,144,1,1,2,39
LMS008744,STU00438,2026-06-17,1,96,6,0,0,14
LMS008745,STU00438,2026-05-20,0,173,10,5,1,75
LMS008746,STU00438,2026-02-05,2,166,8,4,3,217
LMS008747,STU00438,2026-05-26,2,153,7,1,0,71
LMS008748,STU00438,2026-06-12,5,127,15,4,4,24
LMS008749,STU00438,2026-06-27,5,61,7,1,3,170
LMS008750,STU00438,2026-04-09,7,152,6,5,3,110
LMS008751,STU00438,2026-05-05,1,54,2,1,4,15
LMS008752,STU00438,2026-01-07,5,30,13,3,2,129
LMS008753,STU00438,2026-04-09,6,172,5,4,3,182
LMS008754,STU00438,2026-01-11,8,113,9,5,4,220
LMS008755,STU00438,2026-01-20,3,158,11,4,2,28
LMS008756,STU00438,2026-04-30,4,137,12,3,5,157
LMS008757,STU00438,2026-04-08,7,126,10,5,0,86
LMS008758,STU00438,2026-06-10,2,77,8,5,2,0
LMS008759,STU00438,2026-04-19,1,59,11,3,0,158
LMS008760,STU00438,2026-01-23,4,82,7,2,1,13
LMS008761,STU00439,2026-05-06,2,147,5,2,3,128
LMS008762,STU00439,2026-05-06,4,136,10,2,0,3
LMS008763,STU00439,2026-04-03,3,79,13,2,4,179
LMS008764,STU00439,2026-06-17,0,45,0,1,0,147
LMS008765,STU00439,2026-04-21,0,163,3,2,2,220
LMS008766,STU00439,2026-04-24,2,33,0,3,5,175
LMS008767,STU00439,2026-06-27,6,112,3,5,4,199
LMS008768,STU00439,2026-06-13,4,55,11,5,1,137
LMS008769,STU00439,2026-05-25,5,103,2,1,1,31
LMS008770,STU00439,2026-06-10,0,24,2,2,1,154
LMS008771,STU00439,2026-05-26,7,148,7,4,2,69
LMS008772,STU00439,2026-03-29,0,168,12,3,3,55
LMS008773,STU00439,2026-06-04,7,73,11,4,0,80
LMS008774,STU00439,2026-05-09,3,55,5,4,0,75
LMS008775,STU00439,2026-04-27,2,81,1,4,4,179
LMS008776,STU00439,2026-03-23,6,150,10,3,0,187
LMS008777,STU00439,2026-04-07,8,73,15,2,5,13
LMS008778,STU00439,2026-01-23,5,158,5,0,0,33
LMS008779,STU00439,2026-04-10,0,39,13,4,5,210
LMS008780,STU00439,2026-03-07,2,37,14,4,3,209
LMS008781,STU00440,2026-04-08,6,72,0,1,2,1
LMS008782,STU00440,2026-06-26,5,128,11,1,0,155
LMS008783,STU00440,2026-06-25,8,110,13,1,3,76
LMS008784,STU00440,2026-03-31,3,30,6,0,4,132
LMS008785,STU00440,2026-04-05,6,63,12,0,5,154
LMS008786,STU00440,2026-01-31,7,26,5,0,0,187
LMS008787,STU00440,2026-06-13,4,159,15,0,1,211
LMS008788,STU00440,2026-04-18,0,136,1,4,4,78
LMS008789,STU00440,2026-01-18,1,0,5,1,3,63
LMS008790,STU00440,2026-05-13,5,172,12,4,5,73
LMS008791,STU00440,2026-06-04,3,131,10,1,4,101
LMS008792,STU00440,2026-02-15,2,137,4,2,3,175
LMS008793,STU00440,2026-02-21,0,87,13,4,3,197
LMS008794,STU00440,2026-01-20,2,29,2,1,5,3
LMS008795,STU00440,2026-02-21,0,32,6,0,4,174
LMS008796,STU00440,2026-02-04,0,10,14,2,0,165
LMS008797,STU00440,2026-03-20,4,80,3,1,3,3
LMS008798,STU00440,2026-03-17,0,136,0,1,2,147
LMS008799,STU00440,2026-02-18,5,167,9,1,4,113
LMS008800,STU00440,2026-02-06,2,123,11,3,4,240
LMS008801,STU00441,2026-01-26,1,59,15,0,5,158
LMS008802,STU00441,2026-02-27,8,149,5,4,5,187
LMS008803,STU00441,2026-03-08,3,119,9,4,3,182
LMS008804,STU00441,2026-04-28,4,78,8,3,1,116
LMS008805,STU00441,2026-02-13,8,94,11,4,5,203
LMS008806,STU00441,2026-03-03,6,67,13,2,0,194
LMS008807,STU00441,2026-01-07,3,57,10,3,5,96
LMS008808,STU00441,2026-04-23,8,30,7,2,3,176
LMS008809,STU00441,2026-05-20,6,49,12,5,4,157
LMS008810,STU00441,2026-02-06,6,47,8,2,0,114
LMS008811,STU00441,2026-03-25,5,0,11,0,0,64
LMS008812,STU00441,2026-02-18,1,38,10,3,1,133
LMS008813,STU00441,2026-05-13,3,120,6,1,4,172
LMS008814,STU00441,2026-05-21,3,86,0,0,1,218
LMS008815,STU00441,2026-02-11,0,176,1,3,2,128
LMS008816,STU00441,2026-04-24,7,125,15,2,2,148
LMS008817,STU00441,2026-05-25,3,55,10,5,0,72
LMS008818,STU00441,2026-03-04,2,160,7,1,0,34
LMS008819,STU00441,2026-03-22,1,24,0,1,5,198
LMS008820,STU00441,2026-05-22,2,101,6,1,2,85
LMS008821,STU00442,2026-01-29,2,48,6,5,3,52
LMS008822,STU00442,2026-01-13,2,57,1,3,1,172
LMS008823,STU00442,2026-05-25,7,46,1,3,2,143
LMS008824,STU00442,2026-01-28,4,56,8,4,5,172
LMS008825,STU00442,2026-06-09,4,20,1,4,5,30
LMS008826,STU00442,2026-04-02,3,146,4,4,4,100
LMS008827,STU00442,2026-04-02,4,3,12,5,4,148
LMS008828,STU00442,2026-02-05,2,90,7,3,5,229
LMS008829,STU00442,2026-05-06,8,22,10,4,1,153
LMS008830,STU00442,2026-04-15,5,162,0,2,4,151
LMS008831,STU00442,2026-04-19,6,100,0,0,5,95
LMS008832,STU00442,2026-05-07,3,52,11,2,3,1
LMS008833,STU00442,2026-06-27,4,174,10,2,5,152
LMS008834,STU00442,2026-03-08,4,70,14,0,1,64
LMS008835,STU00442,2026-01-05,1,90,14,1,3,142
LMS008836,STU00442,2026-01-14,6,161,1,4,0,22
LMS008837,STU00442,2026-03-29,2,177,13,2,5,168
LMS008838,STU00442,2026-01-12,3,79,7,1,3,108
LMS008839,STU00442,2026-03-02,0,68,3,2,2,41
LMS008840,STU00442,2026-02-27,0,37,15,0,1,188
LMS008841,STU00443,2026-01-04,6,47,11,4,5,124
LMS008842,STU00443,2026-05-10,4,102,4,1,4,121
LMS008843,STU00443,2026-03-27,5,85,14,4,2,155
LMS008844,STU00443,2026-05-08,0,66,5,4,3,103
LMS008845,STU00443,2026-03-18,2,155,13,3,1,69
LMS008846,STU00443,2026-05-25,4,165,13,1,2,116
LMS008847,STU00443,2026-05-24,1,99,10,0,4,230
LMS008848,STU00443,2026-03-05,4,49,0,3,3,99
LMS008849,STU00443,2026-03-09,5,84,7,4,4,202
LMS008850,STU00443,2026-03-26,3,177,7,2,4,233
LMS008851,STU00443,2026-02-22,0,49,11,1,0,36
LMS008852,STU00443,2026-01-06,7,92,5,0,3,96
LMS008853,STU00443,2026-05-23,8,11,12,0,5,230
LMS008854,STU00443,2026-06-01,2,72,12,2,2,185
LMS008855,STU00443,2026-02-25,2,80,14,4,0,218
LMS008856,STU00443,2026-06-27,5,11,2,1,5,38
LMS008857,STU00443,2026-06-25,7,49,12,0,5,162
LMS008858,STU00443,2026-01-05,7,34,15,4,2,221
LMS008859,STU00443,2026-02-07,3,80,2,2,5,44
LMS008860,STU00443,2026-06-22,7,71,15,2,5,3
LMS008861,STU00444,2026-05-20,1,28,9,3,2,174
LMS008862,STU00444,2026-04-04,6,135,12,3,3,80
LMS008863,STU00444,2026-05-26,2,24,12,4,3,92
LMS008864,STU00444,2026-04-19,1,29,11,5,1,34
LMS008865,STU00444,2026-03-14,5,131,0,2,3,148
LMS008866,STU00444,2026-04-29,6,35,1,2,5,124
LMS008867,STU00444,2026-01-16,7,77,6,3,0,236
LMS008868,STU00444,2026-03-18,4,39,10,4,1,167
LMS008869,STU00444,2026-06-06,6,45,15,0,5,63
LMS008870,STU00444,2026-03-08,8,25,7,3,3,76
LMS008871,STU00444,2026-01-21,2,108,8,4,5,159
LMS008872,STU00444,2026-06-25,7,126,5,2,2,205
LMS008873,STU00444,2026-05-14,0,77,7,1,1,212
LMS008874,STU00444,2026-03-28,1,27,13,1,0,93
LMS008875,STU00444,2026-05-22,4,111,1,4,1,25
LMS008876,STU00444,2026-06-23,8,46,12,3,5,237
LMS008877,STU00444,2026-01-23,8,136,9,0,0,100
LMS008878,STU00444,2026-05-26,8,63,1,2,1,217
LMS008879,STU00444,2026-01-07,8,36,11,4,0,103
LMS008880,STU00444,2026-02-25,1,132,1,2,4,150
LMS008881,STU00445,2026-02-20,7,169,9,2,2,175
LMS008882,STU00445,2026-06-12,5,121,0,3,3,30
LMS008883,STU00445,2026-05-26,8,96,11,0,3,106
LMS008884,STU00445,2026-04-27,6,133,1,1,5,179
LMS008885,STU00445,2026-06-18,8,14,8,2,2,142
LMS008886,STU00445,2026-05-19,0,99,10,3,4,69
LMS008887,STU00445,2026-03-20,4,125,3,0,5,45
LMS008888,STU00445,2026-04-14,8,124,11,2,2,13
LMS008889,STU00445,2026-01-27,1,85,14,1,1,116
LMS008890,STU00445,2026-03-05,5,118,2,2,5,143
LMS008891,STU00445,2026-05-26,8,154,14,1,0,211
LMS008892,STU00445,2026-02-02,2,124,14,4,3,3
LMS008893,STU00445,2026-04-20,7,177,10,1,1,36
LMS008894,STU00445,2026-03-24,5,120,6,4,5,234
LMS008895,STU00445,2026-01-07,5,27,3,2,1,197
LMS008896,STU00445,2026-03-13,7,5,7,3,3,218
LMS008897,STU00445,2026-01-26,1,70,1,1,4,233
LMS008898,STU00445,2026-02-24,1,67,2,4,2,132
LMS008899,STU00445,2026-03-31,2,18,11,5,3,181
LMS008900,STU00445,2026-02-27,8,97,0,3,1,194
LMS008901,STU00446,2026-01-24,8,101,10,3,1,231
LMS008902,STU00446,2026-01-17,5,116,12,3,2,191
LMS008903,STU00446,2026-06-22,3,2,4,3,5,30
LMS008904,STU00446,2026-06-18,7,70,0,3,4,222
LMS008905,STU00446,2026-05-03,5,50,8,1,0,237
LMS008906,STU00446,2026-03-12,1,161,3,0,3,153
LMS008907,STU00446,2026-04-03,5,87,7,0,2,187
LMS008908,STU00446,2026-01-29,4,7,13,3,4,163
LMS008909,STU00446,2026-05-15,5,62,12,3,5,71
LMS008910,STU00446,2026-05-12,7,23,2,0,4,168
LMS008911,STU00446,2026-01-16,3,97,10,0,4,218
LMS008912,STU00446,2026-02-27,5,29,15,5,0,130
LMS008913,STU00446,2026-01-01,3,158,13,0,0,3
LMS008914,STU00446,2026-01-04,4,132,12,1,4,217
LMS008915,STU00446,2026-02-18,7,51,4,5,1,213
LMS008916,STU00446,2026-05-22,2,118,9,3,0,236
LMS008917,STU00446,2026-04-14,3,34,6,3,1,50
LMS008918,STU00446,2026-03-13,1,157,2,0,5,29
LMS008919,STU00446,2026-06-03,8,55,5,1,5,238
LMS008920,STU00446,2026-04-27,7,165,6,2,3,52
LMS008921,STU00447,2026-05-17,2,52,5,1,1,52
LMS008922,STU00447,2026-02-26,3,83,15,1,1,120
LMS008923,STU00447,2026-04-28,2,1,0,3,0,4
LMS008924,STU00447,2026-04-01,4,85,1,4,5,98
LMS008925,STU00447,2026-03-08,0,117,0,4,4,167
LMS008926,STU00447,2026-05-05,8,164,14,5,1,6
LMS008927,STU00447,2026-03-17,1,4,9,3,4,163
LMS008928,STU00447,2026-05-04,4,102,5,0,2,179
LMS008929,STU00447,2026-04-01,5,148,15,4,1,188
LMS008930,STU00447,2026-04-01,3,82,9,1,5,210
LMS008931,STU00447,2026-03-19,4,95,9,5,2,236
LMS008932,STU00447,2026-01-31,4,19,8,4,1,188
LMS008933,STU00447,2026-01-06,4,136,11,2,0,147
LMS008934,STU00447,2026-01-16,3,164,8,0,0,130
LMS008935,STU00447,2026-05-24,1,165,11,4,1,136
LMS008936,STU00447,2026-05-24,2,147,2,5,5,35
LMS008937,STU00447,2026-06-14,7,7,11,2,0,117
LMS008938,STU00447,2026-01-04,7,103,1,3,3,45
LMS008939,STU00447,2026-01-06,7,137,8,2,2,97
LMS008940,STU00447,2026-06-08,8,167,3,5,5,40
LMS008941,STU00448,2026-06-20,1,6,15,2,3,64
LMS008942,STU00448,2026-01-16,2,177,14,3,3,88
LMS008943,STU00448,2026-06-09,0,147,6,2,5,21
LMS008944,STU00448,2026-06-26,6,71,11,0,4,219
LMS008945,STU00448,2026-02-01,3,177,8,5,2,125
LMS008946,STU00448,2026-02-05,6,36,3,3,5,45
LMS008947,STU00448,2026-02-03,7,117,3,5,5,119
LMS008948,STU00448,2026-03-19,1,174,6,4,1,160
LMS008949,STU00448,2026-05-10,8,158,13,2,0,201
LMS008950,STU00448,2026-01-30,4,36,5,0,4,90
LMS008951,STU00448,2026-03-14,7,143,8,4,0,80
LMS008952,STU00448,2026-02-13,7,33,10,1,3,79
LMS008953,STU00448,2026-01-31,5,174,5,4,5,58
LMS008954,STU00448,2026-05-26,1,156,10,4,2,197
LMS008955,STU00448,2026-03-16,3,119,13,2,3,29
LMS008956,STU00448,2026-04-23,6,137,5,0,0,217
LMS008957,STU00448,2026-04-17,6,129,2,0,1,188
LMS008958,STU00448,2026-04-05,4,16,0,5,5,228
LMS008959,STU00448,2026-06-09,8,152,15,4,0,32
LMS008960,STU00448,2026-06-01,3,65,11,4,5,65
LMS008961,STU00449,2026-03-30,8,113,0,2,3,8
LMS008962,STU00449,2026-04-20,8,130,3,2,0,145
LMS008963,STU00449,2026-02-14,1,152,8,2,4,213
LMS008964,STU00449,2026-04-19,8,149,14,2,1,143
LMS008965,STU00449,2026-04-14,3,174,13,4,2,156
LMS008966,STU00449,2026-06-13,4,49,13,5,2,196
LMS008967,STU00449,2026-05-12,6,5,15,3,1,196
LMS008968,STU00449,2026-01-18,4,54,13,4,0,149
LMS008969,STU00449,2026-05-22,1,102,12,4,2,93
LMS008970,STU00449,2026-04-21,6,14,9,4,2,50
LMS008971,STU00449,2026-02-28,1,151,2,1,0,187
LMS008972,STU00449,2026-01-10,4,75,14,4,2,165
LMS008973,STU00449,2026-06-11,3,64,11,3,1,79
LMS008974,STU00449,2026-01-31,2,78,10,0,5,110
LMS008975,STU00449,2026-05-27,6,50,8,5,3,35
LMS008976,STU00449,2026-02-22,8,164,15,5,5,52
LMS008977,STU00449,2026-01-07,0,164,1,5,0,3
LMS008978,STU00449,2026-02-24,0,179,9,0,2,1
LMS008979,STU00449,2026-05-31,2,47,1,4,1,183
LMS008980,STU00449,2026-06-14,8,156,6,4,2,176
LMS008981,STU00450,2026-02-16,6,106,10,2,1,193
LMS008982,STU00450,2026-01-07,8,170,10,2,3,86
LMS008983,STU00450,2026-04-15,6,153,14,3,0,175
LMS008984,STU00450,2026-06-05,7,88,11,5,0,133
LMS008985,STU00450,2026-04-11,7,5,6,1,2,116
LMS008986,STU00450,2026-03-01,8,139,4,5,2,138
LMS008987,STU00450,2026-05-16,7,157,12,5,5,32
LMS008988,STU00450,2026-03-22,5,44,4,4,0,74
LMS008989,STU00450,2026-06-13,2,106,5,0,5,29
LMS008990,STU00450,2026-06-29,1,99,3,4,4,56
LMS008991,STU00450,2026-03-19,4,20,10,5,1,58
LMS008992,STU00450,2026-02-22,2,71,9,5,0,177
LMS008993,STU00450,2026-02-24,2,150,0,4,1,217
LMS008994,STU00450,2026-04-11,3,64,8,4,2,230
LMS008995,STU00450,2026-01-31,0,170,7,1,5,41
LMS008996,STU00450,2026-03-21,2,24,6,2,5,138
LMS008997,STU00450,2026-03-27,7,13,14,2,0,217
LMS008998,STU00450,2026-05-25,5,44,9,5,2,209
LMS008999,STU00450,2026-02-22,0,27,12,0,3,108
LMS009000,STU00450,2026-03-17,7,90,7,2,0,224
LMS009001,STU00451,2026-02-06,3,5,10,5,1,113
LMS009002,STU00451,2026-01-22,3,171,3,5,4,60
LMS009003,STU00451,2026-03-25,8,105,3,4,3,131
LMS009004,STU00451,2026-03-19,6,159,5,3,4,49
LMS009005,STU00451,2026-05-13,0,39,3,1,5,25
LMS009006,STU00451,2026-05-08,0,177,8,4,3,131
LMS009007,STU00451,2026-01-24,3,92,4,1,5,19
LMS009008,STU00451,2026-03-26,2,2,0,4,1,10
LMS009009,STU00451,2026-06-02,3,92,0,0,2,212
LMS009010,STU00451,2026-04-05,4,131,2,3,5,96
LMS009011,STU00451,2026-01-21,8,73,12,0,4,170
LMS009012,STU00451,2026-02-18,6,170,12,2,5,51
LMS009013,STU00451,2026-02-10,0,179,14,5,2,100
LMS009014,STU00451,2026-06-26,0,28,4,1,5,222
LMS009015,STU00451,2026-04-17,7,25,1,3,3,199
LMS009016,STU00451,2026-06-15,3,101,14,1,2,158
LMS009017,STU00451,2026-05-29,3,15,13,0,0,223
LMS009018,STU00451,2026-04-18,8,76,3,3,4,142
LMS009019,STU00451,2026-04-07,0,131,1,1,1,62
LMS009020,STU00451,2026-05-01,2,63,0,0,5,108
LMS009021,STU00452,2026-03-31,6,133,3,2,1,153
LMS009022,STU00452,2026-05-29,2,136,10,5,2,206
LMS009023,STU00452,2026-02-28,6,2,0,2,2,140
LMS009024,STU00452,2026-05-27,6,65,7,3,4,227
LMS009025,STU00452,2026-02-11,6,176,15,4,0,227
LMS009026,STU00452,2026-04-04,1,142,5,5,0,42
LMS009027,STU00452,2026-04-29,3,89,15,3,5,135
LMS009028,STU00452,2026-06-01,0,40,7,0,1,19
LMS009029,STU00452,2026-02-22,2,54,2,3,4,61
LMS009030,STU00452,2026-02-21,4,98,2,5,2,29
LMS009031,STU00452,2026-06-28,0,55,3,0,1,228
LMS009032,STU00452,2026-06-11,0,22,13,4,1,49
LMS009033,STU00452,2026-02-26,2,178,13,1,1,155
LMS009034,STU00452,2026-04-23,5,51,2,1,5,158
LMS009035,STU00452,2026-02-23,7,25,8,2,4,41
LMS009036,STU00452,2026-02-09,7,126,5,3,2,42
LMS009037,STU00452,2026-04-06,2,1,12,1,4,125
LMS009038,STU00452,2026-02-17,8,180,5,3,5,190
LMS009039,STU00452,2026-05-30,3,129,2,1,5,90
LMS009040,STU00452,2026-03-11,8,107,12,0,5,112
LMS009041,STU00453,2026-02-18,4,90,13,2,4,109
LMS009042,STU00453,2026-03-21,5,101,9,2,3,168
LMS009043,STU00453,2026-03-02,7,64,10,5,1,92
LMS009044,STU00453,2026-04-28,2,27,15,3,2,161
LMS009045,STU00453,2026-05-01,3,117,0,5,4,185
LMS009046,STU00453,2026-02-01,3,66,5,2,0,139
LMS009047,STU00453,2026-02-05,2,3,13,2,4,162
LMS009048,STU00453,2026-06-19,8,77,5,3,3,55
LMS009049,STU00453,2026-01-22,4,58,13,5,4,157
LMS009050,STU00453,2026-03-13,4,26,9,3,0,61
LMS009051,STU00453,2026-05-30,6,127,15,3,2,4
LMS009052,STU00453,2026-04-19,0,6,8,5,4,62
LMS009053,STU00453,2026-04-28,0,174,0,1,3,155
LMS009054,STU00453,2026-01-06,8,139,6,3,5,50
LMS009055,STU00453,2026-05-14,5,155,14,3,0,46
LMS009056,STU00453,2026-05-11,2,150,6,2,1,164
LMS009057,STU00453,2026-01-06,3,176,6,5,0,116
LMS009058,STU00453,2026-04-22,8,94,6,2,3,208
LMS009059,STU00453,2026-02-17,6,72,4,0,3,142
LMS009060,STU00453,2026-05-05,1,178,0,3,1,45
LMS009061,STU00454,2026-03-10,7,138,11,4,2,147
LMS009062,STU00454,2026-06-26,2,147,11,5,0,191
LMS009063,STU00454,2026-06-25,5,9,9,3,5,93
LMS009064,STU00454,2026-01-02,1,2,7,3,4,28
LMS009065,STU00454,2026-03-01,3,5,12,0,4,93
LMS009066,STU00454,2026-05-29,4,147,10,0,0,157
LMS009067,STU00454,2026-01-06,1,16,3,5,1,23
LMS009068,STU00454,2026-05-28,7,158,11,3,3,100
LMS009069,STU00454,2026-05-12,6,163,11,0,0,90
LMS009070,STU00454,2026-03-04,0,141,3,1,1,77
LMS009071,STU00454,2026-01-31,0,8,2,0,3,181
LMS009072,STU00454,2026-01-04,5,42,9,1,1,122
LMS009073,STU00454,2026-05-23,2,75,8,5,2,214
LMS009074,STU00454,2026-05-27,8,76,3,0,2,133
LMS009075,STU00454,2026-03-25,2,149,7,0,4,36
LMS009076,STU00454,2026-06-10,6,96,0,1,1,81
LMS009077,STU00454,2026-03-18,2,79,3,1,0,71
LMS009078,STU00454,2026-03-16,1,27,6,4,4,227
LMS009079,STU00454,2026-06-13,5,20,13,5,3,133
LMS009080,STU00454,2026-04-18,5,38,4,2,0,239
LMS009081,STU00455,2026-05-12,3,18,4,0,0,68
LMS009082,STU00455,2026-04-21,0,138,6,1,0,151
LMS009083,STU00455,2026-02-19,7,26,5,1,2,121
LMS009084,STU00455,2026-03-20,1,134,12,3,5,202
LMS009085,STU00455,2026-06-13,7,149,9,0,1,64
LMS009086,STU00455,2026-05-15,1,78,0,3,0,63
LMS009087,STU00455,2026-06-12,6,26,11,3,3,140
LMS009088,STU00455,2026-01-28,0,86,1,5,4,68
LMS009089,STU00455,2026-04-20,2,119,15,5,0,149
LMS009090,STU00455,2026-05-04,3,45,14,2,4,228
LMS009091,STU00455,2026-02-04,0,114,0,5,3,159
LMS009092,STU00455,2026-02-23,3,133,8,5,4,193
LMS009093,STU00455,2026-05-30,4,78,7,3,0,22
LMS009094,STU00455,2026-05-11,1,150,0,3,1,80
LMS009095,STU00455,2026-04-27,7,149,9,3,1,79
LMS009096,STU00455,2026-01-09,3,53,11,4,2,211
LMS009097,STU00455,2026-06-30,0,78,11,1,2,40
LMS009098,STU00455,2026-02-01,0,51,12,1,0,28
LMS009099,STU00455,2026-02-07,2,144,12,0,5,184
LMS009100,STU00455,2026-01-19,5,113,5,3,4,146
LMS009101,STU00456,2026-05-31,2,102,0,3,0,169
LMS009102,STU00456,2026-02-02,3,32,2,0,5,47
LMS009103,STU00456,2026-01-27,5,93,0,1,3,106
LMS009104,STU00456,2026-03-11,4,99,6,2,1,77
LMS009105,STU00456,2026-04-21,3,83,1,1,2,176
LMS009106,STU00456,2026-04-11,0,85,8,1,4,160
LMS009107,STU00456,2026-01-11,2,159,11,1,5,224
LMS009108,STU00456,2026-01-04,8,175,15,4,1,109
LMS009109,STU00456,2026-02-01,0,169,8,0,0,159
LMS009110,STU00456,2026-03-02,1,47,9,4,2,238
LMS009111,STU00456,2026-03-30,6,166,6,5,0,51
LMS009112,STU00456,2026-02-02,1,71,9,2,5,157
LMS009113,STU00456,2026-06-25,0,73,2,5,4,71
LMS009114,STU00456,2026-01-24,3,114,13,1,2,87
LMS009115,STU00456,2026-01-07,8,179,15,0,0,181
LMS009116,STU00456,2026-03-27,8,25,7,5,5,107
LMS009117,STU00456,2026-04-25,4,132,2,1,2,192
LMS009118,STU00456,2026-01-15,4,133,2,5,3,219
LMS009119,STU00456,2026-06-27,8,133,3,4,1,98
LMS009120,STU00456,2026-05-31,7,161,10,3,3,217
LMS009121,STU00457,2026-01-03,4,106,15,3,3,109
LMS009122,STU00457,2026-06-14,8,84,0,1,3,100
LMS009123,STU00457,2026-03-04,6,68,6,5,4,1
LMS009124,STU00457,2026-06-12,7,88,8,2,3,207
LMS009125,STU00457,2026-01-09,6,74,11,1,1,102
LMS009126,STU00457,2026-04-10,0,67,14,0,2,164
LMS009127,STU00457,2026-06-26,8,140,6,2,3,108
LMS009128,STU00457,2026-06-27,4,152,3,5,0,42
LMS009129,STU00457,2026-03-30,5,65,11,4,5,79
LMS009130,STU00457,2026-03-01,8,129,10,4,4,167
LMS009131,STU00457,2026-06-26,4,158,10,1,1,112
LMS009132,STU00457,2026-02-02,2,53,3,3,5,106
LMS009133,STU00457,2026-04-02,0,30,6,3,2,60
LMS009134,STU00457,2026-06-13,6,113,2,2,1,92
LMS009135,STU00457,2026-01-08,7,80,7,3,1,216
LMS009136,STU00457,2026-06-15,0,140,4,5,0,191
LMS009137,STU00457,2026-03-05,6,6,10,2,4,92
LMS009138,STU00457,2026-05-28,5,155,15,5,5,96
LMS009139,STU00457,2026-04-15,8,129,4,0,2,158
LMS009140,STU00457,2026-01-25,1,109,13,2,3,139
LMS009141,STU00458,2026-03-29,5,145,14,0,2,220
LMS009142,STU00458,2026-03-17,6,15,9,5,2,140
LMS009143,STU00458,2026-02-13,2,105,4,2,1,138
LMS009144,STU00458,2026-03-24,5,101,0,4,5,100
LMS009145,STU00458,2026-04-11,4,21,1,2,0,178
LMS009146,STU00458,2026-04-08,8,123,14,0,3,63
LMS009147,STU00458,2026-06-15,6,70,8,2,1,73
LMS009148,STU00458,2026-05-27,6,93,3,3,4,83
LMS009149,STU00458,2026-06-12,2,46,1,4,4,12
LMS009150,STU00458,2026-04-13,4,127,8,4,5,188
LMS009151,STU00458,2026-05-04,5,62,15,5,1,237
LMS009152,STU00458,2026-05-27,3,43,15,2,0,119
LMS009153,STU00458,2026-04-17,3,107,0,4,4,3
LMS009154,STU00458,2026-05-08,0,162,5,4,1,198
LMS009155,STU00458,2026-05-14,6,134,7,2,3,21
LMS009156,STU00458,2026-02-02,5,13,11,0,2,41
LMS009157,STU00458,2026-04-29,2,79,5,1,5,29
LMS009158,STU00458,2026-02-14,2,53,7,5,0,221
LMS009159,STU00458,2026-06-04,3,42,7,2,1,159
LMS009160,STU00458,2026-01-23,2,70,2,4,2,120
LMS009161,STU00459,2026-04-20,6,10,7,1,4,222
LMS009162,STU00459,2026-01-25,8,93,8,1,4,203
LMS009163,STU00459,2026-05-20,7,128,8,1,0,20
LMS009164,STU00459,2026-05-05,5,19,12,5,4,171
LMS009165,STU00459,2026-04-18,1,164,6,1,1,162
LMS009166,STU00459,2026-04-20,2,70,0,2,0,63
LMS009167,STU00459,2026-05-18,8,5,10,0,5,74
LMS009168,STU00459,2026-06-03,1,73,5,1,3,171
LMS009169,STU00459,2026-04-14,0,107,0,2,0,38
LMS009170,STU00459,2026-02-01,4,159,6,3,1,98
LMS009171,STU00459,2026-02-18,7,50,8,3,4,194
LMS009172,STU00459,2026-05-27,6,77,6,1,0,189
LMS009173,STU00459,2026-02-28,0,42,5,0,4,184
LMS009174,STU00459,2026-01-20,7,114,0,1,0,163
LMS009175,STU00459,2026-01-21,2,27,11,4,4,158
LMS009176,STU00459,2026-03-03,5,130,14,4,2,134
LMS009177,STU00459,2026-06-05,1,75,13,5,4,13
LMS009178,STU00459,2026-05-19,8,178,4,2,3,0
LMS009179,STU00459,2026-01-10,5,136,3,0,0,169
LMS009180,STU00459,2026-01-21,6,125,7,4,5,40
LMS009181,STU00460,2026-03-06,2,137,4,0,0,221
LMS009182,STU00460,2026-01-31,1,110,6,4,1,216
LMS009183,STU00460,2026-04-28,1,34,1,5,1,178
LMS009184,STU00460,2026-06-21,5,9,11,5,2,26
LMS009185,STU00460,2026-06-22,6,88,12,3,4,31
LMS009186,STU00460,2026-04-29,3,46,3,5,4,227
LMS009187,STU00460,2026-03-19,0,110,2,2,3,180
LMS009188,STU00460,2026-02-23,7,177,2,5,1,222
LMS009189,STU00460,2026-02-20,3,87,14,3,0,78
LMS009190,STU00460,2026-02-06,7,127,12,1,5,33
LMS009191,STU00460,2026-05-18,7,146,5,0,0,227
LMS009192,STU00460,2026-04-12,3,154,6,2,3,153
LMS009193,STU00460,2026-01-17,7,162,11,2,2,127
LMS009194,STU00460,2026-02-28,2,145,4,3,0,178
LMS009195,STU00460,2026-06-30,2,20,7,5,4,238
LMS009196,STU00460,2026-02-10,0,44,5,5,2,94
LMS009197,STU00460,2026-04-18,1,62,2,5,4,13
LMS009198,STU00460,2026-02-10,3,58,10,0,0,222
LMS009199,STU00460,2026-03-20,4,103,8,0,4,92
LMS009200,STU00460,2026-01-18,1,121,7,2,3,39
LMS009201,STU00461,2026-04-24,8,126,12,1,3,147
LMS009202,STU00461,2026-06-02,1,177,5,1,4,38
LMS009203,STU00461,2026-02-06,5,24,15,2,4,82
LMS009204,STU00461,2026-04-08,7,117,4,4,3,156
LMS009205,STU00461,2026-01-16,4,50,12,2,2,26
LMS009206,STU00461,2026-03-18,4,107,11,1,2,198
LMS009207,STU00461,2026-01-19,4,30,12,1,5,2
LMS009208,STU00461,2026-02-25,4,100,7,2,3,135
LMS009209,STU00461,2026-01-12,7,23,2,1,5,34
LMS009210,STU00461,2026-03-31,1,45,8,0,0,104
LMS009211,STU00461,2026-06-24,2,168,5,5,0,212
LMS009212,STU00461,2026-06-21,6,135,4,5,1,169
LMS009213,STU00461,2026-04-06,8,50,1,0,4,22
LMS009214,STU00461,2026-06-01,6,90,2,0,0,150
LMS009215,STU00461,2026-06-30,0,84,4,3,5,142
LMS009216,STU00461,2026-02-19,2,153,2,4,3,157
LMS009217,STU00461,2026-05-25,6,61,5,2,4,133
LMS009218,STU00461,2026-04-02,6,166,15,3,0,60
LMS009219,STU00461,2026-01-26,1,125,9,2,4,54
LMS009220,STU00461,2026-02-09,6,148,4,1,2,28
LMS009221,STU00462,2026-03-12,3,105,4,4,5,236
LMS009222,STU00462,2026-05-25,6,52,4,0,2,233
LMS009223,STU00462,2026-05-23,5,31,6,4,2,120
LMS009224,STU00462,2026-02-24,7,25,12,5,1,101
LMS009225,STU00462,2026-02-16,2,146,2,4,2,101
LMS009226,STU00462,2026-05-12,0,3,7,4,2,162
LMS009227,STU00462,2026-02-26,8,94,5,0,4,174
LMS009228,STU00462,2026-03-08,3,11,4,2,5,152
LMS009229,STU00462,2026-01-09,8,149,4,5,2,133
LMS009230,STU00462,2026-04-23,3,100,12,4,5,24
LMS009231,STU00462,2026-06-30,0,42,5,3,3,76
LMS009232,STU00462,2026-03-26,5,22,13,2,5,25
LMS009233,STU00462,2026-06-28,2,175,8,5,4,121
LMS009234,STU00462,2026-04-28,3,53,13,1,0,185
LMS009235,STU00462,2026-03-13,8,59,6,3,3,140
LMS009236,STU00462,2026-05-24,5,159,13,2,2,193
LMS009237,STU00462,2026-05-25,1,72,13,0,4,58
LMS009238,STU00462,2026-06-13,5,33,4,3,0,139
LMS009239,STU00462,2026-01-27,2,179,13,5,3,94
LMS009240,STU00462,2026-01-18,2,144,12,5,1,32
LMS009241,STU00463,2026-03-25,1,65,9,0,5,28
LMS009242,STU00463,2026-03-19,7,133,15,0,2,231
LMS009243,STU00463,2026-02-05,0,104,0,3,0,69
LMS009244,STU00463,2026-03-08,0,38,13,5,1,120
LMS009245,STU00463,2026-04-07,8,67,15,2,0,8
LMS009246,STU00463,2026-02-22,6,106,5,4,1,76
LMS009247,STU00463,2026-01-06,1,124,3,1,0,223
LMS009248,STU00463,2026-03-21,2,96,13,4,1,51
LMS009249,STU00463,2026-02-12,1,94,2,0,0,80
LMS009250,STU00463,2026-04-23,7,73,11,0,0,157
LMS009251,STU00463,2026-06-22,5,130,3,1,0,41
LMS009252,STU00463,2026-02-12,1,99,11,2,4,216
LMS009253,STU00463,2026-03-09,7,112,12,2,2,212
LMS009254,STU00463,2026-04-19,8,102,15,0,3,74
LMS009255,STU00463,2026-02-25,3,17,13,3,0,28
LMS009256,STU00463,2026-06-02,4,129,10,2,5,194
LMS009257,STU00463,2026-03-03,1,74,0,0,4,66
LMS009258,STU00463,2026-02-17,3,123,4,4,4,104
LMS009259,STU00463,2026-05-29,1,53,1,0,3,93
LMS009260,STU00463,2026-06-29,4,31,12,4,4,122
LMS009261,STU00464,2026-05-26,0,54,9,3,5,141
LMS009262,STU00464,2026-02-19,0,92,8,0,5,88
LMS009263,STU00464,2026-01-09,5,72,0,5,2,205
LMS009264,STU00464,2026-05-22,3,125,4,2,1,22
LMS009265,STU00464,2026-02-24,1,11,4,2,2,134
LMS009266,STU00464,2026-05-22,1,146,0,4,5,123
LMS009267,STU00464,2026-03-13,3,166,13,0,2,157
LMS009268,STU00464,2026-05-31,6,104,14,0,3,123
LMS009269,STU00464,2026-01-27,4,13,8,2,3,113
LMS009270,STU00464,2026-05-26,2,49,6,1,4,235
LMS009271,STU00464,2026-06-01,0,162,5,0,2,181
LMS009272,STU00464,2026-03-20,4,65,8,0,0,54
LMS009273,STU00464,2026-01-03,7,96,7,1,5,157
LMS009274,STU00464,2026-03-29,8,157,3,0,4,58
LMS009275,STU00464,2026-03-13,7,170,15,1,3,107
LMS009276,STU00464,2026-03-01,6,167,2,3,2,113
LMS009277,STU00464,2026-06-22,3,168,3,5,4,163
LMS009278,STU00464,2026-03-28,8,155,1,2,1,71
LMS009279,STU00464,2026-04-09,1,47,0,0,4,111
LMS009280,STU00464,2026-03-19,2,39,13,3,5,209
LMS009281,STU00465,2026-01-11,5,14,11,2,5,68
LMS009282,STU00465,2026-06-25,6,42,1,5,4,165
LMS009283,STU00465,2026-06-28,6,39,12,5,1,11
LMS009284,STU00465,2026-03-29,5,51,4,3,4,181
LMS009285,STU00465,2026-01-20,3,131,9,3,4,207
LMS009286,STU00465,2026-04-06,2,65,8,1,2,85
LMS009287,STU00465,2026-04-22,0,142,4,5,0,219
LMS009288,STU00465,2026-03-06,5,118,6,4,1,168
LMS009289,STU00465,2026-01-20,3,138,8,0,1,169
LMS009290,STU00465,2026-04-07,4,117,13,0,0,173
LMS009291,STU00465,2026-02-08,3,58,9,5,3,94
LMS009292,STU00465,2026-02-14,6,149,1,5,1,138
LMS009293,STU00465,2026-06-30,4,150,0,2,0,182
LMS009294,STU00465,2026-04-08,6,122,0,5,3,154
LMS009295,STU00465,2026-01-11,8,126,15,5,4,90
LMS009296,STU00465,2026-05-29,8,134,7,2,1,112
LMS009297,STU00465,2026-03-01,3,63,1,1,5,218
LMS009298,STU00465,2026-04-13,8,21,6,2,5,142
LMS009299,STU00465,2026-01-20,2,154,8,0,3,129
LMS009300,STU00465,2026-01-26,8,173,12,4,1,201
LMS009301,STU00466,2026-04-12,5,23,9,1,4,67
LMS009302,STU00466,2026-01-23,8,35,1,3,1,112
LMS009303,STU00466,2026-03-17,6,55,1,1,2,185
LMS009304,STU00466,2026-06-04,4,145,10,1,0,68
LMS009305,STU00466,2026-01-21,7,113,8,0,1,45
LMS009306,STU00466,2026-05-01,8,144,4,0,0,179
LMS009307,STU00466,2026-01-03,8,178,11,3,0,96
LMS009308,STU00466,2026-06-22,5,75,11,4,1,204
LMS009309,STU00466,2026-06-27,4,52,12,2,2,46
LMS009310,STU00466,2026-06-02,2,14,5,3,4,5
LMS009311,STU00466,2026-01-19,8,136,6,1,2,154
LMS009312,STU00466,2026-04-08,1,1,4,2,0,108
LMS009313,STU00466,2026-03-13,7,32,6,4,4,171
LMS009314,STU00466,2026-06-19,2,136,8,1,2,98
LMS009315,STU00466,2026-03-15,5,145,12,3,5,224
LMS009316,STU00466,2026-04-18,7,176,3,3,4,213
LMS009317,STU00466,2026-06-06,8,30,9,4,1,149
LMS009318,STU00466,2026-02-02,7,168,3,5,1,172
LMS009319,STU00466,2026-06-27,1,55,7,1,2,57
LMS009320,STU00466,2026-03-07,7,73,7,0,4,70
LMS009321,STU00467,2026-06-30,1,163,6,3,3,40
LMS009322,STU00467,2026-04-03,2,121,3,4,4,227
LMS009323,STU00467,2026-02-10,8,173,1,3,3,89
LMS009324,STU00467,2026-03-02,4,9,13,1,0,143
LMS009325,STU00467,2026-01-03,5,55,2,2,4,134
LMS009326,STU00467,2026-05-01,7,78,7,2,2,36
LMS009327,STU00467,2026-04-12,7,119,4,1,5,153
LMS009328,STU00467,2026-01-19,0,13,1,4,5,123
LMS009329,STU00467,2026-01-15,6,131,2,2,2,222
LMS009330,STU00467,2026-06-25,2,62,10,4,1,202
LMS009331,STU00467,2026-04-05,0,4,9,2,2,179
LMS009332,STU00467,2026-05-23,8,163,3,5,4,171
LMS009333,STU00467,2026-06-05,8,51,14,2,1,16
LMS009334,STU00467,2026-01-12,3,153,8,0,2,0
LMS009335,STU00467,2026-01-15,6,3,15,4,4,149
LMS009336,STU00467,2026-04-02,8,158,5,0,0,52
LMS009337,STU00467,2026-03-02,6,1,7,0,4,120
LMS009338,STU00467,2026-05-24,5,46,8,3,5,41
LMS009339,STU00467,2026-01-03,0,130,9,3,5,113
LMS009340,STU00467,2026-03-18,5,74,14,0,3,144
LMS009341,STU00468,2026-03-15,7,154,8,2,4,49
LMS009342,STU00468,2026-03-14,2,120,1,1,5,226
LMS009343,STU00468,2026-04-18,5,76,2,2,1,116
LMS009344,STU00468,2026-06-07,3,33,2,2,3,110
LMS009345,STU00468,2026-03-22,4,101,15,3,0,207
LMS009346,STU00468,2026-01-29,1,78,11,3,2,72
LMS009347,STU00468,2026-01-03,5,64,14,1,3,223
LMS009348,STU00468,2026-02-13,6,177,1,3,0,114
LMS009349,STU00468,2026-06-17,0,57,1,3,5,61
LMS009350,STU00468,2026-03-19,1,137,1,0,3,48
LMS009351,STU00468,2026-04-11,1,86,3,4,0,213
LMS009352,STU00468,2026-03-12,8,42,6,4,1,173
LMS009353,STU00468,2026-04-20,2,39,8,4,1,73
LMS009354,STU00468,2026-02-09,0,110,1,3,5,188
LMS009355,STU00468,2026-01-30,5,129,1,3,3,185
LMS009356,STU00468,2026-06-19,0,122,12,1,0,165
LMS009357,STU00468,2026-06-01,0,90,7,2,2,118
LMS009358,STU00468,2026-03-06,6,106,4,5,4,107
LMS009359,STU00468,2026-02-18,1,157,1,3,2,195
LMS009360,STU00468,2026-06-27,3,116,13,2,2,133
LMS009361,STU00469,2026-01-31,4,119,15,3,0,73
LMS009362,STU00469,2026-02-24,0,1,8,1,2,98
LMS009363,STU00469,2026-06-25,1,104,3,1,1,216
LMS009364,STU00469,2026-04-08,1,133,11,1,5,58
LMS009365,STU00469,2026-05-13,3,110,15,5,3,153
LMS009366,STU00469,2026-01-29,8,143,1,1,4,161
LMS009367,STU00469,2026-06-22,3,59,1,0,3,130
LMS009368,STU00469,2026-06-08,3,73,8,2,0,93
LMS009369,STU00469,2026-01-10,1,85,7,1,3,168
LMS009370,STU00469,2026-05-13,0,8,1,4,3,50
LMS009371,STU00469,2026-06-23,4,116,9,0,4,189
LMS009372,STU00469,2026-05-13,0,79,6,1,3,199
LMS009373,STU00469,2026-03-16,3,86,11,4,0,41
LMS009374,STU00469,2026-05-19,6,64,3,3,1,61
LMS009375,STU00469,2026-02-20,0,161,2,2,2,172
LMS009376,STU00469,2026-01-18,0,130,0,1,2,107
LMS009377,STU00469,2026-05-13,3,130,11,4,1,229
LMS009378,STU00469,2026-06-26,0,149,11,1,3,143
LMS009379,STU00469,2026-03-16,0,91,9,3,4,200
LMS009380,STU00469,2026-06-23,1,149,15,4,3,105
LMS009381,STU00470,2026-02-09,5,112,0,0,2,34
LMS009382,STU00470,2026-05-18,4,95,2,4,2,129
LMS009383,STU00470,2026-06-15,4,121,6,1,4,175
LMS009384,STU00470,2026-05-18,8,119,0,5,4,109
LMS009385,STU00470,2026-04-24,6,138,15,4,4,151
LMS009386,STU00470,2026-06-29,8,69,15,0,0,93
LMS009387,STU00470,2026-02-01,0,20,2,3,2,45
LMS009388,STU00470,2026-03-13,3,117,6,1,0,70
LMS009389,STU00470,2026-05-20,5,108,0,0,4,14
LMS009390,STU00470,2026-02-26,8,141,2,0,3,150
LMS009391,STU00470,2026-01-02,5,45,7,2,4,235
LMS009392,STU00470,2026-01-23,7,28,12,5,4,54
LMS009393,STU00470,2026-04-21,7,9,10,0,1,176
LMS009394,STU00470,2026-04-22,5,67,15,3,2,4
LMS009395,STU00470,2026-02-05,5,180,1,1,2,150
LMS009396,STU00470,2026-05-22,1,19,12,3,5,61
LMS009397,STU00470,2026-05-23,8,162,14,1,0,207
LMS009398,STU00470,2026-05-09,6,27,1,4,5,173
LMS009399,STU00470,2026-02-11,8,39,9,0,2,16
LMS009400,STU00470,2026-04-09,3,112,2,0,3,107
LMS009401,STU00471,2026-03-04,5,52,9,5,1,1
LMS009402,STU00471,2026-02-27,7,100,4,1,0,231
LMS009403,STU00471,2026-06-29,1,47,8,3,1,137
LMS009404,STU00471,2026-03-11,5,7,3,5,1,20
LMS009405,STU00471,2026-02-15,2,84,12,3,2,171
LMS009406,STU00471,2026-01-03,6,3,10,4,2,191
LMS009407,STU00471,2026-06-10,1,2,11,1,1,123
LMS009408,STU00471,2026-04-29,4,104,12,4,2,128
LMS009409,STU00471,2026-03-05,7,43,10,3,5,62
LMS009410,STU00471,2026-01-26,0,128,14,5,4,148
LMS009411,STU00471,2026-01-03,6,117,14,4,0,179
LMS009412,STU00471,2026-02-25,6,33,10,2,5,221
LMS009413,STU00471,2026-06-18,0,70,3,2,2,221
LMS009414,STU00471,2026-04-04,5,153,7,4,2,60
LMS009415,STU00471,2026-04-18,0,75,1,5,2,188
LMS009416,STU00471,2026-03-05,3,127,7,2,3,213
LMS009417,STU00471,2026-04-21,7,164,8,4,0,95
LMS009418,STU00471,2026-06-07,5,163,15,1,5,68
LMS009419,STU00471,2026-01-09,7,115,13,2,1,125
LMS009420,STU00471,2026-03-02,8,104,2,2,2,144
LMS009421,STU00472,2026-01-21,7,52,0,0,3,9
LMS009422,STU00472,2026-05-28,7,48,14,4,1,149
LMS009423,STU00472,2026-01-20,8,58,11,5,4,38
LMS009424,STU00472,2026-03-08,5,90,1,1,0,110
LMS009425,STU00472,2026-06-22,2,178,3,2,3,130
LMS009426,STU00472,2026-05-16,2,70,9,4,0,69
LMS009427,STU00472,2026-03-27,4,162,2,3,4,69
LMS009428,STU00472,2026-05-04,2,117,1,2,3,38
LMS009429,STU00472,2026-04-02,4,44,6,3,5,76
LMS009430,STU00472,2026-05-07,0,134,4,2,2,45
LMS009431,STU00472,2026-03-01,4,169,12,5,2,65
LMS009432,STU00472,2026-06-02,8,31,10,1,3,109
LMS009433,STU00472,2026-02-27,1,63,4,0,2,123
LMS009434,STU00472,2026-03-07,4,62,10,5,5,85
LMS009435,STU00472,2026-02-16,5,27,4,1,1,166
LMS009436,STU00472,2026-04-28,1,125,11,2,3,15
LMS009437,STU00472,2026-04-10,8,62,2,5,2,175
LMS009438,STU00472,2026-05-08,8,60,6,2,1,155
LMS009439,STU00472,2026-03-10,8,134,8,2,1,174
LMS009440,STU00472,2026-04-30,8,119,12,4,4,126
LMS009441,STU00473,2026-02-09,1,15,14,1,5,212
LMS009442,STU00473,2026-03-09,7,74,5,2,0,125
LMS009443,STU00473,2026-03-12,2,159,8,1,0,100
LMS009444,STU00473,2026-01-06,2,42,2,0,0,234
LMS009445,STU00473,2026-05-01,4,121,11,1,3,74
LMS009446,STU00473,2026-05-06,1,163,13,0,0,97
LMS009447,STU00473,2026-06-17,6,123,12,1,2,179
LMS009448,STU00473,2026-03-07,8,2,7,2,3,125
LMS009449,STU00473,2026-01-04,4,70,15,4,1,160
LMS009450,STU00473,2026-06-15,3,138,8,2,1,130
LMS009451,STU00473,2026-02-09,8,127,1,3,1,82
LMS009452,STU00473,2026-04-11,2,126,8,5,5,218
LMS009453,STU00473,2026-04-11,0,59,9,1,5,19
LMS009454,STU00473,2026-06-14,8,9,12,3,2,228
LMS009455,STU00473,2026-02-10,0,118,8,1,2,189
LMS009456,STU00473,2026-01-04,2,9,10,0,5,34
LMS009457,STU00473,2026-05-22,3,80,12,1,1,190
LMS009458,STU00473,2026-06-24,5,97,15,3,3,115
LMS009459,STU00473,2026-02-26,7,7,8,1,4,22
LMS009460,STU00473,2026-04-07,1,11,5,0,1,204
LMS009461,STU00474,2026-06-08,0,23,9,0,4,228
LMS009462,STU00474,2026-04-15,5,55,2,4,5,228
LMS009463,STU00474,2026-05-26,8,153,5,3,5,212
LMS009464,STU00474,2026-02-12,3,173,3,2,4,145
LMS009465,STU00474,2026-03-06,2,176,13,0,1,99
LMS009466,STU00474,2026-05-20,7,79,0,3,0,30
LMS009467,STU00474,2026-01-19,1,176,0,4,5,174
LMS009468,STU00474,2026-05-04,8,141,12,5,3,106
LMS009469,STU00474,2026-04-18,0,8,7,4,1,91
LMS009470,STU00474,2026-01-13,7,97,14,2,2,17
LMS009471,STU00474,2026-05-05,0,78,8,4,2,45
LMS009472,STU00474,2026-04-14,2,116,0,3,4,82
LMS009473,STU00474,2026-01-19,7,117,5,5,2,89
LMS009474,STU00474,2026-05-12,0,17,7,5,4,131
LMS009475,STU00474,2026-06-25,4,103,5,1,2,51
LMS009476,STU00474,2026-04-29,6,106,2,5,5,2
LMS009477,STU00474,2026-02-23,8,51,1,3,2,131
LMS009478,STU00474,2026-06-30,2,170,2,3,2,30
LMS009479,STU00474,2026-01-21,4,60,2,5,1,1
LMS009480,STU00474,2026-04-24,8,61,14,5,1,238
LMS009481,STU00475,2026-01-19,1,85,6,1,5,212
LMS009482,STU00475,2026-06-03,4,158,7,5,3,61
LMS009483,STU00475,2026-05-17,4,110,1,1,0,174
LMS009484,STU00475,2026-04-14,2,10,13,3,5,110
LMS009485,STU00475,2026-06-06,3,89,11,0,5,3
LMS009486,STU00475,2026-03-20,6,148,8,1,3,92
LMS009487,STU00475,2026-06-27,5,57,15,3,0,235
LMS009488,STU00475,2026-04-01,5,106,7,1,2,158
LMS009489,STU00475,2026-02-04,3,107,8,2,5,55
LMS009490,STU00475,2026-01-01,0,94,2,3,2,123
LMS009491,STU00475,2026-05-16,2,117,4,1,4,167
LMS009492,STU00475,2026-05-22,5,27,10,2,0,223
LMS009493,STU00475,2026-06-06,4,142,12,4,5,143
LMS009494,STU00475,2026-02-16,7,165,14,1,0,71
LMS009495,STU00475,2026-03-02,4,69,0,2,1,7
LMS009496,STU00475,2026-06-12,6,45,1,4,5,138
LMS009497,STU00475,2026-05-21,8,56,6,3,1,62
LMS009498,STU00475,2026-01-21,1,144,0,4,4,153
LMS009499,STU00475,2026-02-11,5,90,5,2,5,237
LMS009500,STU00475,2026-06-28,3,126,1,5,5,14
LMS009501,STU00476,2026-01-28,1,139,14,0,3,207
LMS009502,STU00476,2026-04-02,5,15,2,0,0,155
LMS009503,STU00476,2026-01-09,4,156,2,2,3,168
LMS009504,STU00476,2026-01-13,4,167,8,0,1,9
LMS009505,STU00476,2026-05-21,5,58,2,3,2,210
LMS009506,STU00476,2026-03-03,4,147,8,2,0,1
LMS009507,STU00476,2026-05-08,2,27,7,5,5,129
LMS009508,STU00476,2026-04-10,1,139,3,2,5,51
LMS009509,STU00476,2026-05-17,7,15,5,2,5,235
LMS009510,STU00476,2026-04-03,3,88,14,5,2,210
LMS009511,STU00476,2026-01-22,8,117,6,3,5,168
LMS009512,STU00476,2026-05-05,6,165,10,2,4,32
LMS009513,STU00476,2026-03-09,6,108,6,5,3,197
LMS009514,STU00476,2026-02-06,1,4,0,4,3,111
LMS009515,STU00476,2026-03-28,0,50,6,0,0,90
LMS009516,STU00476,2026-05-17,2,72,3,0,2,231
LMS009517,STU00476,2026-02-27,5,131,4,1,2,208
LMS009518,STU00476,2026-04-11,0,64,5,1,3,57
LMS009519,STU00476,2026-01-17,5,15,8,5,0,95
LMS009520,STU00476,2026-02-19,7,175,13,5,3,96
LMS009521,STU00477,2026-06-19,2,118,12,1,2,40
LMS009522,STU00477,2026-04-30,8,146,2,0,4,67
LMS009523,STU00477,2026-01-08,7,105,4,1,0,55
LMS009524,STU00477,2026-04-30,7,171,4,5,1,239
LMS009525,STU00477,2026-01-03,1,97,14,0,3,51
LMS009526,STU00477,2026-03-21,3,57,14,5,3,56
LMS009527,STU00477,2026-05-12,7,94,3,5,1,82
LMS009528,STU00477,2026-02-26,5,48,4,1,5,100
LMS009529,STU00477,2026-03-20,3,18,5,0,1,138
LMS009530,STU00477,2026-03-02,1,95,15,0,2,117
LMS009531,STU00477,2026-02-03,6,126,10,0,3,185
LMS009532,STU00477,2026-05-20,7,78,14,1,5,17
LMS009533,STU00477,2026-01-18,0,131,9,5,2,17
LMS009534,STU00477,2026-04-07,4,146,8,2,2,10
LMS009535,STU00477,2026-05-09,7,179,10,2,1,2
LMS009536,STU00477,2026-01-18,2,118,8,1,4,206
LMS009537,STU00477,2026-02-01,8,173,6,3,1,219
LMS009538,STU00477,2026-02-09,6,113,9,2,0,39
LMS009539,STU00477,2026-02-13,8,129,7,4,3,37
LMS009540,STU00477,2026-02-26,7,19,5,5,2,176
LMS009541,STU00478,2026-06-04,4,135,13,0,1,185
LMS009542,STU00478,2026-04-18,7,143,1,1,3,207
LMS009543,STU00478,2026-02-18,3,117,14,1,4,214
LMS009544,STU00478,2026-06-30,2,128,0,5,1,237
LMS009545,STU00478,2026-02-12,2,25,3,2,0,225
LMS009546,STU00478,2026-02-10,8,105,2,5,1,43
LMS009547,STU00478,2026-04-02,6,15,2,0,4,149
LMS009548,STU00478,2026-06-05,2,118,3,1,0,3
LMS009549,STU00478,2026-04-01,0,154,2,3,5,154
LMS009550,STU00478,2026-05-13,0,44,15,1,4,80
LMS009551,STU00478,2026-01-06,7,167,12,1,1,228
LMS009552,STU00478,2026-04-22,8,23,0,2,1,85
LMS009553,STU00478,2026-04-30,2,38,13,5,2,188
LMS009554,STU00478,2026-05-15,7,12,11,5,0,80
LMS009555,STU00478,2026-04-06,8,135,10,4,3,91
LMS009556,STU00478,2026-02-26,4,158,1,5,5,220
LMS009557,STU00478,2026-04-07,5,53,0,1,0,226
LMS009558,STU00478,2026-01-03,3,91,7,1,3,62
LMS009559,STU00478,2026-03-08,6,0,2,5,0,139
LMS009560,STU00478,2026-05-11,2,54,15,3,3,181
LMS009561,STU00479,2026-01-29,1,89,3,5,1,193
LMS009562,STU00479,2026-06-03,0,10,15,1,5,40
LMS009563,STU00479,2026-05-31,1,180,8,3,2,132
LMS009564,STU00479,2026-04-21,4,54,0,2,1,180
LMS009565,STU00479,2026-02-18,6,172,9,2,5,229
LMS009566,STU00479,2026-03-08,4,24,11,1,1,16
LMS009567,STU00479,2026-01-30,3,177,10,2,4,183
LMS009568,STU00479,2026-01-13,0,122,7,5,5,189
LMS009569,STU00479,2026-02-27,6,90,4,1,1,173
LMS009570,STU00479,2026-06-28,5,85,10,4,3,208
LMS009571,STU00479,2026-05-06,7,42,14,1,0,180
LMS009572,STU00479,2026-03-12,4,11,12,2,1,129
LMS009573,STU00479,2026-05-01,3,48,9,4,3,68
LMS009574,STU00479,2026-02-08,5,94,10,0,1,158
LMS009575,STU00479,2026-03-13,2,36,2,0,0,213
LMS009576,STU00479,2026-04-11,7,52,1,1,0,22
LMS009577,STU00479,2026-04-01,0,121,3,2,2,42
LMS009578,STU00479,2026-01-27,6,171,7,0,2,49
LMS009579,STU00479,2026-01-14,5,126,15,2,2,98
LMS009580,STU00479,2026-06-25,1,4,12,0,0,226
LMS009581,STU00480,2026-06-04,0,52,11,1,0,32
LMS009582,STU00480,2026-03-19,0,41,14,1,5,11
LMS009583,STU00480,2026-06-25,7,43,6,3,5,22
LMS009584,STU00480,2026-06-13,0,9,10,2,4,225
LMS009585,STU00480,2026-04-05,7,0,8,0,2,73
LMS009586,STU00480,2026-04-27,2,156,1,0,2,177
LMS009587,STU00480,2026-02-23,4,122,8,3,1,16
LMS009588,STU00480,2026-06-03,6,93,13,2,0,144
LMS009589,STU00480,2026-01-12,7,86,9,0,2,159
LMS009590,STU00480,2026-01-24,8,76,7,3,3,222
LMS009591,STU00480,2026-03-04,7,56,3,0,5,79
LMS009592,STU00480,2026-05-02,1,179,1,4,5,237
LMS009593,STU00480,2026-05-16,7,114,15,3,2,236
LMS009594,STU00480,2026-02-10,5,158,8,0,1,193
LMS009595,STU00480,2026-03-14,4,150,12,1,5,220
LMS009596,STU00480,2026-06-08,6,156,14,0,4,57
LMS009597,STU00480,2026-03-26,3,83,14,0,2,175
LMS009598,STU00480,2026-03-19,3,78,3,1,4,112
LMS009599,STU00480,2026-03-30,8,124,13,3,3,126
LMS009600,STU00480,2026-03-07,6,41,7,0,5,162
LMS009601,STU00481,2026-05-01,7,173,14,1,1,107
LMS009602,STU00481,2026-01-28,7,133,4,4,2,65
LMS009603,STU00481,2026-01-08,4,177,2,3,0,64
LMS009604,STU00481,2026-03-30,3,55,0,4,0,150
LMS009605,STU00481,2026-05-10,6,138,13,1,4,182
LMS009606,STU00481,2026-03-16,1,119,2,4,5,103
LMS009607,STU00481,2026-06-06,3,166,6,3,2,197
LMS009608,STU00481,2026-02-15,7,158,11,1,5,160
LMS009609,STU00481,2026-05-24,6,153,5,0,0,172
LMS009610,STU00481,2026-02-02,0,122,3,2,2,11
LMS009611,STU00481,2026-05-05,7,141,14,0,0,155
LMS009612,STU00481,2026-02-05,1,48,2,0,5,163
LMS009613,STU00481,2026-02-08,7,32,7,0,0,57
LMS009614,STU00481,2026-03-11,4,13,14,1,5,191
LMS009615,STU00481,2026-06-02,3,10,0,2,4,45
LMS009616,STU00481,2026-06-02,1,73,7,5,1,207
LMS009617,STU00481,2026-05-31,4,28,0,2,4,9
LMS009618,STU00481,2026-03-29,5,167,11,2,2,225
LMS009619,STU00481,2026-03-24,1,122,3,3,4,30
LMS009620,STU00481,2026-06-18,4,77,10,2,4,28
LMS009621,STU00482,2026-04-22,0,44,0,5,1,231
LMS009622,STU00482,2026-05-28,1,144,9,4,4,105
LMS009623,STU00482,2026-04-20,3,179,0,3,3,140
LMS009624,STU00482,2026-01-31,2,66,15,2,1,68
LMS009625,STU00482,2026-04-03,2,66,0,1,2,79
LMS009626,STU00482,2026-03-30,6,76,7,3,0,145
LMS009627,STU00482,2026-03-17,5,82,8,3,5,9
LMS009628,STU00482,2026-06-02,2,109,10,2,1,230
LMS009629,STU00482,2026-05-12,4,92,10,2,4,232
LMS009630,STU00482,2026-02-08,3,43,13,2,3,159
LMS009631,STU00482,2026-05-08,1,129,14,4,5,14
LMS009632,STU00482,2026-05-19,8,29,14,3,2,201
LMS009633,STU00482,2026-02-08,5,119,9,4,0,177
LMS009634,STU00482,2026-03-14,6,84,5,0,1,121
LMS009635,STU00482,2026-01-09,2,25,12,4,2,112
LMS009636,STU00482,2026-04-28,4,131,11,5,4,65
LMS009637,STU00482,2026-05-08,8,70,14,1,1,238
LMS009638,STU00482,2026-06-08,6,97,9,3,2,129
LMS009639,STU00482,2026-06-07,7,37,13,1,2,229
LMS009640,STU00482,2026-01-27,2,104,13,2,0,41
LMS009641,STU00483,2026-06-12,3,32,12,5,1,235
LMS009642,STU00483,2026-04-21,3,127,15,1,3,18
LMS009643,STU00483,2026-01-16,5,108,1,5,2,23
LMS009644,STU00483,2026-06-13,3,11,12,4,5,48
LMS009645,STU00483,2026-03-22,0,170,0,4,5,63
LMS009646,STU00483,2026-01-24,8,54,8,5,4,144
LMS009647,STU00483,2026-02-15,8,147,7,5,4,39
LMS009648,STU00483,2026-06-05,7,5,13,3,0,175
LMS009649,STU00483,2026-02-24,3,97,14,0,1,107
LMS009650,STU00483,2026-02-11,5,91,11,2,2,166
LMS009651,STU00483,2026-06-21,2,81,8,5,3,224
LMS009652,STU00483,2026-03-06,3,56,6,5,4,129
LMS009653,STU00483,2026-04-27,2,101,14,4,3,30
LMS009654,STU00483,2026-04-10,4,77,14,2,5,1
LMS009655,STU00483,2026-05-10,4,10,12,1,4,53
LMS009656,STU00483,2026-01-30,2,53,15,0,4,226
LMS009657,STU00483,2026-03-30,1,99,12,4,2,221
LMS009658,STU00483,2026-01-27,2,114,0,3,1,7
LMS009659,STU00483,2026-03-31,3,151,0,3,4,204
LMS009660,STU00483,2026-06-05,5,54,3,4,3,131
LMS009661,STU00484,2026-01-25,2,91,2,2,5,174
LMS009662,STU00484,2026-05-19,0,147,3,4,1,181
LMS009663,STU00484,2026-01-15,2,89,11,3,4,7
LMS009664,STU00484,2026-02-21,3,41,7,2,1,61
LMS009665,STU00484,2026-04-09,5,27,4,5,0,211
LMS009666,STU00484,2026-04-27,7,101,4,4,2,196
LMS009667,STU00484,2026-01-07,3,58,7,1,0,159
LMS009668,STU00484,2026-03-10,0,168,15,4,2,14
LMS009669,STU00484,2026-04-08,5,133,15,1,4,218
LMS009670,STU00484,2026-03-21,6,6,11,0,1,219
LMS009671,STU00484,2026-01-29,4,89,2,5,3,0
LMS009672,STU00484,2026-04-12,7,90,1,4,4,137
LMS009673,STU00484,2026-04-21,3,166,1,1,5,161
LMS009674,STU00484,2026-02-18,0,3,13,5,0,110
LMS009675,STU00484,2026-06-22,2,69,6,2,0,2
LMS009676,STU00484,2026-05-11,3,120,1,4,4,155
LMS009677,STU00484,2026-01-05,2,27,14,3,0,90
LMS009678,STU00484,2026-02-06,8,11,14,0,5,237
LMS009679,STU00484,2026-03-11,5,150,9,3,2,209
LMS009680,STU00484,2026-02-15,8,108,12,1,0,176
LMS009681,STU00485,2026-01-28,5,100,4,3,1,234
LMS009682,STU00485,2026-03-07,2,40,8,4,5,139
LMS009683,STU00485,2026-01-15,7,158,2,3,3,210
LMS009684,STU00485,2026-04-03,2,67,1,2,2,239
LMS009685,STU00485,2026-05-31,0,154,5,1,5,181
LMS009686,STU00485,2026-06-03,6,147,3,5,2,130
LMS009687,STU00485,2026-04-18,3,96,2,4,4,160
LMS009688,STU00485,2026-06-30,4,48,1,3,5,130
LMS009689,STU00485,2026-06-12,8,67,5,0,4,186
LMS009690,STU00485,2026-03-13,6,106,5,4,4,138
LMS009691,STU00485,2026-01-05,0,132,7,3,1,203
LMS009692,STU00485,2026-02-03,0,161,13,1,1,12
LMS009693,STU00485,2026-02-11,6,137,11,2,4,146
LMS009694,STU00485,2026-04-25,8,167,15,1,2,8
LMS009695,STU00485,2026-05-08,8,24,1,3,4,93
LMS009696,STU00485,2026-05-21,2,40,11,1,0,206
LMS009697,STU00485,2026-02-04,0,157,15,5,5,145
LMS009698,STU00485,2026-06-18,3,104,2,0,1,71
LMS009699,STU00485,2026-05-27,5,161,1,2,1,199
LMS009700,STU00485,2026-02-02,7,77,1,0,3,193
LMS009701,STU00486,2026-06-28,3,128,8,3,2,100
LMS009702,STU00486,2026-02-13,6,47,4,1,5,145
LMS009703,STU00486,2026-02-26,5,80,13,2,0,198
LMS009704,STU00486,2026-03-25,8,72,3,2,5,220
LMS009705,STU00486,2026-05-16,8,74,3,0,3,63
LMS009706,STU00486,2026-05-03,6,169,8,5,3,72
LMS009707,STU00486,2026-03-28,8,15,11,5,5,103
LMS009708,STU00486,2026-02-20,2,14,10,0,5,162
LMS009709,STU00486,2026-05-26,6,91,0,0,3,80
LMS009710,STU00486,2026-02-13,4,81,0,4,4,14
LMS009711,STU00486,2026-04-13,3,143,3,4,1,158
LMS009712,STU00486,2026-02-26,2,65,3,0,1,152
LMS009713,STU00486,2026-06-23,3,169,15,1,1,183
LMS009714,STU00486,2026-03-05,6,126,11,0,4,177
LMS009715,STU00486,2026-02-20,0,167,2,1,0,86
LMS009716,STU00486,2026-04-15,4,21,11,2,0,161
LMS009717,STU00486,2026-06-24,8,0,2,4,0,6
LMS009718,STU00486,2026-05-10,4,141,1,4,4,196
LMS009719,STU00486,2026-02-14,1,59,10,4,2,57
LMS009720,STU00486,2026-02-19,7,174,9,1,3,186
LMS009721,STU00487,2026-03-07,1,79,10,3,5,155
LMS009722,STU00487,2026-02-05,5,165,4,0,5,20
LMS009723,STU00487,2026-04-21,5,83,12,3,0,3
LMS009724,STU00487,2026-01-22,8,119,3,2,0,199
LMS009725,STU00487,2026-01-26,5,24,10,5,0,7
LMS009726,STU00487,2026-05-24,2,12,12,3,4,98
LMS009727,STU00487,2026-06-26,0,163,0,1,5,183
LMS009728,STU00487,2026-02-11,3,83,0,3,1,104
LMS009729,STU00487,2026-06-05,5,74,5,5,2,76
LMS009730,STU00487,2026-02-19,1,114,12,4,5,64
LMS009731,STU00487,2026-01-20,1,30,9,1,4,164
LMS009732,STU00487,2026-01-01,2,154,7,4,0,100
LMS009733,STU00487,2026-05-12,2,77,8,5,3,73
LMS009734,STU00487,2026-02-04,6,15,14,0,1,207
LMS009735,STU00487,2026-03-31,4,18,13,4,3,100
LMS009736,STU00487,2026-01-14,4,158,12,2,5,131
LMS009737,STU00487,2026-06-22,8,112,7,1,5,71
LMS009738,STU00487,2026-04-02,6,77,10,5,1,155
LMS009739,STU00487,2026-01-27,2,63,7,5,5,44
LMS009740,STU00487,2026-05-10,7,54,0,0,3,190
LMS009741,STU00488,2026-01-31,8,73,2,4,5,133
LMS009742,STU00488,2026-01-06,3,138,5,2,0,47
LMS009743,STU00488,2026-02-09,2,91,15,1,4,11
LMS009744,STU00488,2026-01-07,2,143,13,3,2,118
LMS009745,STU00488,2026-02-06,5,56,12,0,1,151
LMS009746,STU00488,2026-01-02,5,87,12,3,4,39
LMS009747,STU00488,2026-06-10,7,22,8,3,0,198
LMS009748,STU00488,2026-04-24,7,152,0,0,1,93
LMS009749,STU00488,2026-04-27,2,26,13,4,2,27
LMS009750,STU00488,2026-06-23,0,115,10,4,3,129
LMS009751,STU00488,2026-02-17,5,30,8,3,3,206
LMS009752,STU00488,2026-04-21,8,133,2,4,5,51
LMS009753,STU00488,2026-04-09,8,46,11,4,2,189
LMS009754,STU00488,2026-02-19,1,141,4,5,1,171
LMS009755,STU00488,2026-01-16,5,13,13,1,3,89
LMS009756,STU00488,2026-06-11,3,55,2,3,1,77
LMS009757,STU00488,2026-02-07,3,100,3,3,1,67
LMS009758,STU00488,2026-06-20,4,8,8,3,5,123
LMS009759,STU00488,2026-03-20,6,174,3,4,3,183
LMS009760,STU00488,2026-02-28,2,111,0,4,2,189
LMS009761,STU00489,2026-05-29,2,104,0,2,4,14
LMS009762,STU00489,2026-02-06,5,134,2,1,3,93
LMS009763,STU00489,2026-03-13,3,93,7,1,5,150
LMS009764,STU00489,2026-05-07,6,132,12,2,1,127
LMS009765,STU00489,2026-01-18,4,129,13,1,2,239
LMS009766,STU00489,2026-05-21,2,165,2,5,2,236
LMS009767,STU00489,2026-04-04,4,5,8,4,1,213
LMS009768,STU00489,2026-01-09,2,53,8,3,2,142
LMS009769,STU00489,2026-02-11,1,60,13,0,0,172
LMS009770,STU00489,2026-04-18,2,62,5,2,4,36
LMS009771,STU00489,2026-06-27,4,173,7,3,3,174
LMS009772,STU00489,2026-04-28,6,91,7,4,3,8
LMS009773,STU00489,2026-04-02,1,107,9,0,4,70
LMS009774,STU00489,2026-03-29,1,148,15,4,2,196
LMS009775,STU00489,2026-06-03,1,93,6,4,2,239
LMS009776,STU00489,2026-06-19,2,163,3,1,0,63
LMS009777,STU00489,2026-03-19,4,134,7,4,2,140
LMS009778,STU00489,2026-03-16,2,153,8,2,1,202
LMS009779,STU00489,2026-03-22,6,41,13,5,4,137
LMS009780,STU00489,2026-03-24,3,12,5,2,3,114
LMS009781,STU00490,2026-03-26,8,29,5,1,2,157
LMS009782,STU00490,2026-01-30,2,9,10,2,0,141
LMS009783,STU00490,2026-02-05,1,23,15,2,3,209
LMS009784,STU00490,2026-04-30,3,23,7,2,1,61
LMS009785,STU00490,2026-05-11,7,68,9,4,2,103
LMS009786,STU00490,2026-04-25,2,115,6,3,5,172
LMS009787,STU00490,2026-06-06,3,129,7,4,2,161
LMS009788,STU00490,2026-03-12,3,155,15,2,2,23
LMS009789,STU00490,2026-05-25,4,84,0,1,1,206
LMS009790,STU00490,2026-02-03,7,128,2,2,0,119
LMS009791,STU00490,2026-05-24,3,113,7,0,0,62
LMS009792,STU00490,2026-05-16,1,139,7,5,4,88
LMS009793,STU00490,2026-05-18,4,167,2,0,0,25
LMS009794,STU00490,2026-05-18,8,84,3,1,3,34
LMS009795,STU00490,2026-01-07,8,53,5,1,5,161
LMS009796,STU00490,2026-01-19,6,105,11,3,4,71
LMS009797,STU00490,2026-05-11,1,68,13,2,0,122
LMS009798,STU00490,2026-05-13,0,177,11,0,0,64
LMS009799,STU00490,2026-01-17,1,4,9,1,5,216
LMS009800,STU00490,2026-03-14,2,137,14,4,4,152
LMS009801,STU00491,2026-04-04,8,142,12,5,2,11
LMS009802,STU00491,2026-04-07,7,76,3,4,5,178
LMS009803,STU00491,2026-03-19,0,136,6,0,4,210
LMS009804,STU00491,2026-03-28,3,54,2,4,0,109
LMS009805,STU00491,2026-06-04,7,163,13,4,2,19
LMS009806,STU00491,2026-02-22,2,65,9,3,1,62
LMS009807,STU00491,2026-03-08,6,13,1,2,5,234
LMS009808,STU00491,2026-03-12,4,105,1,5,4,229
LMS009809,STU00491,2026-05-04,1,95,4,3,3,103
LMS009810,STU00491,2026-03-18,1,147,11,2,3,100
LMS009811,STU00491,2026-06-10,8,137,4,1,0,213
LMS009812,STU00491,2026-05-17,2,5,11,5,3,51
LMS009813,STU00491,2026-04-21,8,1,1,2,2,231
LMS009814,STU00491,2026-04-08,2,92,8,3,3,141
LMS009815,STU00491,2026-03-19,7,110,5,4,1,100
LMS009816,STU00491,2026-05-17,7,138,15,2,4,83
LMS009817,STU00491,2026-05-23,1,122,4,0,2,131
LMS009818,STU00491,2026-05-16,1,174,13,2,3,8
LMS009819,STU00491,2026-02-26,0,158,7,0,5,78
LMS009820,STU00491,2026-03-14,0,20,4,5,2,100
LMS009821,STU00492,2026-06-17,3,137,4,2,3,92
LMS009822,STU00492,2026-06-15,6,50,7,1,3,186
LMS009823,STU00492,2026-05-02,8,139,4,0,3,120
LMS009824,STU00492,2026-03-11,5,26,2,1,1,176
LMS009825,STU00492,2026-04-05,7,87,14,5,5,191
LMS009826,STU00492,2026-01-05,8,152,6,5,2,75
LMS009827,STU00492,2026-02-10,3,8,14,5,2,141
LMS009828,STU00492,2026-02-15,3,138,15,5,5,109
LMS009829,STU00492,2026-02-26,0,55,10,3,0,86
LMS009830,STU00492,2026-06-06,3,64,2,4,3,86
LMS009831,STU00492,2026-06-19,6,76,4,4,5,56
LMS009832,STU00492,2026-03-22,5,128,15,2,1,83
LMS009833,STU00492,2026-03-25,4,0,10,5,2,49
LMS009834,STU00492,2026-06-01,4,132,15,5,2,60
LMS009835,STU00492,2026-01-06,8,101,12,3,3,135
LMS009836,STU00492,2026-05-16,7,132,6,3,2,138
LMS009837,STU00492,2026-02-03,6,102,14,4,1,144
LMS009838,STU00492,2026-06-04,1,42,10,5,5,238
LMS009839,STU00492,2026-02-02,5,84,0,3,4,19
LMS009840,STU00492,2026-06-28,4,86,14,3,1,119
LMS009841,STU00493,2026-01-05,3,37,13,3,5,204
LMS009842,STU00493,2026-04-14,0,39,11,4,1,199
LMS009843,STU00493,2026-03-29,3,176,15,5,3,8
LMS009844,STU00493,2026-02-19,4,104,10,0,4,61
LMS009845,STU00493,2026-05-10,0,132,3,3,0,195
LMS009846,STU00493,2026-04-29,3,116,9,0,5,177
LMS009847,STU00493,2026-03-13,7,119,2,3,0,4
LMS009848,STU00493,2026-03-08,7,19,8,4,1,132
LMS009849,STU00493,2026-04-02,0,88,1,2,2,62
LMS009850,STU00493,2026-06-18,4,136,13,4,0,113
LMS009851,STU00493,2026-06-12,1,123,10,3,0,149
LMS009852,STU00493,2026-03-21,0,104,5,2,3,218
LMS009853,STU00493,2026-01-14,8,78,3,3,4,36
LMS009854,STU00493,2026-05-01,1,80,1,5,0,206
LMS009855,STU00493,2026-05-19,8,166,4,5,3,136
LMS009856,STU00493,2026-06-05,0,158,12,4,3,101
LMS009857,STU00493,2026-04-19,1,34,11,0,0,30
LMS009858,STU00493,2026-05-15,2,11,4,3,4,108
LMS009859,STU00493,2026-04-14,5,156,15,3,1,203
LMS009860,STU00493,2026-03-31,8,101,4,2,1,126
LMS009861,STU00494,2026-01-22,2,34,9,3,3,5
LMS009862,STU00494,2026-02-26,5,58,13,2,3,206
LMS009863,STU00494,2026-06-27,6,11,5,0,2,231
LMS009864,STU00494,2026-01-18,5,171,5,0,0,48
LMS009865,STU00494,2026-04-02,8,72,10,2,0,189
LMS009866,STU00494,2026-03-27,0,124,4,5,4,40
LMS009867,STU00494,2026-01-02,8,57,13,2,0,216
LMS009868,STU00494,2026-01-30,5,70,15,1,5,152
LMS009869,STU00494,2026-05-24,8,12,15,3,3,115
LMS009870,STU00494,2026-03-18,0,88,4,2,4,116
LMS009871,STU00494,2026-02-05,4,57,6,1,5,188
LMS009872,STU00494,2026-02-27,7,13,12,4,4,41
LMS009873,STU00494,2026-04-25,5,85,3,1,1,163
LMS009874,STU00494,2026-04-10,7,93,9,3,0,124
LMS009875,STU00494,2026-05-21,1,4,5,3,3,163
LMS009876,STU00494,2026-02-20,6,10,6,4,0,12
LMS009877,STU00494,2026-01-21,7,50,10,0,2,198
LMS009878,STU00494,2026-01-06,1,141,14,4,1,217
LMS009879,STU00494,2026-06-29,6,137,13,3,5,208
LMS009880,STU00494,2026-02-10,2,158,11,2,4,0
LMS009881,STU00495,2026-04-18,1,74,6,3,3,170
LMS009882,STU00495,2026-03-14,4,138,7,2,0,76
LMS009883,STU00495,2026-03-04,5,164,1,2,4,12
LMS009884,STU00495,2026-04-13,7,164,7,3,4,203
LMS009885,STU00495,2026-06-27,0,22,7,5,5,73
LMS009886,STU00495,2026-06-22,8,153,14,4,0,106
LMS009887,STU00495,2026-05-13,7,59,15,3,0,62
LMS009888,STU00495,2026-01-02,1,57,7,5,0,148
LMS009889,STU00495,2026-06-17,8,152,4,1,3,8
LMS009890,STU00495,2026-02-02,4,31,9,4,2,159
LMS009891,STU00495,2026-06-30,6,16,11,0,5,20
LMS009892,STU00495,2026-02-11,5,159,9,2,3,236
LMS009893,STU00495,2026-04-26,7,20,3,1,2,14
LMS009894,STU00495,2026-03-13,6,109,10,1,0,94
LMS009895,STU00495,2026-03-02,2,72,1,1,5,135
LMS009896,STU00495,2026-03-01,1,77,8,4,0,142
LMS009897,STU00495,2026-06-14,7,173,0,4,3,10
LMS009898,STU00495,2026-05-29,4,18,6,3,0,142
LMS009899,STU00495,2026-03-25,4,137,14,4,3,98
LMS009900,STU00495,2026-02-24,8,133,13,2,0,116
LMS009901,STU00496,2026-05-27,2,159,11,2,3,184
LMS009902,STU00496,2026-06-02,1,175,10,5,0,91
LMS009903,STU00496,2026-05-22,6,161,10,1,1,151
LMS009904,STU00496,2026-05-23,1,171,13,4,5,71
LMS009905,STU00496,2026-01-23,6,175,1,1,2,77
LMS009906,STU00496,2026-01-01,2,170,14,0,0,53
LMS009907,STU00496,2026-06-06,3,120,9,2,3,151
LMS009908,STU00496,2026-04-19,1,33,7,4,1,196
LMS009909,STU00496,2026-02-05,2,97,15,2,1,206
LMS009910,STU00496,2026-03-11,0,48,10,1,4,70
LMS009911,STU00496,2026-06-10,4,132,6,1,0,110
LMS009912,STU00496,2026-04-03,7,135,7,3,3,12
LMS009913,STU00496,2026-01-25,0,159,12,1,2,200
LMS009914,STU00496,2026-03-14,0,148,9,4,4,132
LMS009915,STU00496,2026-01-04,2,131,0,2,2,234
LMS009916,STU00496,2026-04-03,1,59,1,5,2,94
LMS009917,STU00496,2026-06-08,2,127,12,4,3,95
LMS009918,STU00496,2026-03-02,6,103,2,4,3,154
LMS009919,STU00496,2026-02-01,8,97,4,1,1,222
LMS009920,STU00496,2026-04-16,4,106,1,0,3,191
LMS009921,STU00497,2026-02-24,2,84,5,0,1,77
LMS009922,STU00497,2026-05-05,5,106,7,5,2,174
LMS009923,STU00497,2026-03-25,0,11,12,4,3,46
LMS009924,STU00497,2026-04-29,6,74,14,1,5,32
LMS009925,STU00497,2026-06-27,4,61,11,2,3,108
LMS009926,STU00497,2026-02-13,5,147,10,2,1,40
LMS009927,STU00497,2026-01-24,3,113,15,4,2,31
LMS009928,STU00497,2026-04-29,4,100,11,2,3,123
LMS009929,STU00497,2026-05-27,6,9,6,2,1,190
LMS009930,STU00497,2026-01-08,7,54,15,1,4,157
LMS009931,STU00497,2026-01-17,6,38,10,3,2,65
LMS009932,STU00497,2026-06-25,4,136,14,5,5,172
LMS009933,STU00497,2026-02-26,0,5,14,3,3,194
LMS009934,STU00497,2026-03-17,1,37,2,2,5,237
LMS009935,STU00497,2026-05-16,2,130,12,3,5,203
LMS009936,STU00497,2026-06-13,6,55,11,2,0,85
LMS009937,STU00497,2026-05-01,8,90,9,5,0,199
LMS009938,STU00497,2026-02-07,8,136,4,3,5,127
LMS009939,STU00497,2026-06-05,0,80,0,2,3,13
LMS009940,STU00497,2026-03-23,3,160,13,1,5,135
LMS009941,STU00498,2026-01-23,2,50,12,1,3,8
LMS009942,STU00498,2026-05-12,5,110,14,3,5,180
LMS009943,STU00498,2026-03-01,3,171,8,0,4,236
LMS009944,STU00498,2026-05-05,5,177,7,0,1,173
LMS009945,STU00498,2026-05-31,5,76,11,0,1,60
LMS009946,STU00498,2026-04-27,3,95,10,4,5,113
LMS009947,STU00498,2026-05-01,3,166,13,4,0,35
LMS009948,STU00498,2026-06-13,4,101,3,1,0,110
LMS009949,STU00498,2026-04-08,6,72,4,2,3,38
LMS009950,STU00498,2026-04-28,8,39,5,3,0,106
LMS009951,STU00498,2026-02-21,2,169,15,5,0,195
LMS009952,STU00498,2026-01-05,2,135,7,0,3,135
LMS009953,STU00498,2026-01-02,7,110,1,2,3,129
LMS009954,STU00498,2026-05-27,4,27,8,5,0,97
LMS009955,STU00498,2026-04-12,2,81,7,0,1,49
LMS009956,STU00498,2026-05-02,5,126,1,1,1,180
LMS009957,STU00498,2026-03-10,8,64,0,5,5,105
LMS009958,STU00498,2026-04-18,4,19,14,0,3,28
LMS009959,STU00498,2026-06-28,8,179,15,5,4,95
LMS009960,STU00498,2026-06-24,2,32,13,5,1,21
LMS009961,STU00499,2026-06-07,7,84,3,2,5,228
LMS009962,STU00499,2026-03-24,5,43,10,4,5,39
LMS009963,STU00499,2026-03-27,5,16,8,0,0,56
LMS009964,STU00499,2026-01-04,4,22,4,4,0,51
LMS009965,STU00499,2026-05-30,4,114,5,1,0,54
LMS009966,STU00499,2026-01-14,2,170,3,3,1,179
LMS009967,STU00499,2026-01-01,3,8,13,4,4,51
LMS009968,STU00499,2026-01-17,6,125,2,1,2,84
LMS009969,STU00499,2026-05-07,5,45,1,5,1,40
LMS009970,STU00499,2026-03-07,1,48,0,2,5,121
LMS009971,STU00499,2026-01-19,8,61,15,2,0,79
LMS009972,STU00499,2026-05-23,1,173,4,4,2,83
LMS009973,STU00499,2026-05-29,7,86,0,3,2,147
LMS009974,STU00499,2026-06-02,8,134,1,2,5,142
LMS009975,STU00499,2026-02-02,8,11,11,1,4,55
LMS009976,STU00499,2026-06-22,4,109,7,5,3,29
LMS009977,STU00499,2026-04-27,6,85,13,1,3,232
LMS009978,STU00499,2026-04-07,1,57,4,2,0,65
LMS009979,STU00499,2026-03-21,3,44,2,2,5,46
LMS009980,STU00499,2026-04-27,3,43,14,0,1,236
LMS009981,STU00500,2026-01-05,1,97,7,2,4,50
LMS009982,STU00500,2026-01-17,0,31,2,0,0,167
LMS009983,STU00500,2026-03-30,8,116,1,4,2,104
LMS009984,STU00500,2026-06-10,8,177,5,2,5,178
LMS009985,STU00500,2026-06-03,4,154,8,0,5,142
LMS009986,STU00500,2026-01-20,4,64,12,4,2,158
LMS009987,STU00500,2026-06-17,3,104,10,1,0,234
LMS009988,STU00500,2026-03-30,6,142,9,1,0,46
LMS009989,STU00500,2026-05-06,8,163,1,5,2,21
LMS009990,STU00500,2026-06-26,6,18,15,0,0,196
LMS009991,STU00500,2026-05-06,3,63,0,0,2,155
LMS009992,STU00500,2026-05-25,6,103,0,2,3,186
LMS009993,STU00500,2026-04-22,4,109,4,4,0,163
LMS009994,STU00500,2026-04-22,5,165,11,4,5,85
LMS009995,STU00500,2026-02-17,5,59,12,0,4,116
LMS009996,STU00500,2026-02-17,0,154,13,4,4,149
LMS009997,STU00500,2026-06-16,0,57,4,4,3,168
LMS009998,STU00500,2026-02-25,5,142,14,4,2,153
LMS009999,STU00500,2026-04-07,4,128,9,4,1,192
LMS010000,STU00500,2026-06-03,5,88,10,0,5,45
