student_id,subject,internal_marks,midterm_marks,final_exam_marks,total_marks,grade
STU00001,Big Data Analytics,36,17,22,75,B
STU00001,Computer Networks,39,29,30,98,A
STU00001,Database Management,20,17,20,57,C
STU00001,Machine Learning,29,21,20,70,B
STU00001,Operating Systems,22,30,24,76,B
STU00002,Big Data Analytics,25,23,24,72,B
STU00002,Computer Networks,36,19,22,77,B
STU00002,Database Management,30,29,24,83,B
STU00002,Machine Learning,26,16,26,68,C
STU00002,Operating Systems,27,16,26,69,C
STU00003,Big Data Analytics,25,21,26,72,B
STU00003,Computer Networks,32,21,28,81,B
STU00003,Database Management,30,21,29,80,B
STU00003,Machine Learning,35,19,24,78,B
STU00003,Operating Systems,29,16,29,74,B
STU00004,Big Data Analytics,34,25,24,83,B
STU00004,Computer Networks,28,17,26,71,B
STU00004,Database Management,20,22,26,68,C
STU00004,Machine Learning,34,28,27,89,A
STU00004,Operating Systems,32,19,24,75,B
STU00005,Big Data Analytics,23,20,30,73,B
STU00005,Computer Networks,24,27,28,79,B
STU00005,Database Management,24,18,27,69,C
STU00005,Machine Learning,23,20,28,71,B
STU00005,Operating Systems,22,16,30,68,C
STU00006,Big Data Analytics,35,19,25,79,B
STU00006,Computer Networks,29,21,27,77,B
STU00006,Database Management,34,24,21,79,B
STU00006,Machine Learning,27,22,23,72,B
STU00006,Operating Systems,39,22,30,91,A
STU00007,Big Data Analytics,36,15,22,73,B
STU00007,Computer Networks,40,22,28,90,A
STU00007,Database Management,20,24,20,64,C
STU00007,Machine Learning,20,19,23,62,C
STU00007,Operating Systems,31,19,22,72,B
STU00008,Big Data Analytics,33,22,20,75,B
STU00008,Computer Networks,32,21,23,76,B
STU00008,Database Management,39,18,23,80,B
STU00008,Machine Learning,26,22,24,72,B
STU00008,Operating Systems,24,27,27,78,B
STU00009,Big Data Analytics,26,19,26,71,B
STU00009,Computer Networks,26,23,23,72,B
STU00009,Database Management,32,27,22,81,B
STU00009,Machine Learning,37,28,20,85,A
STU00009,Operating Systems,22,29,23,74,B
STU00010,Big Data Analytics,26,19,22,67,C
STU00010,Computer Networks,35,22,20,77,B
STU00010,Database Management,39,24,22,85,A
STU00010,Machine Learning,31,16,29,76,B
STU00010,Operating Systems,27,22,27,76,B
STU00011,Big Data Analytics,28,26,25,79,B
STU00011,Computer Networks,39,19,28,86,A
STU00011,Database Management,37,19,29,85,A
STU00011,Machine Learning,26,18,29,73,B
STU00011,Operating Systems,37,20,30,87,A
STU00012,Big Data Analytics,31,23,22,76,B
STU00012,Computer Networks,28,17,30,75,B
STU00012,Database Management,23,22,20,65,C
STU00012,Machine Learning,28,28,26,82,B
STU00012,Operating Systems,25,28,22,75,B
STU00013,Big Data Analytics,30,22,24,76,B
STU00013,Computer Networks,32,15,25,72,B
STU00013,Database Management,24,19,29,72,B
STU00013,Machine Learning,28,22,28,78,B
STU00013,Operating Systems,33,15,22,70,B
STU00014,Big Data Analytics,20,23,23,66,C
STU00014,Computer Networks,21,20,27,68,C
STU00014,Database Management,20,19,23,62,C
STU00014,Machine Learning,39,16,20,75,B
STU00014,Operating Systems,20,21,28,69,C
STU00015,Big Data Analytics,33,26,21,80,B
STU00015,Computer Networks,35,24,21,80,B
STU00015,Database Management,36,19,25,80,B
STU00015,Machine Learning,25,26,20,71,B
STU00015,Operating Systems,36,28,21,85,A
STU00016,Big Data Analytics,28,30,24,82,B
STU00016,Computer Networks,26,18,22,66,C
STU00016,Database Management,27,30,26,83,B
STU00016,Machine Learning,40,22,26,88,A
STU00016,Operating Systems,39,29,24,92,A
STU00017,Big Data Analytics,37,30,26,93,A
STU00017,Computer Networks,25,28,25,78,B
STU00017,Database Management,26,28,24,78,B
STU00017,Machine Learning,35,15,22,72,B
STU00017,Operating Systems,24,16,20,60,C
STU00018,Big Data Analytics,20,16,26,62,C
STU00018,Computer Networks,34,30,28,92,A
STU00018,Database Management,20,15,20,55,C
STU00018,Machine Learning,31,26,27,84,B
STU00018,Operating Systems,37,22,21,80,B
STU00019,Big Data Analytics,37,16,20,73,B
STU00019,Computer Networks,35,21,22,78,B
STU00019,Database Management,39,25,29,93,A
STU00019,Machine Learning,29,16,25,70,B
STU00019,Operating Systems,40,24,22,86,A
STU00020,Big Data Analytics,37,17,22,76,B
STU00020,Computer Networks,28,19,27,74,B
STU00020,Database Management,25,20,22,67,C
STU00020,Machine Learning,31,28,28,87,A
STU00020,Operating Systems,33,23,28,84,B
STU00021,Big Data Analytics,24,18,21,63,C
STU00021,Computer Networks,38,17,26,81,B
STU00021,Database Management,28,27,23,78,B
STU00021,Machine Learning,22,25,27,74,B
STU00021,Operating Systems,35,24,23,82,B
STU00022,Big Data Analytics,26,21,29,76,B
STU00022,Computer Networks,33,22,26,81,B
STU00022,Database Management,32,22,23,77,B
STU00022,Machine Learning,24,18,25,67,C
STU00022,Operating Systems,21,29,25,75,B
STU00023,Big Data Analytics,39,22,20,81,B
STU00023,Computer Networks,35,21,20,76,B
STU00023,Database Management,40,28,25,93,A
STU00023,Machine Learning,34,19,26,79,B
STU00023,Operating Systems,25,24,22,71,B
STU00024,Big Data Analytics,31,23,30,84,B
STU00024,Computer Networks,24,29,28,81,B
STU00024,Database Management,26,22,21,69,C
STU00024,Machine Learning,39,20,20,79,B
STU00024,Operating Systems,31,19,26,76,B
STU00025,Big Data Analytics,23,20,21,64,C
STU00025,Computer Networks,26,19,30,75,B
STU00025,Database Management,36,25,25,86,A
STU00025,Machine Learning,29,26,22,77,B
STU00025,Operating Systems,36,29,26,91,A
STU00026,Big Data Analytics,38,24,27,89,A
STU00026,Computer Networks,22,29,23,74,B
STU00026,Database Management,31,16,24,71,B
STU00026,Machine Learning,29,27,22,78,B
STU00026,Operating Systems,23,23,30,76,B
STU00027,Big Data Analytics,33,20,27,80,B
STU00027,Computer Networks,29,17,22,68,C
STU00027,Database Management,39,23,25,87,A
STU00027,Machine Learning,40,24,30,94,A
STU00027,Operating Systems,38,20,21,79,B
STU00028,Big Data Analytics,21,30,28,79,B
STU00028,Computer Networks,38,30,22,90,A
STU00028,Database Management,34,23,24,81,B
STU00028,Machine Learning,27,20,23,70,B
STU00028,Operating Systems,22,22,25,69,C
STU00029,Big Data Analytics,30,19,27,76,B
STU00029,Computer Networks,35,18,30,83,B
STU00029,Database Management,37,28,26,91,A
STU00029,Machine Learning,33,24,26,83,B
STU00029,Operating Systems,34,30,22,86,A
STU00030,Big Data Analytics,23,19,24,66,C
STU00030,Computer Networks,40,24,22,86,A
STU00030,Database Management,34,22,29,85,A
STU00030,Machine Learning,29,15,24,68,C
STU00030,Operating Systems,24,16,20,60,C
STU00031,Big Data Analytics,20,23,26,69,C
STU00031,Computer Networks,37,19,27,83,B
STU00031,Database Management,24,16,21,61,C
STU00031,Machine Learning,28,15,23,66,C
STU00031,Operating Systems,38,26,26,90,A
STU00032,Big Data Analytics,23,28,30,81,B
STU00032,Computer Networks,20,29,20,69,C
STU00032,Database Management,20,19,24,63,C
STU00032,Machine Learning,30,21,20,71,B
STU00032,Operating Systems,24,18,24,66,C
STU00033,Big Data Analytics,32,20,24,76,B
STU00033,Computer Networks,20,16,23,59,C
STU00033,Database Management,32,30,26,88,A
STU00033,Machine Learning,39,20,21,80,B
STU00033,Operating Systems,39,16,24,79,B
STU00034,Big Data Analytics,28,17,26,71,B
STU00034,Computer Networks,38,22,20,80,B
STU00034,Database Management,33,17,30,80,B
STU00034,Machine Learning,34,20,26,80,B
STU00034,Operating Systems,36,22,22,80,B
STU00035,Big Data Analytics,28,28,26,82,B
STU00035,Computer Networks,32,18,30,80,B
STU00035,Database Management,36,28,30,94,A
STU00035,Machine Learning,29,19,30,78,B
STU00035,Operating Systems,34,24,20,78,B
STU00036,Big Data Analytics,22,16,28,66,C
STU00036,Computer Networks,23,20,30,73,B
STU00036,Database Management,29,20,26,75,B
STU00036,Machine Learning,32,23,27,82,B
STU00036,Operating Systems,26,21,21,68,C
STU00037,Big Data Analytics,33,21,23,77,B
STU00037,Computer Networks,36,26,20,82,B
STU00037,Database Management,21,27,29,77,B
STU00037,Machine Learning,40,16,22,78,B
STU00037,Operating Systems,20,25,26,71,B
STU00038,Big Data Analytics,38,23,27,88,A
STU00038,Computer Networks,27,27,23,77,B
STU00038,Database Management,31,26,20,77,B
STU00038,Machine Learning,33,24,25,82,B
STU00038,Operating Systems,32,29,24,85,A
STU00039,Big Data Analytics,30,24,29,83,B
STU00039,Computer Networks,38,21,24,83,B
STU00039,Database Management,28,26,22,76,B
STU00039,Machine Learning,24,25,29,78,B
STU00039,Operating Systems,26,15,28,69,C
STU00040,Big Data Analytics,27,20,23,70,B
STU00040,Computer Networks,24,21,30,75,B
STU00040,Database Management,30,28,28,86,A
STU00040,Machine Learning,39,20,25,84,B
STU00040,Operating Systems,35,30,22,87,A
STU00041,Big Data Analytics,38,24,23,85,A
STU00041,Computer Networks,28,24,26,78,B
STU00041,Database Management,28,22,21,71,B
STU00041,Machine Learning,38,30,27,95,A
STU00041,Operating Systems,29,19,26,74,B
STU00042,Big Data Analytics,22,24,26,72,B
STU00042,Computer Networks,37,30,26,93,A
STU00042,Database Management,36,16,21,73,B
STU00042,Machine Learning,23,15,26,64,C
STU00042,Operating Systems,26,30,21,77,B
STU00043,Big Data Analytics,36,25,21,82,B
STU00043,Computer Networks,39,19,24,82,B
STU00043,Database Management,31,19,21,71,B
STU00043,Machine Learning,30,25,25,80,B
STU00043,Operating Systems,36,21,28,85,A
STU00044,Big Data Analytics,33,26,24,83,B
STU00044,Computer Networks,34,20,23,77,B
STU00044,Database Management,39,18,29,86,A
STU00044,Machine Learning,36,30,30,96,A
STU00044,Operating Systems,28,17,28,73,B
STU00045,Big Data Analytics,27,18,23,68,C
STU00045,Computer Networks,34,19,28,81,B
STU00045,Database Management,26,20,28,74,B
STU00045,Machine Learning,38,24,30,92,A
STU00045,Operating Systems,29,21,21,71,B
STU00046,Big Data Analytics,23,15,21,59,C
STU00046,Computer Networks,36,27,28,91,A
STU00046,Database Management,27,22,29,78,B
STU00046,Machine Learning,20,22,20,62,C
STU00046,Operating Systems,36,28,20,84,B
STU00047,Big Data Analytics,38,30,20,88,A
STU00047,Computer Networks,27,16,20,63,C
STU00047,Database Management,26,16,29,71,B
STU00047,Machine Learning,31,26,21,78,B
STU00047,Operating Systems,40,20,26,86,A
STU00048,Big Data Analytics,35,16,29,80,B
STU00048,Computer Networks,24,16,21,61,C
STU00048,Database Management,40,30,30,100,A
STU00048,Machine Learning,20,22,30,72,B
STU00048,Operating Systems,33,25,24,82,B
STU00049,Big Data Analytics,28,23,27,78,B
STU00049,Computer Networks,25,24,30,79,B
STU00049,Database Management,35,28,20,83,B
STU00049,Machine Learning,23,16,25,64,C
STU00049,Operating Systems,38,20,21,79,B
STU00050,Big Data Analytics,26,19,23,68,C
STU00050,Computer Networks,25,22,21,68,C
STU00050,Database Management,33,21,20,74,B
STU00050,Machine Learning,33,22,28,83,B
STU00050,Operating Systems,22,20,23,65,C
STU00051,Big Data Analytics,40,27,30,97,A
STU00051,Computer Networks,38,19,29,86,A
STU00051,Database Management,26,29,20,75,B
STU00051,Machine Learning,31,17,29,77,B
STU00051,Operating Systems,25,15,26,66,C
STU00052,Big Data Analytics,25,30,25,80,B
STU00052,Computer Networks,34,15,22,71,B
STU00052,Database Management,29,21,25,75,B
STU00052,Machine Learning,21,26,25,72,B
STU00052,Operating Systems,30,29,21,80,B
STU00053,Big Data Analytics,35,27,29,91,A
STU00053,Computer Networks,34,18,22,74,B
STU00053,Database Management,39,19,30,88,A
STU00053,Machine Learning,28,16,23,67,C
STU00053,Operating Systems,26,29,20,75,B
STU00054,Big Data Analytics,23,19,22,64,C
STU00054,Computer Networks,40,23,23,86,A
STU00054,Database Management,27,21,24,72,B
STU00054,Machine Learning,36,24,22,82,B
STU00054,Operating Systems,38,16,22,76,B
STU00055,Big Data Analytics,26,22,30,78,B
STU00055,Computer Networks,25,22,24,71,B
STU00055,Database Management,27,17,28,72,B
STU00055,Machine Learning,40,23,25,88,A
STU00055,Operating Systems,20,27,22,69,C
STU00056,Big Data Analytics,29,28,25,82,B
STU00056,Computer Networks,27,22,21,70,B
STU00056,Database Management,37,27,29,93,A
STU00056,Machine Learning,30,24,24,78,B
STU00056,Operating Systems,25,21,24,70,B
STU00057,Big Data Analytics,32,29,29,90,A
STU00057,Computer Networks,39,30,27,96,A
STU00057,Database Management,26,15,28,69,C
STU00057,Machine Learning,24,20,21,65,C
STU00057,Operating Systems,27,18,22,67,C
STU00058,Big Data Analytics,30,26,20,76,B
STU00058,Computer Networks,27,15,20,62,C
STU00058,Database Management,28,25,28,81,B
STU00058,Machine Learning,22,26,22,70,B
STU00058,Operating Systems,24,19,22,65,C
STU00059,Big Data Analytics,40,29,22,91,A
STU00059,Computer Networks,24,21,30,75,B
STU00059,Database Management,35,25,24,84,B
STU00059,Machine Learning,33,16,20,69,C
STU00059,Operating Systems,21,21,20,62,C
STU00060,Big Data Analytics,32,28,21,81,B
STU00060,Computer Networks,24,27,23,74,B
STU00060,Database Management,34,15,22,71,B
STU00060,Machine Learning,36,23,25,84,B
STU00060,Operating Systems,27,23,26,76,B
STU00061,Big Data Analytics,33,16,25,74,B
STU00061,Computer Networks,33,16,23,72,B
STU00061,Database Management,34,19,25,78,B
STU00061,Machine Learning,38,18,26,82,B
STU00061,Operating Systems,34,17,26,77,B
STU00062,Big Data Analytics,31,28,20,79,B
STU00062,Computer Networks,28,22,25,75,B
STU00062,Database Management,29,16,24,69,C
STU00062,Machine Learning,21,19,28,68,C
STU00062,Operating Systems,22,15,25,62,C
STU00063,Big Data Analytics,38,17,30,85,A
STU00063,Computer Networks,29,23,21,73,B
STU00063,Database Management,31,30,29,90,A
STU00063,Machine Learning,30,27,29,86,A
STU00063,Operating Systems,38,29,24,91,A
STU00064,Big Data Analytics,22,20,29,71,B
STU00064,Computer Networks,38,21,27,86,A
STU00064,Database Management,30,29,27,86,A
STU00064,Machine Learning,21,28,26,75,B
STU00064,Operating Systems,29,21,21,71,B
STU00065,Big Data Analytics,38,27,22,87,A
STU00065,Computer Networks,37,24,23,84,B
STU00065,Database Management,22,28,28,78,B
STU00065,Machine Learning,23,22,24,69,C
STU00065,Operating Systems,34,15,24,73,B
STU00066,Big Data Analytics,26,28,25,79,B
STU00066,Computer Networks,20,16,27,63,C
STU00066,Database Management,23,27,28,78,B
STU00066,Machine Learning,31,16,25,72,B
STU00066,Operating Systems,24,22,23,69,C
STU00067,Big Data Analytics,25,19,30,74,B
STU00067,Computer Networks,21,25,26,72,B
STU00067,Database Management,22,30,27,79,B
STU00067,Machine Learning,30,24,20,74,B
STU00067,Operating Systems,28,27,28,83,B
STU00068,Big Data Analytics,36,24,28,88,A
STU00068,Computer Networks,32,25,21,78,B
STU00068,Database Management,39,26,30,95,A
STU00068,Machine Learning,21,21,23,65,C
STU00068,Operating Systems,23,30,29,82,B
STU00069,Big Data Analytics,28,27,26,81,B
STU00069,Computer Networks,34,23,23,80,B
STU00069,Database Management,22,18,21,61,C
STU00069,Machine Learning,21,18,30,69,C
STU00069,Operating Systems,39,30,25,94,A
STU00070,Big Data Analytics,32,27,21,80,B
STU00070,Computer Networks,25,22,25,72,B
STU00070,Database Management,30,27,30,87,A
STU00070,Machine Learning,27,20,23,70,B
STU00070,Operating Systems,29,21,20,70,B
STU00071,Big Data Analytics,34,30,27,91,A
STU00071,Computer Networks,29,26,29,84,B
STU00071,Database Management,23,19,25,67,C
STU00071,Machine Learning,22,15,26,63,C
STU00071,Operating Systems,23,15,24,62,C
STU00072,Big Data Analytics,30,21,24,75,B
STU00072,Computer Networks,33,27,27,87,A
STU00072,Database Management,24,21,23,68,C
STU00072,Machine Learning,36,15,30,81,B
STU00072,Operating Systems,40,28,25,93,A
STU00073,Big Data Analytics,30,30,20,80,B
STU00073,Computer Networks,23,22,23,68,C
STU00073,Database Management,30,30,27,87,A
STU00073,Machine Learning,30,21,29,80,B
STU00073,Operating Systems,25,25,26,76,B
STU00074,Big Data Analytics,38,25,26,89,A
STU00074,Computer Networks,30,22,20,72,B
STU00074,Database Management,32,21,21,74,B
STU00074,Machine Learning,23,29,27,79,B
STU00074,Operating Systems,33,19,21,73,B
STU00075,Big Data Analytics,35,25,28,88,A
STU00075,Computer Networks,36,20,20,76,B
STU00075,Database Management,30,26,28,84,B
STU00075,Machine Learning,30,15,29,74,B
STU00075,Operating Systems,23,15,22,60,C
STU00076,Big Data Analytics,25,19,30,74,B
STU00076,Computer Networks,20,28,20,68,C
STU00076,Database Management,37,21,30,88,A
STU00076,Machine Learning,35,22,22,79,B
STU00076,Operating Systems,20,30,28,78,B
STU00077,Big Data Analytics,27,15,27,69,C
STU00077,Computer Networks,35,15,26,76,B
STU00077,Database Management,33,27,28,88,A
STU00077,Machine Learning,31,16,20,67,C
STU00077,Operating Systems,26,26,25,77,B
STU00078,Big Data Analytics,37,17,29,83,B
STU00078,Computer Networks,39,28,20,87,A
STU00078,Database Management,36,18,23,77,B
STU00078,Machine Learning,23,24,28,75,B
STU00078,Operating Systems,32,20,24,76,B
STU00079,Big Data Analytics,24,23,26,73,B
STU00079,Computer Networks,38,26,24,88,A
STU00079,Database Management,38,23,29,90,A
STU00079,Machine Learning,25,26,27,78,B
STU00079,Operating Systems,38,19,25,82,B
STU00080,Big Data Analytics,34,22,27,83,B
STU00080,Computer Networks,22,26,27,75,B
STU00080,Database Management,23,26,23,72,B
STU00080,Machine Learning,36,25,24,85,A
STU00080,Operating Systems,21,15,23,59,C
STU00081,Big Data Analytics,22,19,30,71,B
STU00081,Computer Networks,34,22,22,78,B
STU00081,Database Management,27,24,30,81,B
STU00081,Machine Learning,29,21,23,73,B
STU00081,Operating Systems,37,30,21,88,A
STU00082,Big Data Analytics,34,17,25,76,B
STU00082,Computer Networks,21,19,28,68,C
STU00082,Database Management,28,15,24,67,C
STU00082,Machine Learning,35,16,30,81,B
STU00082,Operating Systems,29,28,21,78,B
STU00083,Big Data Analytics,28,19,20,67,C
STU00083,Computer Networks,28,16,25,69,C
STU00083,Database Management,38,24,27,89,A
STU00083,Machine Learning,26,24,20,70,B
STU00083,Operating Systems,36,28,21,85,A
STU00084,Big Data Analytics,36,24,26,86,A
STU00084,Computer Networks,28,27,24,79,B
STU00084,Database Management,25,23,26,74,B
STU00084,Machine Learning,31,27,23,81,B
STU00084,Operating Systems,30,17,23,70,B
STU00085,Big Data Analytics,20,28,29,77,B
STU00085,Computer Networks,39,30,30,99,A
STU00085,Database Management,25,21,25,71,B
STU00085,Machine Learning,34,24,24,82,B
STU00085,Operating Systems,21,23,30,74,B
STU00086,Big Data Analytics,27,22,24,73,B
STU00086,Computer Networks,37,20,21,78,B
STU00086,Database Management,30,20,25,75,B
STU00086,Machine Learning,27,21,24,72,B
STU00086,Operating Systems,24,29,29,82,B
STU00087,Big Data Analytics,20,16,21,57,C
STU00087,Computer Networks,34,27,30,91,A
STU00087,Database Management,29,22,23,74,B
STU00087,Machine Learning,34,17,21,72,B
STU00087,Operating Systems,23,16,20,59,C
STU00088,Big Data Analytics,26,16,30,72,B
STU00088,Computer Networks,31,24,23,78,B
STU00088,Database Management,29,26,20,75,B
STU00088,Machine Learning,20,19,23,62,C
STU00088,Operating Systems,35,17,28,80,B
STU00089,Big Data Analytics,37,16,29,82,B
STU00089,Computer Networks,33,26,26,85,A
STU00089,Database Management,22,17,29,68,C
STU00089,Machine Learning,21,26,23,70,B
STU00089,Operating Systems,36,21,30,87,A
STU00090,Big Data Analytics,22,29,24,75,B
STU00090,Computer Networks,36,21,28,85,A
STU00090,Database Management,30,19,29,78,B
STU00090,Machine Learning,25,17,21,63,C
STU00090,Operating Systems,38,24,20,82,B
STU00091,Big Data Analytics,34,17,24,75,B
STU00091,Computer Networks,28,22,23,73,B
STU00091,Database Management,38,17,20,75,B
STU00091,Machine Learning,37,19,20,76,B
STU00091,Operating Systems,27,27,29,83,B
STU00092,Big Data Analytics,37,27,27,91,A
STU00092,Computer Networks,37,30,26,93,A
STU00092,Database Management,20,20,26,66,C
STU00092,Machine Learning,35,20,28,83,B
STU00092,Operating Systems,31,30,20,81,B
STU00093,Big Data Analytics,36,26,29,91,A
STU00093,Computer Networks,38,27,26,91,A
STU00093,Database Management,32,27,22,81,B
STU00093,Machine Learning,29,18,21,68,C
STU00093,Operating Systems,39,18,28,85,A
STU00094,Big Data Analytics,37,21,25,83,B
STU00094,Computer Networks,20,21,28,69,C
STU00094,Database Management,34,27,22,83,B
STU00094,Machine Learning,39,23,24,86,A
STU00094,Operating Systems,32,17,26,75,B
STU00095,Big Data Analytics,29,15,26,70,B
STU00095,Computer Networks,36,15,20,71,B
STU00095,Database Management,34,25,26,85,A
STU00095,Machine Learning,39,30,28,97,A
STU00095,Operating Systems,25,28,25,78,B
STU00096,Big Data Analytics,34,21,22,77,B
STU00096,Computer Networks,22,19,22,63,C
STU00096,Database Management,23,24,29,76,B
STU00096,Machine Learning,34,27,28,89,A
STU00096,Operating Systems,28,21,20,69,C
STU00097,Big Data Analytics,38,15,21,74,B
STU00097,Computer Networks,29,19,23,71,B
STU00097,Database Management,21,20,26,67,C
STU00097,Machine Learning,24,20,23,67,C
STU00097,Operating Systems,28,25,27,80,B
STU00098,Big Data Analytics,31,30,28,89,A
STU00098,Computer Networks,25,20,23,68,C
STU00098,Database Management,25,20,24,69,C
STU00098,Machine Learning,29,24,23,76,B
STU00098,Operating Systems,36,24,24,84,B
STU00099,Big Data Analytics,35,25,26,86,A
STU00099,Computer Networks,39,30,25,94,A
STU00099,Database Management,36,30,23,89,A
STU00099,Machine Learning,23,30,29,82,B
STU00099,Operating Systems,31,24,23,78,B
STU00100,Big Data Analytics,36,20,27,83,B
STU00100,Computer Networks,34,25,29,88,A
STU00100,Database Management,38,23,23,84,B
STU00100,Machine Learning,25,16,27,68,C
STU00100,Operating Systems,27,18,22,67,C
STU00101,Big Data Analytics,35,22,20,77,B
STU00101,Computer Networks,22,15,21,58,C
STU00101,Database Management,33,23,26,82,B
STU00101,Machine Learning,40,18,20,78,B
STU00101,Operating Systems,29,26,27,82,B
STU00102,Big Data Analytics,22,21,21,64,C
STU00102,Computer Networks,27,29,28,84,B
STU00102,Database Management,33,18,21,72,B
STU00102,Machine Learning,27,17,28,72,B
STU00102,Operating Systems,37,27,29,93,A
STU00103,Big Data Analytics,33,24,28,85,A
STU00103,Computer Networks,30,20,27,77,B
STU00103,Database Management,25,19,27,71,B
STU00103,Machine Learning,22,19,29,70,B
STU00103,Operating Systems,36,25,21,82,B
STU00104,Big Data Analytics,29,26,20,75,B
STU00104,Computer Networks,35,29,23,87,A
STU00104,Database Management,38,20,28,86,A
STU00104,Machine Learning,29,26,25,80,B
STU00104,Operating Systems,31,28,25,84,B
STU00105,Big Data Analytics,23,23,27,73,B
STU00105,Computer Networks,39,15,27,81,B
STU00105,Database Management,29,27,30,86,A
STU00105,Machine Learning,28,27,29,84,B
STU00105,Operating Systems,36,23,20,79,B
STU00106,Big Data Analytics,30,24,21,75,B
STU00106,Computer Networks,26,15,27,68,C
STU00106,Database Management,20,15,24,59,C
STU00106,Machine Learning,33,22,30,85,A
STU00106,Operating Systems,39,19,26,84,B
STU00107,Big Data Analytics,40,16,24,80,B
STU00107,Computer Networks,21,16,20,57,C
STU00107,Database Management,30,20,23,73,B
STU00107,Machine Learning,21,28,24,73,B
STU00107,Operating Systems,24,15,20,59,C
STU00108,Big Data Analytics,40,25,23,88,A
STU00108,Computer Networks,25,17,29,71,B
STU00108,Database Management,40,24,21,85,A
STU00108,Machine Learning,39,22,28,89,A
STU00108,Operating Systems,22,20,20,62,C
STU00109,Big Data Analytics,28,21,25,74,B
STU00109,Computer Networks,25,28,23,76,B
STU00109,Database Management,35,30,25,90,A
STU00109,Machine Learning,33,18,29,80,B
STU00109,Operating Systems,29,20,27,76,B
STU00110,Big Data Analytics,30,25,24,79,B
STU00110,Computer Networks,20,23,28,71,B
STU00110,Database Management,31,29,26,86,A
STU00110,Machine Learning,26,30,23,79,B
STU00110,Operating Systems,26,16,20,62,C
STU00111,Big Data Analytics,31,30,22,83,B
STU00111,Computer Networks,24,30,24,78,B
STU00111,Database Management,23,27,22,72,B
STU00111,Machine Learning,33,28,26,87,A
STU00111,Operating Systems,31,25,20,76,B
STU00112,Big Data Analytics,32,17,24,73,B
STU00112,Computer Networks,33,24,26,83,B
STU00112,Database Management,29,20,21,70,B
STU00112,Machine Learning,30,25,25,80,B
STU00112,Operating Systems,24,20,26,70,B
STU00113,Big Data Analytics,29,18,21,68,C
STU00113,Computer Networks,36,22,21,79,B
STU00113,Database Management,29,18,22,69,C
STU00113,Machine Learning,28,18,22,68,C
STU00113,Operating Systems,25,21,22,68,C
STU00114,Big Data Analytics,23,24,22,69,C
STU00114,Computer Networks,37,24,24,85,A
STU00114,Database Management,39,22,22,83,B
STU00114,Machine Learning,31,28,20,79,B
STU00114,Operating Systems,32,26,23,81,B
STU00115,Big Data Analytics,37,25,21,83,B
STU00115,Computer Networks,25,19,20,64,C
STU00115,Database Management,34,26,21,81,B
STU00115,Machine Learning,27,27,24,78,B
STU00115,Operating Systems,26,25,28,79,B
STU00116,Big Data Analytics,22,16,21,59,C
STU00116,Computer Networks,35,19,29,83,B
STU00116,Database Management,24,17,27,68,C
STU00116,Machine Learning,33,29,28,90,A
STU00116,Operating Systems,32,21,22,75,B
STU00117,Big Data Analytics,25,30,28,83,B
STU00117,Computer Networks,30,29,22,81,B
STU00117,Database Management,39,30,20,89,A
STU00117,Machine Learning,22,17,28,67,C
STU00117,Operating Systems,21,19,20,60,C
STU00118,Big Data Analytics,35,28,23,86,A
STU00118,Computer Networks,25,19,23,67,C
STU00118,Database Management,23,17,30,70,B
STU00118,Machine Learning,22,27,23,72,B
STU00118,Operating Systems,40,28,22,90,A
STU00119,Big Data Analytics,26,27,28,81,B
STU00119,Computer Networks,36,22,27,85,A
STU00119,Database Management,24,18,24,66,C
STU00119,Machine Learning,37,24,25,86,A
STU00119,Operating Systems,31,20,22,73,B
STU00120,Big Data Analytics,37,24,27,88,A
STU00120,Computer Networks,37,27,25,89,A
STU00120,Database Management,27,29,21,77,B
STU00120,Machine Learning,40,18,27,85,A
STU00120,Operating Systems,22,20,20,62,C
STU00121,Big Data Analytics,40,26,25,91,A
STU00121,Computer Networks,23,16,30,69,C
STU00121,Database Management,36,16,27,79,B
STU00121,Machine Learning,22,15,29,66,C
STU00121,Operating Systems,40,19,28,87,A
STU00122,Big Data Analytics,39,16,30,85,A
STU00122,Computer Networks,23,15,25,63,C
STU00122,Database Management,25,30,30,85,A
STU00122,Machine Learning,27,28,26,81,B
STU00122,Operating Systems,36,21,23,80,B
STU00123,Big Data Analytics,36,17,27,80,B
STU00123,Computer Networks,40,23,25,88,A
STU00123,Database Management,31,25,30,86,A
STU00123,Machine Learning,27,17,29,73,B
STU00123,Operating Systems,35,27,30,92,A
STU00124,Big Data Analytics,24,26,29,79,B
STU00124,Computer Networks,24,19,26,69,C
STU00124,Database Management,35,19,28,82,B
STU00124,Machine Learning,36,26,23,85,A
STU00124,Operating Systems,34,16,21,71,B
STU00125,Big Data Analytics,39,23,28,90,A
STU00125,Computer Networks,35,25,26,86,A
STU00125,Database Management,22,30,25,77,B
STU00125,Machine Learning,32,28,24,84,B
STU00125,Operating Systems,21,26,20,67,C
STU00126,Big Data Analytics,33,26,30,89,A
STU00126,Computer Networks,37,17,25,79,B
STU00126,Database Management,29,30,27,86,A
STU00126,Machine Learning,30,29,26,85,A
STU00126,Operating Systems,27,21,21,69,C
STU00127,Big Data Analytics,31,26,30,87,A
STU00127,Computer Networks,32,26,30,88,A
STU00127,Database Management,22,18,23,63,C
STU00127,Machine Learning,24,15,27,66,C
STU00127,Operating Systems,40,18,23,81,B
STU00128,Big Data Analytics,40,25,25,90,A
STU00128,Computer Networks,33,28,26,87,A
STU00128,Database Management,39,21,20,80,B
STU00128,Machine Learning,33,27,22,82,B
STU00128,Operating Systems,32,18,21,71,B
STU00129,Big Data Analytics,31,21,28,80,B
STU00129,Computer Networks,34,28,23,85,A
STU00129,Database Management,34,17,25,76,B
STU00129,Machine Learning,33,27,21,81,B
STU00129,Operating Systems,20,28,25,73,B
STU00130,Big Data Analytics,26,17,24,67,C
STU00130,Computer Networks,20,21,20,61,C
STU00130,Database Management,23,27,23,73,B
STU00130,Machine Learning,38,21,30,89,A
STU00130,Operating Systems,24,20,20,64,C
STU00131,Big Data Analytics,28,21,25,74,B
STU00131,Computer Networks,28,29,20,77,B
STU00131,Database Management,23,23,20,66,C
STU00131,Machine Learning,25,26,24,75,B
STU00131,Operating Systems,26,16,29,71,B
STU00132,Big Data Analytics,36,16,24,76,B
STU00132,Computer Networks,33,15,25,73,B
STU00132,Database Management,30,26,28,84,B
STU00132,Machine Learning,40,25,25,90,A
STU00132,Operating Systems,27,21,29,77,B
STU00133,Big Data Analytics,30,28,24,82,B
STU00133,Computer Networks,27,26,28,81,B
STU00133,Database Management,39,20,27,86,A
STU00133,Machine Learning,32,28,26,86,A
STU00133,Operating Systems,39,15,26,80,B
STU00134,Big Data Analytics,36,26,24,86,A
STU00134,Computer Networks,40,26,29,95,A
STU00134,Database Management,33,26,21,80,B
STU00134,Machine Learning,21,29,30,80,B
STU00134,Operating Systems,37,18,22,77,B
STU00135,Big Data Analytics,20,24,27,71,B
STU00135,Computer Networks,39,20,27,86,A
STU00135,Database Management,27,15,28,70,B
STU00135,Machine Learning,23,16,22,61,C
STU00135,Operating Systems,33,23,29,85,A
STU00136,Big Data Analytics,35,28,30,93,A
STU00136,Computer Networks,36,23,20,79,B
STU00136,Database Management,21,25,24,70,B
STU00136,Machine Learning,32,16,21,69,C
STU00136,Operating Systems,20,19,24,63,C
STU00137,Big Data Analytics,27,27,24,78,B
STU00137,Computer Networks,20,26,22,68,C
STU00137,Database Management,37,15,28,80,B
STU00137,Machine Learning,33,21,29,83,B
STU00137,Operating Systems,31,29,23,83,B
STU00138,Big Data Analytics,21,27,20,68,C
STU00138,Computer Networks,20,25,27,72,B
STU00138,Database Management,30,29,29,88,A
STU00138,Machine Learning,34,22,30,86,A
STU00138,Operating Systems,34,18,26,78,B
STU00139,Big Data Analytics,39,18,30,87,A
STU00139,Computer Networks,40,25,30,95,A
STU00139,Database Management,22,26,27,75,B
STU00139,Machine Learning,27,17,27,71,B
STU00139,Operating Systems,36,30,27,93,A
STU00140,Big Data Analytics,20,17,26,63,C
STU00140,Computer Networks,39,28,26,93,A
STU00140,Database Management,32,25,28,85,A
STU00140,Machine Learning,32,29,26,87,A
STU00140,Operating Systems,28,28,21,77,B
STU00141,Big Data Analytics,22,25,26,73,B
STU00141,Computer Networks,21,27,24,72,B
STU00141,Database Management,36,18,29,83,B
STU00141,Machine Learning,28,25,25,78,B
STU00141,Operating Systems,28,27,24,79,B
STU00142,Big Data Analytics,22,18,20,60,C
STU00142,Computer Networks,40,24,20,84,B
STU00142,Database Management,33,19,28,80,B
STU00142,Machine Learning,30,19,29,78,B
STU00142,Operating Systems,26,25,30,81,B
STU00143,Big Data Analytics,22,19,28,69,C
STU00143,Computer Networks,36,25,27,88,A
STU00143,Database Management,23,26,22,71,B
STU00143,Machine Learning,39,30,30,99,A
STU00143,Operating Systems,30,25,27,82,B
STU00144,Big Data Analytics,25,23,20,68,C
STU00144,Computer Networks,24,24,24,72,B
STU00144,Database Management,40,19,30,89,A
STU00144,Machine Learning,36,15,24,75,B
STU00144,Operating Systems,38,17,26,81,B
STU00145,Big Data Analytics,24,21,27,72,B
STU00145,Computer Networks,23,21,29,73,B
STU00145,Database Management,39,22,23,84,B
STU00145,Machine Learning,33,27,27,87,A
STU00145,Operating Systems,20,24,29,73,B
STU00146,Big Data Analytics,39,16,24,79,B
STU00146,Computer Networks,28,26,23,77,B
STU00146,Database Management,40,21,22,83,B
STU00146,Machine Learning,37,15,29,81,B
STU00146,Operating Systems,36,22,28,86,A
STU00147,Big Data Analytics,21,23,22,66,C
STU00147,Computer Networks,22,20,24,66,C
STU00147,Database Management,39,23,20,82,B
STU00147,Machine Learning,38,27,29,94,A
STU00147,Operating Systems,25,27,23,75,B
STU00148,Big Data Analytics,26,30,29,85,A
STU00148,Computer Networks,24,22,27,73,B
STU00148,Database Management,40,20,20,80,B
STU00148,Machine Learning,28,15,21,64,C
STU00148,Operating Systems,22,17,30,69,C
STU00149,Big Data Analytics,38,28,23,89,A
STU00149,Computer Networks,31,24,27,82,B
STU00149,Database Management,31,23,20,74,B
STU00149,Machine Learning,23,24,25,72,B
STU00149,Operating Systems,24,21,24,69,C
STU00150,Big Data Analytics,20,22,29,71,B
STU00150,Computer Networks,29,23,24,76,B
STU00150,Database Management,22,21,27,70,B
STU00150,Machine Learning,21,25,25,71,B
STU00150,Operating Systems,23,16,25,64,C
STU00151,Big Data Analytics,21,30,20,71,B
STU00151,Computer Networks,26,16,23,65,C
STU00151,Database Management,39,26,28,93,A
STU00151,Machine Learning,34,22,21,77,B
STU00151,Operating Systems,38,19,23,80,B
STU00152,Big Data Analytics,23,21,22,66,C
STU00152,Computer Networks,20,27,20,67,C
STU00152,Database Management,39,16,20,75,B
STU00152,Machine Learning,36,19,23,78,B
STU00152,Operating Systems,37,25,27,89,A
STU00153,Big Data Analytics,21,23,22,66,C
STU00153,Computer Networks,20,20,25,65,C
STU00153,Database Management,26,24,28,78,B
STU00153,Machine Learning,23,26,28,77,B
STU00153,Operating Systems,36,20,30,86,A
STU00154,Big Data Analytics,28,18,25,71,B
STU00154,Computer Networks,36,18,22,76,B
STU00154,Database Management,36,20,28,84,B
STU00154,Machine Learning,40,28,26,94,A
STU00154,Operating Systems,23,26,20,69,C
STU00155,Big Data Analytics,34,27,21,82,B
STU00155,Computer Networks,21,27,20,68,C
STU00155,Database Management,28,28,29,85,A
STU00155,Machine Learning,28,15,29,72,B
STU00155,Operating Systems,36,17,27,80,B
STU00156,Big Data Analytics,24,22,24,70,B
STU00156,Computer Networks,23,27,20,70,B
STU00156,Database Management,21,26,28,75,B
STU00156,Machine Learning,34,25,24,83,B
STU00156,Operating Systems,24,23,25,72,B
STU00157,Big Data Analytics,39,25,20,84,B
STU00157,Computer Networks,30,30,24,84,B
STU00157,Database Management,35,24,28,87,A
STU00157,Machine Learning,32,23,23,78,B
STU00157,Operating Systems,35,26,20,81,B
STU00158,Big Data Analytics,22,26,27,75,B
STU00158,Computer Networks,24,25,29,78,B
STU00158,Database Management,28,28,20,76,B
STU00158,Machine Learning,30,19,30,79,B
STU00158,Operating Systems,30,22,27,79,B
STU00159,Big Data Analytics,34,24,24,82,B
STU00159,Computer Networks,35,17,26,78,B
STU00159,Database Management,21,26,30,77,B
STU00159,Machine Learning,24,20,20,64,C
STU00159,Operating Systems,23,17,30,70,B
STU00160,Big Data Analytics,20,29,30,79,B
STU00160,Computer Networks,35,23,25,83,B
STU00160,Database Management,37,20,27,84,B
STU00160,Machine Learning,37,28,22,87,A
STU00160,Operating Systems,31,23,29,83,B
STU00161,Big Data Analytics,31,24,21,76,B
STU00161,Computer Networks,20,25,30,75,B
STU00161,Database Management,24,15,20,59,C
STU00161,Machine Learning,25,29,29,83,B
STU00161,Operating Systems,26,26,22,74,B
STU00162,Big Data Analytics,34,16,25,75,B
STU00162,Computer Networks,21,20,21,62,C
STU00162,Database Management,21,26,29,76,B
STU00162,Machine Learning,29,19,29,77,B
STU00162,Operating Systems,37,26,30,93,A
STU00163,Big Data Analytics,32,30,22,84,B
STU00163,Computer Networks,28,25,25,78,B
STU00163,Database Management,23,22,20,65,C
STU00163,Machine Learning,40,30,27,97,A
STU00163,Operating Systems,34,25,21,80,B
STU00164,Big Data Analytics,37,24,29,90,A
STU00164,Computer Networks,21,27,26,74,B
STU00164,Database Management,20,24,24,68,C
STU00164,Machine Learning,36,18,29,83,B
STU00164,Operating Systems,32,20,20,72,B
STU00165,Big Data Analytics,38,28,28,94,A
STU00165,Computer Networks,37,17,27,81,B
STU00165,Database Management,25,24,22,71,B
STU00165,Machine Learning,35,18,26,79,B
STU00165,Operating Systems,23,29,26,78,B
STU00166,Big Data Analytics,37,28,23,88,A
STU00166,Computer Networks,33,16,27,76,B
STU00166,Database Management,34,17,29,80,B
STU00166,Machine Learning,31,24,24,79,B
STU00166,Operating Systems,33,16,25,74,B
STU00167,Big Data Analytics,39,20,20,79,B
STU00167,Computer Networks,25,18,25,68,C
STU00167,Database Management,34,18,22,74,B
STU00167,Machine Learning,29,26,20,75,B
STU00167,Operating Systems,37,22,21,80,B
STU00168,Big Data Analytics,35,30,29,94,A
STU00168,Computer Networks,32,28,20,80,B
STU00168,Database Management,29,15,28,72,B
STU00168,Machine Learning,26,24,22,72,B
STU00168,Operating Systems,38,28,26,92,A
STU00169,Big Data Analytics,29,17,24,70,B
STU00169,Computer Networks,36,25,29,90,A
STU00169,Database Management,37,25,22,84,B
STU00169,Machine Learning,39,27,20,86,A
STU00169,Operating Systems,24,18,28,70,B
STU00170,Big Data Analytics,35,20,20,75,B
STU00170,Computer Networks,25,23,27,75,B
STU00170,Database Management,40,16,20,76,B
STU00170,Machine Learning,27,30,28,85,A
STU00170,Operating Systems,24,17,28,69,C
STU00171,Big Data Analytics,32,28,23,83,B
STU00171,Computer Networks,24,17,24,65,C
STU00171,Database Management,21,28,23,72,B
STU00171,Machine Learning,34,22,28,84,B
STU00171,Operating Systems,36,26,22,84,B
STU00172,Big Data Analytics,27,22,27,76,B
STU00172,Computer Networks,26,20,28,74,B
STU00172,Database Management,22,17,26,65,C
STU00172,Machine Learning,31,20,21,72,B
STU00172,Operating Systems,38,26,30,94,A
STU00173,Big Data Analytics,20,15,27,62,C
STU00173,Computer Networks,39,16,27,82,B
STU00173,Database Management,38,20,20,78,B
STU00173,Machine Learning,20,19,20,59,C
STU00173,Operating Systems,26,24,27,77,B
STU00174,Big Data Analytics,34,27,26,87,A
STU00174,Computer Networks,34,20,23,77,B
STU00174,Database Management,36,30,29,95,A
STU00174,Machine Learning,37,22,25,84,B
STU00174,Operating Systems,26,16,25,67,C
STU00175,Big Data Analytics,21,25,28,74,B
STU00175,Computer Networks,40,25,27,92,A
STU00175,Database Management,28,23,25,76,B
STU00175,Machine Learning,38,15,27,80,B
STU00175,Operating Systems,22,28,29,79,B
STU00176,Big Data Analytics,28,17,27,72,B
STU00176,Computer Networks,21,16,30,67,C
STU00176,Database Management,32,30,24,86,A
STU00176,Machine Learning,29,20,26,75,B
STU00176,Operating Systems,24,29,21,74,B
STU00177,Big Data Analytics,31,23,24,78,B
STU00177,Computer Networks,30,18,21,69,C
STU00177,Database Management,26,20,23,69,C
STU00177,Machine Learning,39,15,24,78,B
STU00177,Operating Systems,35,26,27,88,A
STU00178,Big Data Analytics,35,18,26,79,B
STU00178,Computer Networks,33,21,25,79,B
STU00178,Database Management,38,20,26,84,B
STU00178,Machine Learning,27,15,25,67,C
STU00178,Operating Systems,40,26,22,88,A
STU00179,Big Data Analytics,28,23,24,75,B
STU00179,Computer Networks,20,20,29,69,C
STU00179,Database Management,38,16,29,83,B
STU00179,Machine Learning,23,17,22,62,C
STU00179,Operating Systems,25,19,25,69,C
STU00180,Big Data Analytics,33,22,29,84,B
STU00180,Computer Networks,24,26,29,79,B
STU00180,Database Management,29,26,28,83,B
STU00180,Machine Learning,34,26,20,80,B
STU00180,Operating Systems,29,21,20,70,B
STU00181,Big Data Analytics,34,20,25,79,B
STU00181,Computer Networks,35,23,22,80,B
STU00181,Database Management,26,15,23,64,C
STU00181,Machine Learning,23,16,26,65,C
STU00181,Operating Systems,22,24,29,75,B
STU00182,Big Data Analytics,37,26,22,85,A
STU00182,Computer Networks,25,17,26,68,C
STU00182,Database Management,21,18,21,60,C
STU00182,Machine Learning,39,23,20,82,B
STU00182,Operating Systems,30,27,26,83,B
STU00183,Big Data Analytics,30,19,30,79,B
STU00183,Computer Networks,32,30,26,88,A
STU00183,Database Management,27,23,21,71,B
STU00183,Machine Learning,25,18,30,73,B
STU00183,Operating Systems,28,28,29,85,A
STU00184,Big Data Analytics,24,25,26,75,B
STU00184,Computer Networks,31,22,24,77,B
STU00184,Database Management,31,20,25,76,B
STU00184,Machine Learning,33,23,25,81,B
STU00184,Operating Systems,34,29,26,89,A
STU00185,Big Data Analytics,25,23,30,78,B
STU00185,Computer Networks,25,24,22,71,B
STU00185,Database Management,20,25,21,66,C
STU00185,Machine Learning,38,21,24,83,B
STU00185,Operating Systems,40,16,30,86,A
STU00186,Big Data Analytics,31,19,26,76,B
STU00186,Computer Networks,24,20,25,69,C
STU00186,Database Management,28,22,22,72,B
STU00186,Machine Learning,22,19,28,69,C
STU00186,Operating Systems,34,19,26,79,B
STU00187,Big Data Analytics,34,24,29,87,A
STU00187,Computer Networks,29,24,26,79,B
STU00187,Database Management,27,30,30,87,A
STU00187,Machine Learning,35,17,27,79,B
STU00187,Operating Systems,39,17,25,81,B
STU00188,Big Data Analytics,22,30,27,79,B
STU00188,Computer Networks,34,25,27,86,A
STU00188,Database Management,32,25,20,77,B
STU00188,Machine Learning,21,30,27,78,B
STU00188,Operating Systems,35,24,21,80,B
STU00189,Big Data Analytics,35,20,27,82,B
STU00189,Computer Networks,22,25,29,76,B
STU00189,Database Management,22,26,25,73,B
STU00189,Machine Learning,40,27,29,96,A
STU00189,Operating Systems,40,25,25,90,A
STU00190,Big Data Analytics,34,25,22,81,B
STU00190,Computer Networks,31,16,29,76,B
STU00190,Database Management,35,20,28,83,B
STU00190,Machine Learning,39,15,20,74,B
STU00190,Operating Systems,26,15,23,64,C
STU00191,Big Data Analytics,35,18,30,83,B
STU00191,Computer Networks,21,23,30,74,B
STU00191,Database Management,22,30,23,75,B
STU00191,Machine Learning,38,21,22,81,B
STU00191,Operating Systems,30,22,24,76,B
STU00192,Big Data Analytics,37,23,23,83,B
STU00192,Computer Networks,32,20,23,75,B
STU00192,Database Management,39,29,25,93,A
STU00192,Machine Learning,26,30,29,85,A
STU00192,Operating Systems,22,27,22,71,B
STU00193,Big Data Analytics,35,17,24,76,B
STU00193,Computer Networks,39,16,28,83,B
STU00193,Database Management,33,17,22,72,B
STU00193,Machine Learning,33,19,21,73,B
STU00193,Operating Systems,31,21,26,78,B
STU00194,Big Data Analytics,21,17,24,62,C
STU00194,Computer Networks,29,22,20,71,B
STU00194,Database Management,29,27,23,79,B
STU00194,Machine Learning,25,27,24,76,B
STU00194,Operating Systems,21,22,22,65,C
STU00195,Big Data Analytics,33,16,21,70,B
STU00195,Computer Networks,26,16,25,67,C
STU00195,Database Management,29,22,28,79,B
STU00195,Machine Learning,38,19,20,77,B
STU00195,Operating Systems,24,26,26,76,B
STU00196,Big Data Analytics,35,22,21,78,B
STU00196,Computer Networks,38,27,30,95,A
STU00196,Database Management,21,17,20,58,C
STU00196,Machine Learning,28,29,27,84,B
STU00196,Operating Systems,34,23,22,79,B
STU00197,Big Data Analytics,32,20,30,82,B
STU00197,Computer Networks,26,26,20,72,B
STU00197,Database Management,26,26,25,77,B
STU00197,Machine Learning,28,15,26,69,C
STU00197,Operating Systems,20,18,20,58,C
STU00198,Big Data Analytics,33,28,28,89,A
STU00198,Computer Networks,31,24,26,81,B
STU00198,Database Management,39,30,28,97,A
STU00198,Machine Learning,39,28,30,97,A
STU00198,Operating Systems,27,30,27,84,B
STU00199,Big Data Analytics,34,26,28,88,A
STU00199,Computer Networks,20,28,23,71,B
STU00199,Database Management,26,15,25,66,C
STU00199,Machine Learning,34,16,22,72,B
STU00199,Operating Systems,28,22,29,79,B
STU00200,Big Data Analytics,26,20,30,76,B
STU00200,Computer Networks,38,27,28,93,A
STU00200,Database Management,38,19,27,84,B
STU00200,Machine Learning,33,27,26,86,A
STU00200,Operating Systems,22,30,28,80,B
STU00201,Big Data Analytics,35,20,22,77,B
STU00201,Computer Networks,26,28,26,80,B
STU00201,Database Management,34,17,23,74,B
STU00201,Machine Learning,25,18,25,68,C
STU00201,Operating Systems,34,27,30,91,A
STU00202,Big Data Analytics,25,16,20,61,C
STU00202,Computer Networks,32,21,29,82,B
STU00202,Database Management,22,29,23,74,B
STU00202,Machine Learning,22,28,30,80,B
STU00202,Operating Systems,20,22,29,71,B
STU00203,Big Data Analytics,36,24,28,88,A
STU00203,Computer Networks,39,19,24,82,B
STU00203,Database Management,35,23,29,87,A
STU00203,Machine Learning,20,16,26,62,C
STU00203,Operating Systems,29,27,27,83,B
STU00204,Big Data Analytics,30,22,23,75,B
STU00204,Computer Networks,36,30,26,92,A
STU00204,Database Management,30,27,20,77,B
STU00204,Machine Learning,27,23,26,76,B
STU00204,Operating Systems,30,24,20,74,B
STU00205,Big Data Analytics,34,20,23,77,B
STU00205,Computer Networks,29,27,27,83,B
STU00205,Database Management,29,25,30,84,B
STU00205,Machine Learning,35,15,25,75,B
STU00205,Operating Systems,32,26,29,87,A
STU00206,Big Data Analytics,30,21,28,79,B
STU00206,Computer Networks,21,22,22,65,C
STU00206,Database Management,33,25,20,78,B
STU00206,Machine Learning,20,20,22,62,C
STU00206,Operating Systems,38,23,25,86,A
STU00207,Big Data Analytics,31,23,20,74,B
STU00207,Computer Networks,30,19,29,78,B
STU00207,Database Management,33,25,25,83,B
STU00207,Machine Learning,34,24,29,87,A
STU00207,Operating Systems,37,28,28,93,A
STU00208,Big Data Analytics,35,22,23,80,B
STU00208,Computer Networks,27,18,30,75,B
STU00208,Database Management,30,20,24,74,B
STU00208,Machine Learning,38,25,23,86,A
STU00208,Operating Systems,38,17,22,77,B
STU00209,Big Data Analytics,22,28,24,74,B
STU00209,Computer Networks,26,30,30,86,A
STU00209,Database Management,23,23,29,75,B
STU00209,Machine Learning,22,16,28,66,C
STU00209,Operating Systems,32,20,20,72,B
STU00210,Big Data Analytics,30,21,29,80,B
STU00210,Computer Networks,23,28,22,73,B
STU00210,Database Management,29,20,21,70,B
STU00210,Machine Learning,40,15,30,85,A
STU00210,Operating Systems,24,16,22,62,C
STU00211,Big Data Analytics,34,16,20,70,B
STU00211,Computer Networks,27,24,29,80,B
STU00211,Database Management,25,19,24,68,C
STU00211,Machine Learning,32,20,27,79,B
STU00211,Operating Systems,33,25,23,81,B
STU00212,Big Data Analytics,35,21,20,76,B
STU00212,Computer Networks,22,26,26,74,B
STU00212,Database Management,35,29,28,92,A
STU00212,Machine Learning,29,19,24,72,B
STU00212,Operating Systems,28,25,27,80,B
STU00213,Big Data Analytics,30,30,30,90,A
STU00213,Computer Networks,36,25,24,85,A
STU00213,Database Management,27,19,27,73,B
STU00213,Machine Learning,25,23,27,75,B
STU00213,Operating Systems,27,27,26,80,B
STU00214,Big Data Analytics,30,30,21,81,B
STU00214,Computer Networks,38,15,25,78,B
STU00214,Database Management,31,26,29,86,A
STU00214,Machine Learning,32,17,26,75,B
STU00214,Operating Systems,21,20,30,71,B
STU00215,Big Data Analytics,38,21,23,82,B
STU00215,Computer Networks,21,25,27,73,B
STU00215,Database Management,40,17,21,78,B
STU00215,Machine Learning,22,24,20,66,C
STU00215,Operating Systems,23,20,23,66,C
STU00216,Big Data Analytics,25,18,26,69,C
STU00216,Computer Networks,27,29,20,76,B
STU00216,Database Management,20,22,26,68,C
STU00216,Machine Learning,40,15,23,78,B
STU00216,Operating Systems,21,23,29,73,B
STU00217,Big Data Analytics,36,24,29,89,A
STU00217,Computer Networks,31,25,27,83,B
STU00217,Database Management,20,16,29,65,C
STU00217,Machine Learning,30,18,28,76,B
STU00217,Operating Systems,37,18,22,77,B
STU00218,Big Data Analytics,26,24,21,71,B
STU00218,Computer Networks,37,29,25,91,A
STU00218,Database Management,21,28,23,72,B
STU00218,Machine Learning,36,23,20,79,B
STU00218,Operating Systems,23,30,23,76,B
STU00219,Big Data Analytics,24,20,23,67,C
STU00219,Computer Networks,27,17,23,67,C
STU00219,Database Management,31,15,29,75,B
STU00219,Machine Learning,27,19,23,69,C
STU00219,Operating Systems,32,25,22,79,B
STU00220,Big Data Analytics,38,19,27,84,B
STU00220,Computer Networks,22,29,26,77,B
STU00220,Database Management,25,29,22,76,B
STU00220,Machine Learning,28,29,27,84,B
STU00220,Operating Systems,21,30,27,78,B
STU00221,Big Data Analytics,37,24,22,83,B
STU00221,Computer Networks,28,30,30,88,A
STU00221,Database Management,38,22,20,80,B
STU00221,Machine Learning,32,28,21,81,B
STU00221,Operating Systems,34,28,25,87,A
STU00222,Big Data Analytics,24,20,26,70,B
STU00222,Computer Networks,38,18,27,83,B
STU00222,Database Management,22,19,26,67,C
STU00222,Machine Learning,28,30,27,85,A
STU00222,Operating Systems,38,24,21,83,B
STU00223,Big Data Analytics,35,17,30,82,B
STU00223,Computer Networks,29,30,26,85,A
STU00223,Database Management,24,24,29,77,B
STU00223,Machine Learning,27,17,26,70,B
STU00223,Operating Systems,30,24,22,76,B
STU00224,Big Data Analytics,36,24,26,86,A
STU00224,Computer Networks,24,18,30,72,B
STU00224,Database Management,37,25,28,90,A
STU00224,Machine Learning,34,25,23,82,B
STU00224,Operating Systems,32,29,24,85,A
STU00225,Big Data Analytics,36,29,23,88,A
STU00225,Computer Networks,28,20,27,75,B
STU00225,Database Management,40,29,23,92,A
STU00225,Machine Learning,33,26,22,81,B
STU00225,Operating Systems,36,26,30,92,A
STU00226,Big Data Analytics,24,20,25,69,C
STU00226,Computer Networks,37,28,24,89,A
STU00226,Database Management,36,24,26,86,A
STU00226,Machine Learning,20,25,20,65,C
STU00226,Operating Systems,37,22,28,87,A
STU00227,Big Data Analytics,27,18,28,73,B
STU00227,Computer Networks,38,24,29,91,A
STU00227,Database Management,29,20,22,71,B
STU00227,Machine Learning,31,17,28,76,B
STU00227,Operating Systems,22,22,24,68,C
STU00228,Big Data Analytics,32,26,26,84,B
STU00228,Computer Networks,27,26,21,74,B
STU00228,Database Management,32,23,26,81,B
STU00228,Machine Learning,23,28,28,79,B
STU00228,Operating Systems,29,27,21,77,B
STU00229,Big Data Analytics,29,27,24,80,B
STU00229,Computer Networks,40,16,28,84,B
STU00229,Database Management,28,30,20,78,B
STU00229,Machine Learning,31,26,22,79,B
STU00229,Operating Systems,38,26,30,94,A
STU00230,Big Data Analytics,25,29,26,80,B
STU00230,Computer Networks,31,24,29,84,B
STU00230,Database Management,21,28,21,70,B
STU00230,Machine Learning,28,25,23,76,B
STU00230,Operating Systems,30,25,23,78,B
STU00231,Big Data Analytics,32,24,27,83,B
STU00231,Computer Networks,27,15,26,68,C
STU00231,Database Management,22,21,30,73,B
STU00231,Machine Learning,35,17,25,77,B
STU00231,Operating Systems,25,27,28,80,B
STU00232,Big Data Analytics,34,26,24,84,B
STU00232,Computer Networks,40,15,22,77,B
STU00232,Database Management,22,17,22,61,C
STU00232,Machine Learning,24,26,22,72,B
STU00232,Operating Systems,25,29,24,78,B
STU00233,Big Data Analytics,22,15,25,62,C
STU00233,Computer Networks,26,16,28,70,B
STU00233,Database Management,21,20,20,61,C
STU00233,Machine Learning,36,23,24,83,B
STU00233,Operating Systems,27,24,30,81,B
STU00234,Big Data Analytics,40,21,20,81,B
STU00234,Computer Networks,36,29,27,92,A
STU00234,Database Management,31,29,26,86,A
STU00234,Machine Learning,23,21,30,74,B
STU00234,Operating Systems,27,15,26,68,C
STU00235,Big Data Analytics,39,19,20,78,B
STU00235,Computer Networks,20,22,27,69,C
STU00235,Database Management,32,22,23,77,B
STU00235,Machine Learning,36,25,26,87,A
STU00235,Operating Systems,29,20,21,70,B
STU00236,Big Data Analytics,38,28,29,95,A
STU00236,Computer Networks,21,27,27,75,B
STU00236,Database Management,30,25,21,76,B
STU00236,Machine Learning,38,30,21,89,A
STU00236,Operating Systems,34,15,27,76,B
STU00237,Big Data Analytics,28,29,26,83,B
STU00237,Computer Networks,29,26,29,84,B
STU00237,Database Management,27,29,23,79,B
STU00237,Machine Learning,34,19,25,78,B
STU00237,Operating Systems,31,17,24,72,B
STU00238,Big Data Analytics,20,21,29,70,B
STU00238,Computer Networks,32,27,29,88,A
STU00238,Database Management,23,25,21,69,C
STU00238,Machine Learning,21,24,24,69,C
STU00238,Operating Systems,35,23,21,79,B
STU00239,Big Data Analytics,39,19,24,82,B
STU00239,Computer Networks,23,30,22,75,B
STU00239,Database Management,27,29,29,85,A
STU00239,Machine Learning,24,24,20,68,C
STU00239,Operating Systems,27,25,23,75,B
STU00240,Big Data Analytics,30,17,23,70,B
STU00240,Computer Networks,27,16,24,67,C
STU00240,Database Management,21,21,28,70,B
STU00240,Machine Learning,29,23,21,73,B
STU00240,Operating Systems,30,15,29,74,B
STU00241,Big Data Analytics,28,19,30,77,B
STU00241,Computer Networks,22,17,30,69,C
STU00241,Database Management,39,20,27,86,A
STU00241,Machine Learning,35,17,26,78,B
STU00241,Operating Systems,35,25,28,88,A
STU00242,Big Data Analytics,33,17,23,73,B
STU00242,Computer Networks,34,19,24,77,B
STU00242,Database Management,36,26,25,87,A
STU00242,Machine Learning,21,17,27,65,C
STU00242,Operating Systems,37,29,24,90,A
STU00243,Big Data Analytics,22,27,23,72,B
STU00243,Computer Networks,30,29,23,82,B
STU00243,Database Management,27,20,21,68,C
STU00243,Machine Learning,21,15,22,58,C
STU00243,Operating Systems,28,15,22,65,C
STU00244,Big Data Analytics,21,26,27,74,B
STU00244,Computer Networks,25,26,30,81,B
STU00244,Database Management,40,27,27,94,A
STU00244,Machine Learning,33,30,28,91,A
STU00244,Operating Systems,20,15,24,59,C
STU00245,Big Data Analytics,36,27,27,90,A
STU00245,Computer Networks,39,20,29,88,A
STU00245,Database Management,34,25,21,80,B
STU00245,Machine Learning,27,17,20,64,C
STU00245,Operating Systems,37,25,21,83,B
STU00246,Big Data Analytics,27,19,25,71,B
STU00246,Computer Networks,21,15,22,58,C
STU00246,Database Management,25,17,28,70,B
STU00246,Machine Learning,24,30,22,76,B
STU00246,Operating Systems,31,21,28,80,B
STU00247,Big Data Analytics,40,26,24,90,A
STU00247,Computer Networks,24,15,25,64,C
STU00247,Database Management,32,28,30,90,A
STU00247,Machine Learning,40,26,25,91,A
STU00247,Operating Systems,29,29,22,80,B
STU00248,Big Data Analytics,34,24,22,80,B
STU00248,Computer Networks,36,17,20,73,B
STU00248,Database Management,27,16,27,70,B
STU00248,Machine Learning,20,19,24,63,C
STU00248,Operating Systems,40,17,28,85,A
STU00249,Big Data Analytics,28,25,24,77,B
STU00249,Computer Networks,29,21,25,75,B
STU00249,Database Management,39,22,27,88,A
STU00249,Machine Learning,34,16,20,70,B
STU00249,Operating Systems,20,25,28,73,B
STU00250,Big Data Analytics,28,22,23,73,B
STU00250,Computer Networks,25,25,20,70,B
STU00250,Database Management,23,22,24,69,C
STU00250,Machine Learning,37,30,27,94,A
STU00250,Operating Systems,33,18,20,71,B
STU00251,Big Data Analytics,32,17,25,74,B
STU00251,Computer Networks,21,23,24,68,C
STU00251,Database Management,35,16,26,77,B
STU00251,Machine Learning,33,28,23,84,B
STU00251,Operating Systems,35,18,27,80,B
STU00252,Big Data Analytics,30,17,20,67,C
STU00252,Computer Networks,30,23,22,75,B
STU00252,Database Management,33,19,30,82,B
STU00252,Machine Learning,28,19,21,68,C
STU00252,Operating Systems,26,16,25,67,C
STU00253,Big Data Analytics,27,15,23,65,C
STU00253,Computer Networks,30,26,24,80,B
STU00253,Database Management,39,22,30,91,A
STU00253,Machine Learning,39,24,22,85,A
STU00253,Operating Systems,38,18,27,83,B
STU00254,Big Data Analytics,25,26,28,79,B
STU00254,Computer Networks,28,16,22,66,C
STU00254,Database Management,39,16,22,77,B
STU00254,Machine Learning,20,21,26,67,C
STU00254,Operating Systems,34,26,23,83,B
STU00255,Big Data Analytics,37,16,25,78,B
STU00255,Computer Networks,37,23,24,84,B
STU00255,Database Management,25,28,20,73,B
STU00255,Machine Learning,20,29,23,72,B
STU00255,Operating Systems,32,21,27,80,B
STU00256,Big Data Analytics,31,20,23,74,B
STU00256,Computer Networks,40,30,20,90,A
STU00256,Database Management,29,30,27,86,A
STU00256,Machine Learning,32,25,24,81,B
STU00256,Operating Systems,33,23,28,84,B
STU00257,Big Data Analytics,36,23,29,88,A
STU00257,Computer Networks,38,19,24,81,B
STU00257,Database Management,31,16,22,69,C
STU00257,Machine Learning,25,29,29,83,B
STU00257,Operating Systems,30,24,28,82,B
STU00258,Big Data Analytics,24,18,29,71,B
STU00258,Computer Networks,26,20,29,75,B
STU00258,Database Management,40,29,29,98,A
STU00258,Machine Learning,21,30,28,79,B
STU00258,Operating Systems,38,26,30,94,A
STU00259,Big Data Analytics,33,19,22,74,B
STU00259,Computer Networks,21,22,27,70,B
STU00259,Database Management,20,17,20,57,C
STU00259,Machine Learning,21,23,20,64,C
STU00259,Operating Systems,27,15,24,66,C
STU00260,Big Data Analytics,25,22,23,70,B
STU00260,Computer Networks,37,29,24,90,A
STU00260,Database Management,39,29,20,88,A
STU00260,Machine Learning,32,20,25,77,B
STU00260,Operating Systems,21,30,30,81,B
STU00261,Big Data Analytics,22,15,23,60,C
STU00261,Computer Networks,37,21,20,78,B
STU00261,Database Management,22,28,30,80,B
STU00261,Machine Learning,30,23,28,81,B
STU00261,Operating Systems,24,19,20,63,C
STU00262,Big Data Analytics,39,26,26,91,A
STU00262,Computer Networks,26,22,25,73,B
STU00262,Database Management,40,27,23,90,A
STU00262,Machine Learning,26,22,29,77,B
STU00262,Operating Systems,35,26,24,85,A
STU00263,Big Data Analytics,39,16,21,76,B
STU00263,Computer Networks,24,21,22,67,C
STU00263,Database Management,31,19,20,70,B
STU00263,Machine Learning,27,27,21,75,B
STU00263,Operating Systems,23,25,28,76,B
STU00264,Big Data Analytics,28,28,23,79,B
STU00264,Computer Networks,37,21,30,88,A
STU00264,Database Management,32,15,27,74,B
STU00264,Machine Learning,21,19,29,69,C
STU00264,Operating Systems,22,17,29,68,C
STU00265,Big Data Analytics,31,15,29,75,B
STU00265,Computer Networks,31,29,29,89,A
STU00265,Database Management,28,16,21,65,C
STU00265,Machine Learning,25,30,30,85,A
STU00265,Operating Systems,24,19,28,71,B
STU00266,Big Data Analytics,34,21,22,77,B
STU00266,Computer Networks,28,29,25,82,B
STU00266,Database Management,27,26,20,73,B
STU00266,Machine Learning,26,29,22,77,B
STU00266,Operating Systems,37,18,30,85,A
STU00267,Big Data Analytics,38,17,25,80,B
STU00267,Computer Networks,31,30,28,89,A
STU00267,Database Management,28,28,24,80,B
STU00267,Machine Learning,33,28,30,91,A
STU00267,Operating Systems,37,24,23,84,B
STU00268,Big Data Analytics,28,23,29,80,B
STU00268,Computer Networks,32,17,28,77,B
STU00268,Database Management,25,23,20,68,C
STU00268,Machine Learning,33,15,25,73,B
STU00268,Operating Systems,30,16,29,75,B
STU00269,Big Data Analytics,30,25,28,83,B
STU00269,Computer Networks,35,15,21,71,B
STU00269,Database Management,40,18,29,87,A
STU00269,Machine Learning,26,30,21,77,B
STU00269,Operating Systems,36,28,23,87,A
STU00270,Big Data Analytics,32,20,25,77,B
STU00270,Computer Networks,29,19,21,69,C
STU00270,Database Management,23,22,28,73,B
STU00270,Machine Learning,21,28,20,69,C
STU00270,Operating Systems,37,18,21,76,B
STU00271,Big Data Analytics,35,30,30,95,A
STU00271,Computer Networks,29,24,27,80,B
STU00271,Database Management,34,23,22,79,B
STU00271,Machine Learning,35,22,27,84,B
STU00271,Operating Systems,28,25,30,83,B
STU00272,Big Data Analytics,29,28,29,86,A
STU00272,Computer Networks,39,19,22,80,B
STU00272,Database Management,28,25,21,74,B
STU00272,Machine Learning,20,18,24,62,C
STU00272,Operating Systems,29,18,25,72,B
STU00273,Big Data Analytics,36,23,25,84,B
STU00273,Computer Networks,21,20,25,66,C
STU00273,Database Management,21,29,29,79,B
STU00273,Machine Learning,29,20,24,73,B
STU00273,Operating Systems,26,25,24,75,B
STU00274,Big Data Analytics,29,22,28,79,B
STU00274,Computer Networks,26,24,28,78,B
STU00274,Database Management,25,15,30,70,B
STU00274,Machine Learning,38,17,24,79,B
STU00274,Operating Systems,38,18,26,82,B
STU00275,Big Data Analytics,29,23,25,77,B
STU00275,Computer Networks,22,15,24,61,C
STU00275,Database Management,32,18,21,71,B
STU00275,Machine Learning,27,20,26,73,B
STU00275,Operating Systems,32,17,21,70,B
STU00276,Big Data Analytics,31,30,23,84,B
STU00276,Computer Networks,33,29,24,86,A
STU00276,Database Management,34,28,20,82,B
STU00276,Machine Learning,25,24,23,72,B
STU00276,Operating Systems,34,23,25,82,B
STU00277,Big Data Analytics,34,25,29,88,A
STU00277,Computer Networks,21,22,23,66,C
STU00277,Database Management,40,18,27,85,A
STU00277,Machine Learning,23,22,25,70,B
STU00277,Operating Systems,38,20,25,83,B
STU00278,Big Data Analytics,29,30,24,83,B
STU00278,Computer Networks,38,20,23,81,B
STU00278,Database Management,34,25,28,87,A
STU00278,Machine Learning,32,27,21,80,B
STU00278,Operating Systems,20,29,21,70,B
STU00279,Big Data Analytics,27,17,21,65,C
STU00279,Computer Networks,25,15,21,61,C
STU00279,Database Management,37,21,22,80,B
STU00279,Machine Learning,38,21,27,86,A
STU00279,Operating Systems,24,15,20,59,C
STU00280,Big Data Analytics,28,17,23,68,C
STU00280,Computer Networks,36,24,20,80,B
STU00280,Database Management,25,25,28,78,B
STU00280,Machine Learning,32,15,25,72,B
STU00280,Operating Systems,38,16,29,83,B
STU00281,Big Data Analytics,32,15,24,71,B
STU00281,Computer Networks,32,29,20,81,B
STU00281,Database Management,36,19,26,81,B
STU00281,Machine Learning,27,16,30,73,B
STU00281,Operating Systems,37,24,30,91,A
STU00282,Big Data Analytics,36,26,27,89,A
STU00282,Computer Networks,24,17,27,68,C
STU00282,Database Management,24,15,26,65,C
STU00282,Machine Learning,30,30,25,85,A
STU00282,Operating Systems,27,25,25,77,B
STU00283,Big Data Analytics,36,19,26,81,B
STU00283,Computer Networks,26,26,20,72,B
STU00283,Database Management,34,17,24,75,B
STU00283,Machine Learning,38,26,26,90,A
STU00283,Operating Systems,29,28,24,81,B
STU00284,Big Data Analytics,23,29,28,80,B
STU00284,Computer Networks,26,24,23,73,B
STU00284,Database Management,21,29,20,70,B
STU00284,Machine Learning,22,27,20,69,C
STU00284,Operating Systems,24,20,22,66,C
STU00285,Big Data Analytics,37,24,25,86,A
STU00285,Computer Networks,35,26,28,89,A
STU00285,Database Management,25,21,21,67,C
STU00285,Machine Learning,39,17,27,83,B
STU00285,Operating Systems,20,30,20,70,B
STU00286,Big Data Analytics,34,30,30,94,A
STU00286,Computer Networks,24,22,28,74,B
STU00286,Database Management,39,28,21,88,A
STU00286,Machine Learning,38,23,22,83,B
STU00286,Operating Systems,40,18,24,82,B
STU00287,Big Data Analytics,22,23,27,72,B
STU00287,Computer Networks,35,27,21,83,B
STU00287,Database Management,31,16,27,74,B
STU00287,Machine Learning,20,19,26,65,C
STU00287,Operating Systems,23,26,21,70,B
STU00288,Big Data Analytics,30,17,29,76,B
STU00288,Computer Networks,36,26,23,85,A
STU00288,Database Management,32,30,30,92,A
STU00288,Machine Learning,26,23,23,72,B
STU00288,Operating Systems,24,18,23,65,C
STU00289,Big Data Analytics,26,22,23,71,B
STU00289,Computer Networks,35,25,27,87,A
STU00289,Database Management,33,23,20,76,B
STU00289,Machine Learning,37,22,22,81,B
STU00289,Operating Systems,25,24,30,79,B
STU00290,Big Data Analytics,33,18,27,78,B
STU00290,Computer Networks,20,30,26,76,B
STU00290,Database Management,38,27,22,87,A
STU00290,Machine Learning,30,19,28,77,B
STU00290,Operating Systems,28,21,22,71,B
STU00291,Big Data Analytics,25,30,27,82,B
STU00291,Computer Networks,21,25,30,76,B
STU00291,Database Management,25,18,24,67,C
STU00291,Machine Learning,36,29,22,87,A
STU00291,Operating Systems,37,15,30,82,B
STU00292,Big Data Analytics,30,30,27,87,A
STU00292,Computer Networks,33,24,24,81,B
STU00292,Database Management,40,27,25,92,A
STU00292,Machine Learning,22,21,24,67,C
STU00292,Operating Systems,28,29,20,77,B
STU00293,Big Data Analytics,39,25,26,90,A
STU00293,Computer Networks,37,30,29,96,A
STU00293,Database Management,21,24,21,66,C
STU00293,Machine Learning,33,25,30,88,A
STU00293,Operating Systems,40,26,29,95,A
STU00294,Big Data Analytics,39,27,27,93,A
STU00294,Computer Networks,37,15,24,76,B
STU00294,Database Management,40,22,21,83,B
STU00294,Machine Learning,30,15,24,69,C
STU00294,Operating Systems,33,19,27,79,B
STU00295,Big Data Analytics,38,19,23,80,B
STU00295,Computer Networks,30,26,27,83,B
STU00295,Database Management,35,16,30,81,B
STU00295,Machine Learning,31,18,27,76,B
STU00295,Operating Systems,36,23,27,86,A
STU00296,Big Data Analytics,33,27,26,86,A
STU00296,Computer Networks,27,16,20,63,C
STU00296,Database Management,25,23,28,76,B
STU00296,Machine Learning,33,20,22,75,B
STU00296,Operating Systems,27,27,22,76,B
STU00297,Big Data Analytics,20,26,20,66,C
STU00297,Computer Networks,22,25,24,71,B
STU00297,Database Management,39,25,22,86,A
STU00297,Machine Learning,23,22,29,74,B
STU00297,Operating Systems,35,25,23,83,B
STU00298,Big Data Analytics,26,22,30,78,B
STU00298,Computer Networks,22,29,28,79,B
STU00298,Database Management,40,24,20,84,B
STU00298,Machine Learning,21,22,28,71,B
STU00298,Operating Systems,28,29,25,82,B
STU00299,Big Data Analytics,32,16,27,75,B
STU00299,Computer Networks,31,30,21,82,B
STU00299,Database Management,35,22,26,83,B
STU00299,Machine Learning,38,25,28,91,A
STU00299,Operating Systems,37,28,24,89,A
STU00300,Big Data Analytics,24,21,21,66,C
STU00300,Computer Networks,33,25,22,80,B
STU00300,Database Management,33,19,22,74,B
STU00300,Machine Learning,25,27,23,75,B
STU00300,Operating Systems,33,19,30,82,B
STU00301,Big Data Analytics,34,27,30,91,A
STU00301,Computer Networks,37,18,27,82,B
STU00301,Database Management,34,21,25,80,B
STU00301,Machine Learning,35,25,30,90,A
STU00301,Operating Systems,28,15,25,68,C
STU00302,Big Data Analytics,23,30,27,80,B
STU00302,Computer Networks,20,27,26,73,B
STU00302,Database Management,26,24,21,71,B
STU00302,Machine Learning,20,29,20,69,C
STU00302,Operating Systems,30,15,20,65,C
STU00303,Big Data Analytics,40,24,30,94,A
STU00303,Computer Networks,25,18,29,72,B
STU00303,Database Management,36,30,20,86,A
STU00303,Machine Learning,29,24,21,74,B
STU00303,Operating Systems,36,26,23,85,A
STU00304,Big Data Analytics,36,27,23,86,A
STU00304,Computer Networks,20,28,27,75,B
STU00304,Database Management,31,30,21,82,B
STU00304,Machine Learning,39,22,24,85,A
STU00304,Operating Systems,21,15,21,57,C
STU00305,Big Data Analytics,38,15,28,81,B
STU00305,Computer Networks,28,30,24,82,B
STU00305,Database Management,38,23,25,86,A
STU00305,Machine Learning,24,23,21,68,C
STU00305,Operating Systems,37,24,29,90,A
STU00306,Big Data Analytics,39,16,30,85,A
STU00306,Computer Networks,33,27,26,86,A
STU00306,Database Management,31,20,29,80,B
STU00306,Machine Learning,25,24,23,72,B
STU00306,Operating Systems,31,26,21,78,B
STU00307,Big Data Analytics,20,30,24,74,B
STU00307,Computer Networks,26,30,21,77,B
STU00307,Database Management,37,17,26,80,B
STU00307,Machine Learning,20,26,30,76,B
STU00307,Operating Systems,30,23,30,83,B
STU00308,Big Data Analytics,38,15,21,74,B
STU00308,Computer Networks,25,17,22,64,C
STU00308,Database Management,30,21,29,80,B
STU00308,Machine Learning,20,30,25,75,B
STU00308,Operating Systems,20,22,20,62,C
STU00309,Big Data Analytics,35,21,29,85,A
STU00309,Computer Networks,40,27,25,92,A
STU00309,Database Management,27,25,23,75,B
STU00309,Machine Learning,40,25,20,85,A
STU00309,Operating Systems,26,16,30,72,B
STU00310,Big Data Analytics,33,26,22,81,B
STU00310,Computer Networks,29,28,25,82,B
STU00310,Database Management,36,19,21,76,B
STU00310,Machine Learning,20,19,23,62,C
STU00310,Operating Systems,24,17,26,67,C
STU00311,Big Data Analytics,24,26,23,73,B
STU00311,Computer Networks,33,17,24,74,B
STU00311,Database Management,37,28,29,94,A
STU00311,Machine Learning,23,28,26,77,B
STU00311,Operating Systems,21,15,23,59,C
STU00312,Big Data Analytics,32,22,26,80,B
STU00312,Computer Networks,34,29,28,91,A
STU00312,Database Management,30,26,29,85,A
STU00312,Machine Learning,36,26,28,90,A
STU00312,Operating Systems,27,25,24,76,B
STU00313,Big Data Analytics,32,17,21,70,B
STU00313,Computer Networks,33,17,24,74,B
STU00313,Database Management,37,26,24,87,A
STU00313,Machine Learning,34,30,28,92,A
STU00313,Operating Systems,21,22,25,68,C
STU00314,Big Data Analytics,40,26,23,89,A
STU00314,Computer Networks,27,25,27,79,B
STU00314,Database Management,20,16,26,62,C
STU00314,Machine Learning,26,24,30,80,B
STU00314,Operating Systems,34,15,27,76,B
STU00315,Big Data Analytics,39,18,29,86,A
STU00315,Computer Networks,24,21,29,74,B
STU00315,Database Management,22,27,28,77,B
STU00315,Machine Learning,21,23,24,68,C
STU00315,Operating Systems,33,15,28,76,B
STU00316,Big Data Analytics,35,19,26,80,B
STU00316,Computer Networks,31,15,28,74,B
STU00316,Database Management,28,28,30,86,A
STU00316,Machine Learning,27,22,22,71,B
STU00316,Operating Systems,40,17,23,80,B
STU00317,Big Data Analytics,30,23,24,77,B
STU00317,Computer Networks,21,24,22,67,C
STU00317,Database Management,30,20,22,72,B
STU00317,Machine Learning,25,18,30,73,B
STU00317,Operating Systems,22,19,24,65,C
STU00318,Big Data Analytics,28,29,21,78,B
STU00318,Computer Networks,22,30,23,75,B
STU00318,Database Management,23,25,24,72,B
STU00318,Machine Learning,29,21,29,79,B
STU00318,Operating Systems,26,29,20,75,B
STU00319,Big Data Analytics,27,20,25,72,B
STU00319,Computer Networks,28,24,30,82,B
STU00319,Database Management,37,15,27,79,B
STU00319,Machine Learning,29,16,28,73,B
STU00319,Operating Systems,24,27,27,78,B
STU00320,Big Data Analytics,33,18,27,78,B
STU00320,Computer Networks,22,17,27,66,C
STU00320,Database Management,38,27,30,95,A
STU00320,Machine Learning,31,28,20,79,B
STU00320,Operating Systems,23,25,23,71,B
STU00321,Big Data Analytics,26,27,22,75,B
STU00321,Computer Networks,38,24,20,82,B
STU00321,Database Management,40,25,25,90,A
STU00321,Machine Learning,22,18,23,63,C
STU00321,Operating Systems,21,20,20,61,C
STU00322,Big Data Analytics,24,20,21,65,C
STU00322,Computer Networks,26,22,21,69,C
STU00322,Database Management,34,21,27,82,B
STU00322,Machine Learning,31,20,29,80,B
STU00322,Operating Systems,36,25,29,90,A
STU00323,Big Data Analytics,23,29,30,82,B
STU00323,Computer Networks,23,21,26,70,B
STU00323,Database Management,25,26,23,74,B
STU00323,Machine Learning,30,21,24,75,B
STU00323,Operating Systems,39,27,21,87,A
STU00324,Big Data Analytics,35,22,28,85,A
STU00324,Computer Networks,30,23,25,78,B
STU00324,Database Management,24,25,25,74,B
STU00324,Machine Learning,38,18,22,78,B
STU00324,Operating Systems,40,29,23,92,A
STU00325,Big Data Analytics,33,15,28,76,B
STU00325,Computer Networks,34,23,29,86,A
STU00325,Database Management,21,15,26,62,C
STU00325,Machine Learning,25,20,29,74,B
STU00325,Operating Systems,22,26,21,69,C
STU00326,Big Data Analytics,35,15,23,73,B
STU00326,Computer Networks,37,29,26,92,A
STU00326,Database Management,25,24,20,69,C
STU00326,Machine Learning,29,20,27,76,B
STU00326,Operating Systems,24,17,20,61,C
STU00327,Big Data Analytics,30,21,25,76,B
STU00327,Computer Networks,33,17,28,78,B
STU00327,Database Management,23,27,24,74,B
STU00327,Machine Learning,26,16,24,66,C
STU00327,Operating Systems,26,19,24,69,C
STU00328,Big Data Analytics,30,28,30,88,A
STU00328,Computer Networks,36,30,25,91,A
STU00328,Database Management,29,28,24,81,B
STU00328,Machine Learning,39,17,27,83,B
STU00328,Operating Systems,39,27,24,90,A
STU00329,Big Data Analytics,34,21,20,75,B
STU00329,Computer Networks,28,26,22,76,B
STU00329,Database Management,37,27,22,86,A
STU00329,Machine Learning,36,24,24,84,B
STU00329,Operating Systems,40,22,23,85,A
STU00330,Big Data Analytics,37,30,27,94,A
STU00330,Computer Networks,24,29,27,80,B
STU00330,Database Management,34,16,28,78,B
STU00330,Machine Learning,20,24,30,74,B
STU00330,Operating Systems,40,18,28,86,A
STU00331,Big Data Analytics,39,28,22,89,A
STU00331,Computer Networks,22,28,30,80,B
STU00331,Database Management,35,18,23,76,B
STU00331,Machine Learning,24,16,27,67,C
STU00331,Operating Systems,22,24,20,66,C
STU00332,Big Data Analytics,39,15,27,81,B
STU00332,Computer Networks,32,22,24,78,B
STU00332,Database Management,30,26,28,84,B
STU00332,Machine Learning,40,20,21,81,B
STU00332,Operating Systems,39,19,27,85,A
STU00333,Big Data Analytics,40,17,26,83,B
STU00333,Computer Networks,30,22,23,75,B
STU00333,Database Management,33,20,30,83,B
STU00333,Machine Learning,27,17,22,66,C
STU00333,Operating Systems,28,22,20,70,B
STU00334,Big Data Analytics,21,27,21,69,C
STU00334,Computer Networks,28,28,29,85,A
STU00334,Database Management,28,20,23,71,B
STU00334,Machine Learning,40,22,29,91,A
STU00334,Operating Systems,23,23,23,69,C
STU00335,Big Data Analytics,32,26,20,78,B
STU00335,Computer Networks,31,17,27,75,B
STU00335,Database Management,36,23,22,81,B
STU00335,Machine Learning,40,22,27,89,A
STU00335,Operating Systems,38,15,27,80,B
STU00336,Big Data Analytics,21,20,29,70,B
STU00336,Computer Networks,38,22,23,83,B
STU00336,Database Management,28,15,25,68,C
STU00336,Machine Learning,35,15,26,76,B
STU00336,Operating Systems,31,23,28,82,B
STU00337,Big Data Analytics,27,21,20,68,C
STU00337,Computer Networks,35,24,28,87,A
STU00337,Database Management,39,28,20,87,A
STU00337,Machine Learning,38,16,20,74,B
STU00337,Operating Systems,20,29,20,69,C
STU00338,Big Data Analytics,26,30,24,80,B
STU00338,Computer Networks,23,21,25,69,C
STU00338,Database Management,23,24,29,76,B
STU00338,Machine Learning,22,28,30,80,B
STU00338,Operating Systems,35,18,26,79,B
STU00339,Big Data Analytics,21,21,22,64,C
STU00339,Computer Networks,25,25,23,73,B
STU00339,Database Management,35,20,30,85,A
STU00339,Machine Learning,32,16,27,75,B
STU00339,Operating Systems,34,18,22,74,B
STU00340,Big Data Analytics,23,27,28,78,B
STU00340,Computer Networks,27,29,30,86,A
STU00340,Database Management,22,22,24,68,C
STU00340,Machine Learning,38,22,24,84,B
STU00340,Operating Systems,39,19,24,82,B
STU00341,Big Data Analytics,34,25,20,79,B
STU00341,Computer Networks,36,18,25,79,B
STU00341,Database Management,20,19,26,65,C
STU00341,Machine Learning,27,25,26,78,B
STU00341,Operating Systems,33,23,23,79,B
STU00342,Big Data Analytics,40,26,30,96,A
STU00342,Computer Networks,39,28,22,89,A
STU00342,Database Management,22,18,20,60,C
STU00342,Machine Learning,30,15,27,72,B
STU00342,Operating Systems,36,27,20,83,B
STU00343,Big Data Analytics,23,26,23,72,B
STU00343,Computer Networks,21,24,22,67,C
STU00343,Database Management,37,23,23,83,B
STU00343,Machine Learning,21,17,28,66,C
STU00343,Operating Systems,37,26,27,90,A
STU00344,Big Data Analytics,20,27,27,74,B
STU00344,Computer Networks,26,17,26,69,C
STU00344,Database Management,40,27,25,92,A
STU00344,Machine Learning,25,26,22,73,B
STU00344,Operating Systems,33,16,28,77,B
STU00345,Big Data Analytics,38,28,26,92,A
STU00345,Computer Networks,32,22,25,79,B
STU00345,Database Management,40,23,22,85,A
STU00345,Machine Learning,32,20,28,80,B
STU00345,Operating Systems,22,22,28,72,B
STU00346,Big Data Analytics,22,30,25,77,B
STU00346,Computer Networks,35,17,20,72,B
STU00346,Database Management,20,27,28,75,B
STU00346,Machine Learning,35,29,27,91,A
STU00346,Operating Systems,37,17,23,77,B
STU00347,Big Data Analytics,38,25,20,83,B
STU00347,Computer Networks,34,17,25,76,B
STU00347,Database Management,35,27,29,91,A
STU00347,Machine Learning,35,26,25,86,A
STU00347,Operating Systems,38,25,30,93,A
STU00348,Big Data Analytics,21,21,26,68,C
STU00348,Computer Networks,26,30,29,85,A
STU00348,Database Management,25,16,26,67,C
STU00348,Machine Learning,27,26,25,78,B
STU00348,Operating Systems,27,17,27,71,B
STU00349,Big Data Analytics,38,23,22,83,B
STU00349,Computer Networks,21,29,24,74,B
STU00349,Database Management,29,27,25,81,B
STU00349,Machine Learning,23,23,28,74,B
STU00349,Operating Systems,38,28,20,86,A
STU00350,Big Data Analytics,24,28,22,74,B
STU00350,Computer Networks,40,18,27,85,A
STU00350,Database Management,30,29,28,87,A
STU00350,Machine Learning,20,30,29,79,B
STU00350,Operating Systems,36,30,26,92,A
STU00351,Big Data Analytics,34,19,27,80,B
STU00351,Computer Networks,26,26,22,74,B
STU00351,Database Management,31,23,22,76,B
STU00351,Machine Learning,37,18,28,83,B
STU00351,Operating Systems,28,17,27,72,B
STU00352,Big Data Analytics,40,22,26,88,A
STU00352,Computer Networks,32,25,24,81,B
STU00352,Database Management,31,19,25,75,B
STU00352,Machine Learning,29,24,21,74,B
STU00352,Operating Systems,31,24,29,84,B
STU00353,Big Data Analytics,26,28,21,75,B
STU00353,Computer Networks,26,25,28,79,B
STU00353,Database Management,25,17,27,69,C
STU00353,Machine Learning,23,24,24,71,B
STU00353,Operating Systems,30,26,21,77,B
STU00354,Big Data Analytics,21,24,22,67,C
STU00354,Computer Networks,23,30,21,74,B
STU00354,Database Management,38,19,21,78,B
STU00354,Machine Learning,36,18,26,80,B
STU00354,Operating Systems,32,25,22,79,B
STU00355,Big Data Analytics,26,27,30,83,B
STU00355,Computer Networks,34,15,23,72,B
STU00355,Database Management,38,23,23,84,B
STU00355,Machine Learning,36,18,28,82,B
STU00355,Operating Systems,40,25,26,91,A
STU00356,Big Data Analytics,27,30,20,77,B
STU00356,Computer Networks,34,19,25,78,B
STU00356,Database Management,34,16,20,70,B
STU00356,Machine Learning,33,19,21,73,B
STU00356,Operating Systems,31,19,21,71,B
STU00357,Big Data Analytics,26,20,24,70,B
STU00357,Computer Networks,39,30,27,96,A
STU00357,Database Management,33,29,22,84,B
STU00357,Machine Learning,31,19,26,76,B
STU00357,Operating Systems,23,15,27,65,C
STU00358,Big Data Analytics,30,20,23,73,B
STU00358,Computer Networks,25,27,24,76,B
STU00358,Database Management,38,26,20,84,B
STU00358,Machine Learning,20,25,26,71,B
STU00358,Operating Systems,37,24,25,86,A
STU00359,Big Data Analytics,31,23,21,75,B
STU00359,Computer Networks,23,29,26,78,B
STU00359,Database Management,29,16,27,72,B
STU00359,Machine Learning,28,23,28,79,B
STU00359,Operating Systems,31,27,20,78,B
STU00360,Big Data Analytics,31,21,26,78,B
STU00360,Computer Networks,34,16,30,80,B
STU00360,Database Management,33,16,29,78,B
STU00360,Machine Learning,31,25,25,81,B
STU00360,Operating Systems,39,16,30,85,A
STU00361,Big Data Analytics,28,30,26,84,B
STU00361,Computer Networks,22,29,23,74,B
STU00361,Database Management,40,21,20,81,B
STU00361,Machine Learning,37,20,27,84,B
STU00361,Operating Systems,39,18,24,81,B
STU00362,Big Data Analytics,23,27,25,75,B
STU00362,Computer Networks,23,28,22,73,B
STU00362,Database Management,29,21,26,76,B
STU00362,Machine Learning,38,30,28,96,A
STU00362,Operating Systems,26,24,27,77,B
STU00363,Big Data Analytics,33,21,24,78,B
STU00363,Computer Networks,23,24,29,76,B
STU00363,Database Management,24,25,23,72,B
STU00363,Machine Learning,33,27,28,88,A
STU00363,Operating Systems,37,20,20,77,B
STU00364,Big Data Analytics,23,27,21,71,B
STU00364,Computer Networks,21,26,25,72,B
STU00364,Database Management,35,19,21,75,B
STU00364,Machine Learning,22,25,29,76,B
STU00364,Operating Systems,32,22,20,74,B
STU00365,Big Data Analytics,36,30,26,92,A
STU00365,Computer Networks,23,30,29,82,B
STU00365,Database Management,38,29,27,94,A
STU00365,Machine Learning,28,17,28,73,B
STU00365,Operating Systems,27,28,27,82,B
STU00366,Big Data Analytics,22,26,30,78,B
STU00366,Computer Networks,36,26,24,86,A
STU00366,Database Management,20,25,26,71,B
STU00366,Machine Learning,38,18,30,86,A
STU00366,Operating Systems,38,20,25,83,B
STU00367,Big Data Analytics,33,16,29,78,B
STU00367,Computer Networks,21,25,21,67,C
STU00367,Database Management,24,28,20,72,B
STU00367,Machine Learning,29,25,23,77,B
STU00367,Operating Systems,29,19,28,76,B
STU00368,Big Data Analytics,30,26,26,82,B
STU00368,Computer Networks,22,30,26,78,B
STU00368,Database Management,40,22,29,91,A
STU00368,Machine Learning,22,27,23,72,B
STU00368,Operating Systems,34,20,24,78,B
STU00369,Big Data Analytics,32,24,26,82,B
STU00369,Computer Networks,20,24,26,70,B
STU00369,Database Management,40,30,24,94,A
STU00369,Machine Learning,32,17,20,69,C
STU00369,Operating Systems,22,24,27,73,B
STU00370,Big Data Analytics,30,17,20,67,C
STU00370,Computer Networks,36,25,23,84,B
STU00370,Database Management,30,27,30,87,A
STU00370,Machine Learning,37,28,21,86,A
STU00370,Operating Systems,24,30,22,76,B
STU00371,Big Data Analytics,34,23,22,79,B
STU00371,Computer Networks,37,30,23,90,A
STU00371,Database Management,28,16,21,65,C
STU00371,Machine Learning,30,21,23,74,B
STU00371,Operating Systems,33,25,20,78,B
STU00372,Big Data Analytics,31,18,26,75,B
STU00372,Computer Networks,35,21,25,81,B
STU00372,Database Management,31,26,23,80,B
STU00372,Machine Learning,31,28,22,81,B
STU00372,Operating Systems,35,17,25,77,B
STU00373,Big Data Analytics,23,25,20,68,C
STU00373,Computer Networks,34,20,23,77,B
STU00373,Database Management,21,24,29,74,B
STU00373,Machine Learning,29,28,26,83,B
STU00373,Operating Systems,32,21,24,77,B
STU00374,Big Data Analytics,26,22,22,70,B
STU00374,Computer Networks,35,22,22,79,B
STU00374,Database Management,35,26,26,87,A
STU00374,Machine Learning,29,15,29,73,B
STU00374,Operating Systems,20,22,24,66,C
STU00375,Big Data Analytics,26,25,26,77,B
STU00375,Computer Networks,33,16,29,78,B
STU00375,Database Management,38,21,26,85,A
STU00375,Machine Learning,22,18,25,65,C
STU00375,Operating Systems,39,17,27,83,B
STU00376,Big Data Analytics,26,16,23,65,C
STU00376,Computer Networks,36,23,30,89,A
STU00376,Database Management,23,17,28,68,C
STU00376,Machine Learning,31,23,21,75,B
STU00376,Operating Systems,20,16,24,60,C
STU00377,Big Data Analytics,38,26,28,92,A
STU00377,Computer Networks,32,26,29,87,A
STU00377,Database Management,22,20,30,72,B
STU00377,Machine Learning,25,20,21,66,C
STU00377,Operating Systems,30,19,30,79,B
STU00378,Big Data Analytics,31,16,24,71,B
STU00378,Computer Networks,20,20,23,63,C
STU00378,Database Management,37,27,30,94,A
STU00378,Machine Learning,36,17,25,78,B
STU00378,Operating Systems,22,19,27,68,C
STU00379,Big Data Analytics,36,27,30,93,A
STU00379,Computer Networks,23,27,21,71,B
STU00379,Database Management,23,30,30,83,B
STU00379,Machine Learning,39,15,27,81,B
STU00379,Operating Systems,32,30,21,83,B
STU00380,Big Data Analytics,28,15,24,67,C
STU00380,Computer Networks,35,17,26,78,B
STU00380,Database Management,34,17,27,78,B
STU00380,Machine Learning,31,19,29,79,B
STU00380,Operating Systems,24,19,27,70,B
STU00381,Big Data Analytics,35,27,20,82,B
STU00381,Computer Networks,23,29,22,74,B
STU00381,Database Management,22,26,30,78,B
STU00381,Machine Learning,36,22,29,87,A
STU00381,Operating Systems,22,26,21,69,C
STU00382,Big Data Analytics,39,28,30,97,A
STU00382,Computer Networks,21,28,21,70,B
STU00382,Database Management,27,30,21,78,B
STU00382,Machine Learning,39,15,20,74,B
STU00382,Operating Systems,34,27,26,87,A
STU00383,Big Data Analytics,20,21,27,68,C
STU00383,Computer Networks,26,30,30,86,A
STU00383,Database Management,30,19,20,69,C
STU00383,Machine Learning,35,19,26,80,B
STU00383,Operating Systems,28,27,21,76,B
STU00384,Big Data Analytics,24,16,26,66,C
STU00384,Computer Networks,38,30,30,98,A
STU00384,Database Management,32,25,28,85,A
STU00384,Machine Learning,32,29,29,90,A
STU00384,Operating Systems,37,23,25,85,A
STU00385,Big Data Analytics,27,27,22,76,B
STU00385,Computer Networks,24,27,30,81,B
STU00385,Database Management,32,28,27,87,A
STU00385,Machine Learning,32,19,23,74,B
STU00385,Operating Systems,34,26,28,88,A
STU00386,Big Data Analytics,36,15,27,78,B
STU00386,Computer Networks,30,15,26,71,B
STU00386,Database Management,28,18,21,67,C
STU00386,Machine Learning,26,20,30,76,B
STU00386,Operating Systems,36,28,29,93,A
STU00387,Big Data Analytics,38,16,30,84,B
STU00387,Computer Networks,21,15,26,62,C
STU00387,Database Management,34,18,22,74,B
STU00387,Machine Learning,25,16,23,64,C
STU00387,Operating Systems,25,27,27,79,B
STU00388,Big Data Analytics,26,26,30,82,B
STU00388,Computer Networks,36,16,27,79,B
STU00388,Database Management,26,23,20,69,C
STU00388,Machine Learning,24,27,22,73,B
STU00388,Operating Systems,39,20,23,82,B
STU00389,Big Data Analytics,33,28,26,87,A
STU00389,Computer Networks,23,22,23,68,C
STU00389,Database Management,36,27,20,83,B
STU00389,Machine Learning,27,18,27,72,B
STU00389,Operating Systems,30,30,29,89,A
STU00390,Big Data Analytics,29,21,26,76,B
STU00390,Computer Networks,37,17,30,84,B
STU00390,Database Management,32,24,26,82,B
STU00390,Machine Learning,40,21,23,84,B
STU00390,Operating Systems,20,25,29,74,B
STU00391,Big Data Analytics,22,18,23,63,C
STU00391,Computer Networks,38,27,22,87,A
STU00391,Database Management,30,30,28,88,A
STU00391,Machine Learning,21,18,25,64,C
STU00391,Operating Systems,36,27,25,88,A
STU00392,Big Data Analytics,32,29,25,86,A
STU00392,Computer Networks,40,21,26,87,A
STU00392,Database Management,29,15,28,72,B
STU00392,Machine Learning,27,16,28,71,B
STU00392,Operating Systems,23,28,21,72,B
STU00393,Big Data Analytics,34,19,21,74,B
STU00393,Computer Networks,24,26,29,79,B
STU00393,Database Management,21,26,23,70,B
STU00393,Machine Learning,21,30,29,80,B
STU00393,Operating Systems,22,16,23,61,C
STU00394,Big Data Analytics,27,30,29,86,A
STU00394,Computer Networks,26,20,22,68,C
STU00394,Database Management,35,20,27,82,B
STU00394,Machine Learning,28,20,25,73,B
STU00394,Operating Systems,30,15,30,75,B
STU00395,Big Data Analytics,30,19,21,70,B
STU00395,Computer Networks,31,21,24,76,B
STU00395,Database Management,28,20,21,69,C
STU00395,Machine Learning,25,28,25,78,B
STU00395,Operating Systems,40,16,27,83,B
STU00396,Big Data Analytics,31,22,29,82,B
STU00396,Computer Networks,34,30,24,88,A
STU00396,Database Management,31,30,21,82,B
STU00396,Machine Learning,40,20,26,86,A
STU00396,Operating Systems,30,15,24,69,C
STU00397,Big Data Analytics,33,30,27,90,A
STU00397,Computer Networks,20,24,27,71,B
STU00397,Database Management,25,19,25,69,C
STU00397,Machine Learning,32,22,23,77,B
STU00397,Operating Systems,28,18,29,75,B
STU00398,Big Data Analytics,37,28,23,88,A
STU00398,Computer Networks,28,17,29,74,B
STU00398,Database Management,29,17,22,68,C
STU00398,Machine Learning,22,24,24,70,B
STU00398,Operating Systems,38,26,25,89,A
STU00399,Big Data Analytics,40,24,20,84,B
STU00399,Computer Networks,20,26,22,68,C
STU00399,Database Management,32,28,23,83,B
STU00399,Machine Learning,25,15,27,67,C
STU00399,Operating Systems,30,29,26,85,A
STU00400,Big Data Analytics,21,29,21,71,B
STU00400,Computer Networks,39,17,26,82,B
STU00400,Database Management,38,20,30,88,A
STU00400,Machine Learning,33,21,24,78,B
STU00400,Operating Systems,22,18,23,63,C
STU00401,Big Data Analytics,29,22,26,77,B
STU00401,Computer Networks,35,21,21,77,B
STU00401,Database Management,28,19,29,76,B
STU00401,Machine Learning,30,24,29,83,B
STU00401,Operating Systems,24,28,20,72,B
STU00402,Big Data Analytics,36,20,25,81,B
STU00402,Computer Networks,24,20,23,67,C
STU00402,Database Management,30,28,28,86,A
STU00402,Machine Learning,20,27,30,77,B
STU00402,Operating Systems,38,28,22,88,A
STU00403,Big Data Analytics,28,23,29,80,B
STU00403,Computer Networks,33,19,21,73,B
STU00403,Database Management,35,28,28,91,A
STU00403,Machine Learning,22,25,29,76,B
STU00403,Operating Systems,37,20,24,81,B
STU00404,Big Data Analytics,25,16,25,66,C
STU00404,Computer Networks,29,17,20,66,C
STU00404,Database Management,23,23,27,73,B
STU00404,Machine Learning,28,30,25,83,B
STU00404,Operating Systems,21,16,30,67,C
STU00405,Big Data Analytics,39,28,27,94,A
STU00405,Computer Networks,31,30,22,83,B
STU00405,Database Management,26,16,22,64,C
STU00405,Machine Learning,31,29,30,90,A
STU00405,Operating Systems,28,26,25,79,B
STU00406,Big Data Analytics,28,24,20,72,B
STU00406,Computer Networks,36,15,23,74,B
STU00406,Database Management,39,18,22,79,B
STU00406,Machine Learning,22,27,26,75,B
STU00406,Operating Systems,28,19,29,76,B
STU00407,Big Data Analytics,26,21,21,68,C
STU00407,Computer Networks,24,21,25,70,B
STU00407,Database Management,21,16,29,66,C
STU00407,Machine Learning,29,17,25,71,B
STU00407,Operating Systems,38,26,20,84,B
STU00408,Big Data Analytics,31,28,23,82,B
STU00408,Computer Networks,32,20,22,74,B
STU00408,Database Management,23,18,20,61,C
STU00408,Machine Learning,20,26,28,74,B
STU00408,Operating Systems,37,28,25,90,A
STU00409,Big Data Analytics,38,24,20,82,B
STU00409,Computer Networks,29,30,23,82,B
STU00409,Database Management,25,20,21,66,C
STU00409,Machine Learning,36,30,23,89,A
STU00409,Operating Systems,27,25,30,82,B
STU00410,Big Data Analytics,37,28,29,94,A
STU00410,Computer Networks,37,16,23,76,B
STU00410,Database Management,31,21,20,72,B
STU00410,Machine Learning,30,24,20,74,B
STU00410,Operating Systems,22,20,30,72,B
STU00411,Big Data Analytics,30,21,20,71,B
STU00411,Computer Networks,40,15,24,79,B
STU00411,Database Management,37,15,23,75,B
STU00411,Machine Learning,20,30,23,73,B
STU00411,Operating Systems,30,23,28,81,B
STU00412,Big Data Analytics,35,20,24,79,B
STU00412,Computer Networks,24,21,27,72,B
STU00412,Database Management,31,17,25,73,B
STU00412,Machine Learning,33,26,25,84,B
STU00412,Operating Systems,28,19,22,69,C
STU00413,Big Data Analytics,30,15,24,69,C
STU00413,Computer Networks,24,25,22,71,B
STU00413,Database Management,30,27,29,86,A
STU00413,Machine Learning,34,16,24,74,B
STU00413,Operating Systems,22,18,23,63,C
STU00414,Big Data Analytics,26,21,29,76,B
STU00414,Computer Networks,20,20,26,66,C
STU00414,Database Management,22,21,20,63,C
STU00414,Machine Learning,39,25,26,90,A
STU00414,Operating Systems,33,22,22,77,B
STU00415,Big Data Analytics,21,21,20,62,C
STU00415,Computer Networks,29,19,22,70,B
STU00415,Database Management,27,20,26,73,B
STU00415,Machine Learning,23,17,26,66,C
STU00415,Operating Systems,24,28,29,81,B
STU00416,Big Data Analytics,27,28,28,83,B
STU00416,Computer Networks,29,25,28,82,B
STU00416,Database Management,34,25,27,86,A
STU00416,Machine Learning,26,17,22,65,C
STU00416,Operating Systems,36,30,30,96,A
STU00417,Big Data Analytics,38,19,23,80,B
STU00417,Computer Networks,32,17,20,69,C
STU00417,Database Management,37,29,26,92,A
STU00417,Machine Learning,24,30,25,79,B
STU00417,Operating Systems,22,21,23,66,C
STU00418,Big Data Analytics,39,22,21,82,B
STU00418,Computer Networks,28,25,30,83,B
STU00418,Database Management,32,28,27,87,A
STU00418,Machine Learning,27,25,23,75,B
STU00418,Operating Systems,34,28,20,82,B
STU00419,Big Data Analytics,26,15,26,67,C
STU00419,Computer Networks,21,25,20,66,C
STU00419,Database Management,39,18,20,77,B
STU00419,Machine Learning,40,29,26,95,A
STU00419,Operating Systems,22,20,21,63,C
STU00420,Big Data Analytics,26,17,28,71,B
STU00420,Computer Networks,24,22,28,74,B
STU00420,Database Management,32,23,20,75,B
STU00420,Machine Learning,37,23,28,88,A
STU00420,Operating Systems,24,20,29,73,B
STU00421,Big Data Analytics,23,18,21,62,C
STU00421,Computer Networks,26,22,30,78,B
STU00421,Database Management,33,23,23,79,B
STU00421,Machine Learning,24,26,20,70,B
STU00421,Operating Systems,24,18,29,71,B
STU00422,Big Data Analytics,22,24,26,72,B
STU00422,Computer Networks,40,21,30,91,A
STU00422,Database Management,32,24,20,76,B
STU00422,Machine Learning,35,15,22,72,B
STU00422,Operating Systems,34,16,29,79,B
STU00423,Big Data Analytics,36,24,29,89,A
STU00423,Computer Networks,29,16,24,69,C
STU00423,Database Management,21,27,29,77,B
STU00423,Machine Learning,32,22,20,74,B
STU00423,Operating Systems,23,26,29,78,B
STU00424,Big Data Analytics,25,27,25,77,B
STU00424,Computer Networks,24,25,29,78,B
STU00424,Database Management,36,27,29,92,A
STU00424,Machine Learning,23,23,20,66,C
STU00424,Operating Systems,35,28,25,88,A
STU00425,Big Data Analytics,20,21,21,62,C
STU00425,Computer Networks,36,22,29,87,A
STU00425,Database Management,27,26,24,77,B
STU00425,Machine Learning,37,17,28,82,B
STU00425,Operating Systems,32,16,22,70,B
STU00426,Big Data Analytics,39,25,29,93,A
STU00426,Computer Networks,38,19,23,80,B
STU00426,Database Management,34,27,20,81,B
STU00426,Machine Learning,28,22,29,79,B
STU00426,Operating Systems,22,25,29,76,B
STU00427,Big Data Analytics,20,15,27,62,C
STU00427,Computer Networks,31,17,20,68,C
STU00427,Database Management,26,19,29,74,B
STU00427,Machine Learning,34,18,25,77,B
STU00427,Operating Systems,35,30,24,89,A
STU00428,Big Data Analytics,22,25,23,70,B
STU00428,Computer Networks,33,19,30,82,B
STU00428,Database Management,22,20,21,63,C
STU00428,Machine Learning,39,27,28,94,A
STU00428,Operating Systems,37,28,20,85,A
STU00429,Big Data Analytics,22,29,25,76,B
STU00429,Computer Networks,27,24,27,78,B
STU00429,Database Management,22,29,29,80,B
STU00429,Machine Learning,40,20,22,82,B
STU00429,Operating Systems,33,23,20,76,B
STU00430,Big Data Analytics,25,28,21,74,B
STU00430,Computer Networks,28,28,25,81,B
STU00430,Database Management,36,15,22,73,B
STU00430,Machine Learning,28,15,23,66,C
STU00430,Operating Systems,40,15,30,85,A
STU00431,Big Data Analytics,35,20,25,80,B
STU00431,Computer Networks,35,25,26,86,A
STU00431,Database Management,30,27,21,78,B
STU00431,Machine Learning,39,15,20,74,B
STU00431,Operating Systems,22,22,28,72,B
STU00432,Big Data Analytics,40,26,21,87,A
STU00432,Computer Networks,35,25,22,82,B
STU00432,Database Management,25,20,20,65,C
STU00432,Machine Learning,27,25,25,77,B
STU00432,Operating Systems,35,18,21,74,B
STU00433,Big Data Analytics,39,22,30,91,A
STU00433,Computer Networks,30,23,26,79,B
STU00433,Database Management,29,18,21,68,C
STU00433,Machine Learning,38,27,22,87,A
STU00433,Operating Systems,26,27,29,82,B
STU00434,Big Data Analytics,33,16,28,77,B
STU00434,Computer Networks,23,25,29,77,B
STU00434,Database Management,35,27,26,88,A
STU00434,Machine Learning,24,23,29,76,B
STU00434,Operating Systems,37,20,28,85,A
STU00435,Big Data Analytics,23,29,28,80,B
STU00435,Computer Networks,20,19,24,63,C
STU00435,Database Management,21,27,28,76,B
STU00435,Machine Learning,24,23,26,73,B
STU00435,Operating Systems,33,23,24,80,B
STU00436,Big Data Analytics,22,19,23,64,C
STU00436,Computer Networks,26,27,25,78,B
STU00436,Database Management,28,17,22,67,C
STU00436,Machine Learning,32,22,23,77,B
STU00436,Operating Systems,35,27,20,82,B
STU00437,Big Data Analytics,29,15,28,72,B
STU00437,Computer Networks,39,29,29,97,A
STU00437,Database Management,21,25,24,70,B
STU00437,Machine Learning,40,27,27,94,A
STU00437,Operating Systems,33,23,25,81,B
STU00438,Big Data Analytics,39,24,23,86,A
STU00438,Computer Networks,37,24,30,91,A
STU00438,Database Management,35,24,22,81,B
STU00438,Machine Learning,33,24,28,85,A
STU00438,Operating Systems,34,23,26,83,B
STU00439,Big Data Analytics,32,23,26,81,B
STU00439,Computer Networks,24,30,30,84,B
STU00439,Database Management,39,21,24,84,B
STU00439,Machine Learning,37,27,25,89,A
STU00439,Operating Systems,20,18,25,63,C
STU00440,Big Data Analytics,35,17,27,79,B
STU00440,Computer Networks,32,27,23,82,B
STU00440,Database Management,29,18,20,67,C
STU00440,Machine Learning,37,25,25,87,A
STU00440,Operating Systems,22,27,21,70,B
STU00441,Big Data Analytics,28,18,21,67,C
STU00441,Computer Networks,22,16,23,61,C
STU00441,Database Management,29,19,22,70,B
STU00441,Machine Learning,23,23,26,72,B
STU00441,Operating Systems,36,15,27,78,B
STU00442,Big Data Analytics,34,25,20,79,B
STU00442,Computer Networks,40,29,23,92,A
STU00442,Database Management,38,19,24,81,B
STU00442,Machine Learning,37,21,29,87,A
STU00442,Operating Systems,33,20,23,76,B
STU00443,Big Data Analytics,33,16,25,74,B
STU00443,Computer Networks,21,26,23,70,B
STU00443,Database Management,22,21,28,71,B
STU00443,Machine Learning,30,17,22,69,C
STU00443,Operating Systems,23,17,27,67,C
STU00444,Big Data Analytics,25,30,27,82,B
STU00444,Computer Networks,39,23,21,83,B
STU00444,Database Management,33,25,20,78,B
STU00444,Machine Learning,37,15,29,81,B
STU00444,Operating Systems,29,25,20,74,B
STU00445,Big Data Analytics,20,28,22,70,B
STU00445,Computer Networks,26,16,24,66,C
STU00445,Database Management,22,30,26,78,B
STU00445,Machine Learning,22,15,30,67,C
STU00445,Operating Systems,34,24,30,88,A
STU00446,Big Data Analytics,37,28,26,91,A
STU00446,Computer Networks,20,15,29,64,C
STU00446,Database Management,20,27,30,77,B
STU00446,Machine Learning,21,16,27,64,C
STU00446,Operating Systems,28,28,21,77,B
STU00447,Big Data Analytics,30,17,28,75,B
STU00447,Computer Networks,20,19,30,69,C
STU00447,Database Management,26,27,27,80,B
STU00447,Machine Learning,29,15,23,67,C
STU00447,Operating Systems,20,18,27,65,C
STU00448,Big Data Analytics,39,17,30,86,A
STU00448,Computer Networks,31,29,29,89,A
STU00448,Database Management,31,25,23,79,B
STU00448,Machine Learning,38,23,30,91,A
STU00448,Operating Systems,34,19,20,73,B
STU00449,Big Data Analytics,34,22,25,81,B
STU00449,Computer Networks,37,24,29,90,A
STU00449,Database Management,33,22,24,79,B
STU00449,Machine Learning,36,29,21,86,A
STU00449,Operating Systems,34,29,20,83,B
STU00450,Big Data Analytics,33,22,24,79,B
STU00450,Computer Networks,31,23,24,78,B
STU00450,Database Management,23,15,26,64,C
STU00450,Machine Learning,21,22,21,64,C
STU00450,Operating Systems,25,22,28,75,B
STU00451,Big Data Analytics,31,20,29,80,B
STU00451,Computer Networks,32,18,25,75,B
STU00451,Database Management,28,21,23,72,B
STU00451,Machine Learning,34,17,29,80,B
STU00451,Operating Systems,40,27,23,90,A
STU00452,Big Data Analytics,33,21,30,84,B
STU00452,Computer Networks,24,28,21,73,B
STU00452,Database Management,40,29,21,90,A
STU00452,Machine Learning,35,15,26,76,B
STU00452,Operating Systems,32,22,22,76,B
STU00453,Big Data Analytics,22,19,28,69,C
STU00453,Computer Networks,31,15,20,66,C
STU00453,Database Management,29,28,23,80,B
STU00453,Machine Learning,23,25,21,69,C
STU00453,Operating Systems,30,24,28,82,B
STU00454,Big Data Analytics,40,20,21,81,B
STU00454,Computer Networks,23,16,27,66,C
STU00454,Database Management,39,27,22,88,A
STU00454,Machine Learning,34,20,29,83,B
STU00454,Operating Systems,32,16,29,77,B
STU00455,Big Data Analytics,24,19,20,63,C
STU00455,Computer Networks,32,24,25,81,B
STU00455,Database Management,33,16,29,78,B
STU00455,Machine Learning,35,28,21,84,B
STU00455,Operating Systems,37,20,27,84,B
STU00456,Big Data Analytics,27,15,21,63,C
STU00456,Computer Networks,30,27,27,84,B
STU00456,Database Management,27,23,28,78,B
STU00456,Machine Learning,29,22,22,73,B
STU00456,Operating Systems,39,24,20,83,B
STU00457,Big Data Analytics,27,25,26,78,B
STU00457,Computer Networks,25,25,24,74,B
STU00457,Database Management,25,22,24,71,B
STU00457,Machine Learning,33,23,21,77,B
STU00457,Operating Systems,22,29,22,73,B
STU00458,Big Data Analytics,36,27,23,86,A
STU00458,Computer Networks,33,26,22,81,B
STU00458,Database Management,22,22,30,74,B
STU00458,Machine Learning,36,29,29,94,A
STU00458,Operating Systems,37,30,28,95,A
STU00459,Big Data Analytics,26,20,22,68,C
STU00459,Computer Networks,36,28,21,85,A
STU00459,Database Management,25,29,29,83,B
STU00459,Machine Learning,28,27,28,83,B
STU00459,Operating Systems,33,22,24,79,B
STU00460,Big Data Analytics,30,18,26,74,B
STU00460,Computer Networks,32,23,24,79,B
STU00460,Database Management,30,30,29,89,A
STU00460,Machine Learning,29,26,29,84,B
STU00460,Operating Systems,39,28,29,96,A
STU00461,Big Data Analytics,22,29,20,71,B
STU00461,Computer Networks,22,22,28,72,B
STU00461,Database Management,29,24,20,73,B
STU00461,Machine Learning,39,25,21,85,A
STU00461,Operating Systems,36,29,27,92,A
STU00462,Big Data Analytics,39,21,22,82,B
STU00462,Computer Networks,22,29,27,78,B
STU00462,Database Management,29,19,24,72,B
STU00462,Machine Learning,20,16,24,60,C
STU00462,Operating Systems,40,27,30,97,A
STU00463,Big Data Analytics,39,24,23,86,A
STU00463,Computer Networks,25,18,26,69,C
STU00463,Database Management,21,24,30,75,B
STU00463,Machine Learning,21,17,25,63,C
STU00463,Operating Systems,29,27,23,79,B
STU00464,Big Data Analytics,23,27,29,79,B
STU00464,Computer Networks,39,26,25,90,A
STU00464,Database Management,32,26,20,78,B
STU00464,Machine Learning,30,16,22,68,C
STU00464,Operating Systems,32,30,21,83,B
STU00465,Big Data Analytics,37,20,25,82,B
STU00465,Computer Networks,36,26,22,84,B
STU00465,Database Management,25,28,20,73,B
STU00465,Machine Learning,20,17,27,64,C
STU00465,Operating Systems,36,15,25,76,B
STU00466,Big Data Analytics,36,16,25,77,B
STU00466,Computer Networks,35,30,28,93,A
STU00466,Database Management,26,18,22,66,C
STU00466,Machine Learning,23,28,30,81,B
STU00466,Operating Systems,20,29,22,71,B
STU00467,Big Data Analytics,37,24,24,85,A
STU00467,Computer Networks,40,28,23,91,A
STU00467,Database Management,26,16,27,69,C
STU00467,Machine Learning,31,19,29,79,B
STU00467,Operating Systems,20,25,24,69,C
STU00468,Big Data Analytics,34,27,22,83,B
STU00468,Computer Networks,28,28,28,84,B
STU00468,Database Management,40,21,20,81,B
STU00468,Machine Learning,37,17,29,83,B
STU00468,Operating Systems,26,21,29,76,B
STU00469,Big Data Analytics,38,29,26,93,A
STU00469,Computer Networks,23,21,21,65,C
STU00469,Database Management,26,22,29,77,B
STU00469,Machine Learning,35,27,30,92,A
STU00469,Operating Systems,33,30,26,89,A
STU00470,Big Data Analytics,31,19,21,71,B
STU00470,Computer Networks,23,27,21,71,B
STU00470,Database Management,39,28,30,97,A
STU00470,Machine Learning,27,24,27,78,B
STU00470,Operating Systems,21,26,25,72,B
STU00471,Big Data Analytics,21,18,26,65,C
STU00471,Computer Networks,40,30,25,95,A
STU00471,Database Management,38,16,28,82,B
STU00471,Machine Learning,40,23,27,90,A
STU00471,Operating Systems,33,16,25,74,B
STU00472,Big Data Analytics,22,16,29,67,C
STU00472,Computer Networks,25,21,29,75,B
STU00472,Database Management,32,24,22,78,B
STU00472,Machine Learning,40,19,20,79,B
STU00472,Operating Systems,39,19,29,87,A
STU00473,Big Data Analytics,30,15,21,66,C
STU00473,Computer Networks,24,28,23,75,B
STU00473,Database Management,29,22,25,76,B
STU00473,Machine Learning,29,25,20,74,B
STU00473,Operating Systems,24,26,21,71,B
STU00474,Big Data Analytics,26,23,24,73,B
STU00474,Computer Networks,22,29,20,71,B
STU00474,Database Management,34,22,30,86,A
STU00474,Machine Learning,31,30,25,86,A
STU00474,Operating Systems,30,21,25,76,B
STU00475,Big Data Analytics,28,29,30,87,A
STU00475,Computer Networks,37,21,22,80,B
STU00475,Database Management,23,29,25,77,B
STU00475,Machine Learning,24,17,21,62,C
STU00475,Operating Systems,33,29,25,87,A
STU00476,Big Data Analytics,24,30,29,83,B
STU00476,Computer Networks,36,22,24,82,B
STU00476,Database Management,37,30,25,92,A
STU00476,Machine Learning,31,27,29,87,A
STU00476,Operating Systems,36,28,27,91,A
STU00477,Big Data Analytics,31,23,22,76,B
STU00477,Computer Networks,35,30,24,89,A
STU00477,Database Management,25,27,27,79,B
STU00477,Machine Learning,29,29,30,88,A
STU00477,Operating Systems,38,17,24,79,B
STU00478,Big Data Analytics,32,28,21,81,B
STU00478,Computer Networks,37,25,27,89,A
STU00478,Database Management,27,30,26,83,B
STU00478,Machine Learning,36,27,25,88,A
STU00478,Operating Systems,35,29,27,91,A
STU00479,Big Data Analytics,21,21,20,62,C
STU00479,Computer Networks,25,30,23,78,B
STU00479,Database Management,28,21,24,73,B
STU00479,Machine Learning,31,15,29,75,B
STU00479,Operating Systems,27,22,28,77,B
STU00480,Big Data Analytics,36,17,26,79,B
STU00480,Computer Networks,26,25,23,74,B
STU00480,Database Management,36,25,24,85,A
STU00480,Machine Learning,27,16,24,67,C
STU00480,Operating Systems,30,27,20,77,B
STU00481,Big Data Analytics,36,18,25,79,B
STU00481,Computer Networks,28,28,21,77,B
STU00481,Database Management,21,23,29,73,B
STU00481,Machine Learning,39,21,27,87,A
STU00481,Operating Systems,25,17,20,62,C
STU00482,Big Data Analytics,35,24,21,80,B
STU00482,Computer Networks,39,26,26,91,A
STU00482,Database Management,33,18,30,81,B
STU00482,Machine Learning,37,19,28,84,B
STU00482,Operating Systems,40,15,22,77,B
STU00483,Big Data Analytics,35,30,30,95,A
STU00483,Computer Networks,23,24,27,74,B
STU00483,Database Management,38,30,20,88,A
STU00483,Machine Learning,29,19,29,77,B
STU00483,Operating Systems,20,15,29,64,C
STU00484,Big Data Analytics,39,25,23,87,A
STU00484,Computer Networks,21,23,28,72,B
STU00484,Database Management,21,21,22,64,C
STU00484,Machine Learning,22,28,30,80,B
STU00484,Operating Systems,25,17,30,72,B
STU00485,Big Data Analytics,32,28,20,80,B
STU00485,Computer Networks,39,18,29,86,A
STU00485,Database Management,34,18,26,78,B
STU00485,Machine Learning,21,28,26,75,B
STU00485,Operating Systems,35,26,26,87,A
STU00486,Big Data Analytics,31,19,21,71,B
STU00486,Computer Networks,31,17,23,71,B
STU00486,Database Management,38,19,28,85,A
STU00486,Machine Learning,33,26,22,81,B
STU00486,Operating Systems,20,16,24,60,C
STU00487,Big Data Analytics,37,15,27,79,B
STU00487,Computer Networks,36,26,29,91,A
STU00487,Database Management,35,24,23,82,B
STU00487,Machine Learning,21,27,28,76,B
STU00487,Operating Systems,20,28,25,73,B
STU00488,Big Data Analytics,34,19,22,75,B
STU00488,Computer Networks,31,21,26,78,B
STU00488,Database Management,22,28,20,70,B
STU00488,Machine Learning,36,24,24,84,B
STU00488,Operating Systems,35,21,25,81,B
STU00489,Big Data Analytics,34,18,28,80,B
STU00489,Computer Networks,20,18,24,62,C
STU00489,Database Management,22,25,20,67,C
STU00489,Machine Learning,31,26,22,79,B
STU00489,Operating Systems,22,28,27,77,B
STU00490,Big Data Analytics,32,25,25,82,B
STU00490,Computer Networks,32,17,28,77,B
STU00490,Database Management,24,27,26,77,B
STU00490,Machine Learning,24,21,30,75,B
STU00490,Operating Systems,21,20,24,65,C
STU00491,Big Data Analytics,38,19,27,84,B
STU00491,Computer Networks,34,18,27,79,B
STU00491,Database Management,27,16,26,69,C
STU00491,Machine Learning,36,24,22,82,B
STU00491,Operating Systems,39,19,29,87,A
STU00492,Big Data Analytics,21,27,30,78,B
STU00492,Computer Networks,23,22,23,68,C
STU00492,Database Management,39,20,25,84,B
STU00492,Machine Learning,29,17,27,73,B
STU00492,Operating Systems,29,29,21,79,B
STU00493,Big Data Analytics,35,30,28,93,A
STU00493,Computer Networks,27,24,26,77,B
STU00493,Database Management,22,29,25,76,B
STU00493,Machine Learning,29,16,23,68,C
STU00493,Operating Systems,33,30,25,88,A
STU00494,Big Data Analytics,35,16,25,76,B
STU00494,Computer Networks,38,27,20,85,A
STU00494,Database Management,22,28,21,71,B
STU00494,Machine Learning,21,17,22,60,C
STU00494,Operating Systems,25,17,27,69,C
STU00495,Big Data Analytics,27,22,27,76,B
STU00495,Computer Networks,26,17,23,66,C
STU00495,Database Management,39,18,28,85,A
STU00495,Machine Learning,23,25,23,71,B
STU00495,Operating Systems,34,25,29,88,A
STU00496,Big Data Analytics,35,18,23,76,B
STU00496,Computer Networks,37,18,21,76,B
STU00496,Database Management,24,23,23,70,B
STU00496,Machine Learning,30,23,22,75,B
STU00496,Operating Systems,26,18,21,65,C
STU00497,Big Data Analytics,20,27,29,76,B
STU00497,Computer Networks,31,30,28,89,A
STU00497,Database Management,37,24,27,88,A
STU00497,Machine Learning,28,22,28,78,B
STU00497,Operating Systems,28,23,23,74,B
STU00498,Big Data Analytics,39,26,25,90,A
STU00498,Computer Networks,40,29,24,93,A
STU00498,Database Management,29,18,29,76,B
STU00498,Machine Learning,37,28,21,86,A
STU00498,Operating Systems,34,15,28,77,B
STU00499,Big Data Analytics,28,15,29,72,B
STU00499,Computer Networks,32,26,29,87,A
STU00499,Database Management,22,16,29,67,C
STU00499,Machine Learning,39,26,23,88,A
STU00499,Operating Systems,36,28,26,90,A
STU00500,Big Data Analytics,32,21,20,73,B
STU00500,Computer Networks,36,26,27,89,A
STU00500,Database Management,31,20,29,80,B
STU00500,Machine Learning,23,29,20,72,B
STU00500,Operating Systems,40,30,25,95,A
