record_id,student_id,study_date,study_hours,sleep_hours,library_hours,self_study_hours,distraction_hours,practice_questions,study_consistency
SB000001,STU00001,2026-02-11,5.61,6.45,1.49,2.38,1.18,12,2
SB000002,STU00001,2026-05-23,7.75,6.68,0.66,1.28,3.13,12,4
SB000003,STU00001,2026-03-31,6.24,4.7,1.73,1.14,3.47,28,3
SB000004,STU00001,2026-05-28,7.2,6.46,3.49,5.87,0.34,17,6
SB000005,STU00001,2026-04-11,1.06,5.06,4.18,4.77,2.0,21,9
SB000006,STU00001,2026-04-19,3.97,5.71,0.31,3.97,0.25,42,10
SB000007,STU00001,2026-03-23,0.86,7.18,3.1,0.57,0.42,25,5
SB000008,STU00001,2026-03-18,1.46,5.46,3.35,2.23,3.31,17,5
SB000009,STU00001,2026-05-01,0.52,6.27,3.33,3.24,0.22,0,7
SB000010,STU00001,2026-06-03,6.85,8.69,4.9,2.55,2.52,28,8
SB000011,STU00002,2026-03-20,1.17,6.0,0.42,5.27,0.83,15,8
SB000012,STU00002,2026-05-10,1.08,8.75,3.35,1.23,1.92,10,2
SB000013,STU00002,2026-06-03,7.39,7.09,3.66,5.61,3.75,23,1
SB000014,STU00002,2026-03-31,0.93,5.12,3.6,2.9,1.94,4,2
SB000015,STU00002,2026-06-18,7.49,8.7,2.04,2.14,2.6,15,8
SB000016,STU00002,2026-02-27,7.82,8.12,0.37,3.67,1.32,48,7
SB000017,STU00002,2026-03-14,6.59,4.82,2.48,1.34,1.2,19,4
SB000018,STU00002,2026-04-15,1.46,6.05,3.66,5.95,2.22,4,6
SB000019,STU00002,2026-04-20,5.63,7.81,1.24,2.56,1.18,49,8
SB000020,STU00002,2026-06-18,4.06,8.19,2.15,3.67,3.89,33,7
SB000021,STU00003,2026-03-05,6.58,6.75,1.57,3.12,1.62,39,4
SB000022,STU00003,2026-06-01,4.52,6.26,4.69,2.9,3.95,11,9
SB000023,STU00003,2026-02-28,0.65,6.25,1.67,4.35,4.87,48,1
SB000024,STU00003,2026-06-24,2.74,8.43,2.58,4.56,4.11,32,2
SB000025,STU00003,2026-02-18,5.07,6.17,4.91,4.82,2.39,9,2
SB000026,STU00003,2026-04-18,1.37,8.95,2.25,2.18,2.88,0,7
SB000027,STU00003,2026-03-05,7.97,6.11,0.21,1.84,0.98,43,3
SB000028,STU00003,2026-01-12,2.1,7.64,4.94,0.64,2.54,21,4
SB000029,STU00003,2026-01-05,1.54,8.51,1.31,3.72,0.14,49,1
SB000030,STU00003,2026-03-17,4.1,5.47,0.63,2.47,4.43,17,8
SB000031,STU00004,2026-02-17,3.82,4.61,1.35,5.85,1.66,20,7
SB000032,STU00004,2026-03-11,4.53,6.79,3.09,2.48,4.65,40,3
SB000033,STU00004,2026-01-28,4.57,5.89,0.33,2.77,3.44,29,5
SB000034,STU00004,2026-03-02,7.18,4.52,1.19,5.58,1.25,24,1
SB000035,STU00004,2026-02-07,1.34,8.53,1.93,1.31,0.31,38,5
SB000036,STU00004,2026-01-03,2.75,5.62,3.22,5.24,0.63,19,9
SB000037,STU00004,2026-04-25,2.17,7.77,2.1,5.05,0.49,31,1
SB000038,STU00004,2026-02-09,1.35,8.59,0.97,5.76,0.56,24,3
SB000039,STU00004,2026-06-29,4.46,7.74,0.95,5.11,3.04,13,8
SB000040,STU00004,2026-03-06,2.45,5.79,3.72,4.54,2.13,47,6
SB000041,STU00005,2026-03-12,4.57,6.75,0.15,5.07,4.42,37,3
SB000042,STU00005,2026-05-31,4.89,6.47,2.22,1.73,1.42,19,5
SB000043,STU00005,2026-04-26,1.93,5.36,1.64,1.62,3.54,24,3
SB000044,STU00005,2026-03-15,5.8,6.45,2.55,3.9,3.59,23,3
SB000045,STU00005,2026-03-30,4.24,6.78,1.98,4.1,4.0,37,6
SB000046,STU00005,2026-05-13,3.72,6.5,3.36,4.85,3.06,28,3
SB000047,STU00005,2026-01-31,2.62,6.56,4.28,2.39,0.16,37,5
SB000048,STU00005,2026-05-14,1.32,7.48,4.28,5.73,4.01,8,7
SB000049,STU00005,2026-01-04,3.88,7.06,0.29,5.4,0.41,15,3
SB000050,STU00005,2026-02-21,3.92,8.53,3.45,0.52,1.9,43,7
SB000051,STU00006,2026-03-09,5.61,7.11,0.67,1.86,1.51,0,10
SB000052,STU00006,2026-04-02,3.13,7.51,3.72,0.95,0.39,15,1
SB000053,STU00006,2026-05-04,1.76,6.84,3.69,5.63,2.03,29,7
SB000054,STU00006,2026-05-26,6.03,8.52,3.31,2.59,1.61,1,3
SB000055,STU00006,2026-04-12,5.27,5.03,2.82,3.17,0.62,25,2
SB000056,STU00006,2026-05-26,7.7,5.72,1.81,3.71,4.48,42,3
SB000057,STU00006,2026-03-06,4.43,5.65,3.88,1.83,3.09,15,4
SB000058,STU00006,2026-01-26,2.76,6.98,0.38,4.65,4.25,7,9
SB000059,STU00006,2026-01-16,1.1,6.9,1.44,3.07,0.04,27,2
SB000060,STU00006,2026-03-26,5.74,4.93,1.31,4.67,3.87,38,10
SB000061,STU00007,2026-03-05,3.11,6.47,4.83,3.58,3.28,45,9
SB000062,STU00007,2026-05-19,2.42,7.39,3.71,5.09,3.78,39,2
SB000063,STU00007,2026-05-02,4.81,8.89,3.73,4.32,2.35,41,5
SB000064,STU00007,2026-03-27,0.68,7.21,0.62,2.77,1.86,41,1
SB000065,STU00007,2026-03-17,7.56,4.81,1.92,4.92,3.68,37,8
SB000066,STU00007,2026-01-15,2.6,7.33,1.44,2.73,3.1,47,10
SB000067,STU00007,2026-04-20,6.75,6.49,1.85,5.46,2.2,5,4
SB000068,STU00007,2026-01-08,2.64,8.64,4.92,4.57,3.07,37,1
SB000069,STU00007,2026-01-15,6.66,5.8,0.79,4.54,3.31,29,4
SB000070,STU00007,2026-04-08,3.66,8.55,0.29,2.51,4.94,15,10
SB000071,STU00008,2026-01-07,6.4,7.54,0.78,5.49,3.82,6,3
SB000072,STU00008,2026-05-05,2.7,4.79,0.6,3.12,4.96,7,7
SB000073,STU00008,2026-02-06,0.65,7.57,3.89,5.96,4.3,3,10
SB000074,STU00008,2026-04-14,7.48,8.08,0.35,5.35,3.11,13,9
SB000075,STU00008,2026-04-25,5.33,5.28,2.31,4.82,4.31,10,10
SB000076,STU00008,2026-02-16,1.8,6.49,4.64,3.31,4.21,21,2
SB000077,STU00008,2026-06-10,2.84,5.84,0.25,1.67,3.69,47,4
SB000078,STU00008,2026-05-08,1.93,6.84,4.83,2.43,4.24,42,7
SB000079,STU00008,2026-06-24,3.03,8.76,2.51,5.6,1.47,10,1
SB000080,STU00008,2026-06-29,2.01,8.02,0.97,4.46,1.17,32,9
SB000081,STU00009,2026-06-28,7.76,7.7,3.18,2.15,0.31,21,3
SB000082,STU00009,2026-05-20,2.84,6.18,4.11,2.06,3.75,38,1
SB000083,STU00009,2026-05-03,7.6,5.07,0.94,4.0,3.26,20,1
SB000084,STU00009,2026-01-19,1.49,5.94,1.15,2.04,1.75,7,5
SB000085,STU00009,2026-05-27,3.02,7.65,4.23,3.9,0.95,47,7
SB000086,STU00009,2026-03-29,3.12,5.82,2.21,1.79,4.95,38,3
SB000087,STU00009,2026-06-05,6.07,7.24,3.81,2.21,1.07,41,8
SB000088,STU00009,2026-06-07,3.32,4.88,0.1,3.78,3.81,14,8
SB000089,STU00009,2026-01-29,1.5,5.33,1.42,0.79,2.32,40,2
SB000090,STU00009,2026-04-07,3.57,6.89,3.6,1.26,2.81,15,3
SB000091,STU00010,2026-05-16,3.17,5.56,1.79,1.88,4.26,1,7
SB000092,STU00010,2026-04-08,7.47,7.54,3.12,4.35,3.53,46,1
SB000093,STU00010,2026-04-09,2.92,8.32,1.34,0.69,4.18,37,9
SB000094,STU00010,2026-05-02,6.02,6.8,1.76,4.54,2.25,8,1
SB000095,STU00010,2026-06-13,6.83,7.36,0.93,1.44,2.6,33,5
SB000096,STU00010,2026-02-11,5.41,8.64,3.44,1.27,1.99,32,9
SB000097,STU00010,2026-06-12,3.66,5.04,2.37,3.59,3.55,24,3
SB000098,STU00010,2026-01-04,2.25,6.36,1.29,1.63,2.99,42,10
SB000099,STU00010,2026-03-03,6.45,6.43,4.54,2.61,1.8,15,5
SB000100,STU00010,2026-01-17,1.61,6.43,3.93,0.64,3.95,45,7
SB000101,STU00011,2026-02-05,3.98,6.64,3.81,4.77,4.23,38,8
SB000102,STU00011,2026-04-23,5.77,7.0,0.88,0.84,0.52,39,3
SB000103,STU00011,2026-05-05,5.71,6.84,4.73,5.19,2.06,0,3
SB000104,STU00011,2026-05-10,3.14,4.55,3.99,2.64,1.49,14,9
SB000105,STU00011,2026-06-21,5.76,5.56,3.77,5.93,4.51,15,8
SB000106,STU00011,2026-05-12,6.82,6.41,1.69,5.05,0.09,42,1
SB000107,STU00011,2026-01-06,6.69,7.11,1.9,5.47,1.08,35,2
SB000108,STU00011,2026-05-10,0.82,5.7,2.6,4.68,1.68,46,3
SB000109,STU00011,2026-02-19,3.32,7.17,4.84,3.2,0.85,27,9
SB000110,STU00011,2026-02-11,1.37,7.46,1.56,1.19,1.29,19,9
SB000111,STU00012,2026-04-02,7.59,5.65,2.57,2.42,1.19,32,10
SB000112,STU00012,2026-04-07,4.31,8.54,1.54,3.23,2.92,34,8
SB000113,STU00012,2026-06-11,7.24,6.45,1.94,3.68,0.95,0,3
SB000114,STU00012,2026-06-29,3.61,7.37,4.44,1.57,2.37,38,5
SB000115,STU00012,2026-03-08,2.11,8.79,2.63,1.45,3.67,13,3
SB000116,STU00012,2026-01-11,1.76,7.83,3.38,2.91,0.75,24,8
SB000117,STU00012,2026-05-31,3.87,5.44,2.67,5.85,3.62,49,3
SB000118,STU00012,2026-02-04,3.21,7.0,4.46,2.1,1.17,38,9
SB000119,STU00012,2026-06-15,4.1,7.08,3.64,4.53,2.21,27,10
SB000120,STU00012,2026-03-10,3.78,7.71,3.02,1.17,1.61,25,5
SB000121,STU00013,2026-05-20,0.96,7.64,2.15,2.93,0.35,17,10
SB000122,STU00013,2026-06-25,6.91,8.98,3.26,2.76,4.76,46,3
SB000123,STU00013,2026-01-21,0.87,6.6,2.59,2.19,1.91,50,4
SB000124,STU00013,2026-03-22,3.03,5.18,2.91,1.92,1.37,36,1
SB000125,STU00013,2026-03-28,6.15,5.17,0.85,4.67,1.95,36,3
SB000126,STU00013,2026-01-14,1.0,5.66,0.72,2.29,0.99,26,7
SB000127,STU00013,2026-03-17,4.6,5.15,4.44,4.64,4.61,1,10
SB000128,STU00013,2026-05-24,2.69,7.05,3.04,3.71,2.06,30,2
SB000129,STU00013,2026-03-23,3.11,7.66,0.32,5.79,3.6,44,3
SB000130,STU00013,2026-05-11,0.9,6.09,1.03,3.03,4.41,16,2
SB000131,STU00014,2026-05-14,0.71,6.22,0.65,2.33,2.56,36,4
SB000132,STU00014,2026-01-12,4.8,8.94,0.93,2.82,0.17,5,6
SB000133,STU00014,2026-02-12,5.38,7.35,0.53,4.78,1.46,3,6
SB000134,STU00014,2026-06-23,4.93,5.42,4.94,4.38,2.63,9,4
SB000135,STU00014,2026-02-14,2.07,8.26,4.14,0.86,1.18,46,1
SB000136,STU00014,2026-05-12,5.31,6.13,3.93,5.28,1.75,34,2
SB000137,STU00014,2026-02-27,4.46,7.54,1.32,4.48,1.68,9,4
SB000138,STU00014,2026-03-28,3.0,8.08,4.58,1.89,3.13,30,2
SB000139,STU00014,2026-04-06,3.56,6.03,1.57,5.01,2.05,21,4
SB000140,STU00014,2026-02-06,3.06,8.13,2.0,3.08,4.71,9,10
SB000141,STU00015,2026-04-01,1.33,4.91,4.95,3.66,4.43,37,5
SB000142,STU00015,2026-05-18,2.15,8.68,2.18,1.24,4.59,43,4
SB000143,STU00015,2026-05-29,4.13,6.98,4.48,2.54,4.35,6,7
SB000144,STU00015,2026-06-28,5.85,6.29,1.31,3.38,0.81,29,9
SB000145,STU00015,2026-01-26,2.13,8.19,1.48,3.86,2.04,20,10
SB000146,STU00015,2026-01-15,2.49,6.6,4.64,3.44,3.84,31,8
SB000147,STU00015,2026-02-27,6.19,5.0,1.74,1.11,1.7,35,9
SB000148,STU00015,2026-04-17,5.91,8.16,2.62,2.9,3.98,5,10
SB000149,STU00015,2026-05-19,7.53,5.19,2.04,1.68,3.68,27,6
SB000150,STU00015,2026-02-13,6.86,8.77,1.29,1.14,3.42,1,10
SB000151,STU00016,2026-02-12,4.28,6.26,3.04,3.21,2.45,12,3
SB000152,STU00016,2026-02-02,7.88,6.13,1.74,4.33,0.94,32,4
SB000153,STU00016,2026-01-09,6.71,7.51,3.09,4.53,2.85,15,1
SB000154,STU00016,2026-02-05,3.79,7.49,1.17,1.21,1.49,14,5
SB000155,STU00016,2026-02-06,4.04,4.66,1.64,5.58,3.66,10,7
SB000156,STU00016,2026-06-21,1.77,5.93,0.64,4.02,4.96,0,1
SB000157,STU00016,2026-03-26,2.84,6.38,3.41,5.7,0.66,40,2
SB000158,STU00016,2026-04-15,0.62,6.42,4.82,3.2,0.33,6,1
SB000159,STU00016,2026-04-22,2.73,7.75,2.89,4.65,0.61,3,3
SB000160,STU00016,2026-04-17,3.92,7.09,1.86,5.25,2.82,7,4
SB000161,STU00017,2026-03-15,6.55,8.89,0.06,4.44,1.39,11,8
SB000162,STU00017,2026-03-13,0.62,9.0,2.78,2.1,3.62,6,5
SB000163,STU00017,2026-05-17,5.76,8.54,3.65,5.86,1.54,23,1
SB000164,STU00017,2026-04-01,5.12,7.87,4.28,2.58,3.49,25,9
SB000165,STU00017,2026-05-07,3.99,8.83,3.23,2.1,4.49,34,9
SB000166,STU00017,2026-05-13,6.74,5.38,2.8,5.91,2.28,29,10
SB000167,STU00017,2026-05-27,1.69,5.21,3.4,4.0,1.6,11,8
SB000168,STU00017,2026-05-06,0.52,5.11,1.93,4.31,3.0,18,7
SB000169,STU00017,2026-04-22,2.68,6.56,4.91,5.29,2.64,8,7
SB000170,STU00017,2026-06-19,7.55,5.38,3.35,5.67,2.1,38,7
SB000171,STU00018,2026-06-13,5.89,6.16,2.53,5.69,3.0,32,9
SB000172,STU00018,2026-02-27,0.9,8.8,3.19,5.69,4.22,39,8
SB000173,STU00018,2026-05-17,3.28,6.17,3.85,1.23,1.84,21,7
SB000174,STU00018,2026-02-20,7.57,4.59,4.95,5.67,2.33,27,5
SB000175,STU00018,2026-06-07,6.17,5.56,3.06,5.49,2.29,8,1
SB000176,STU00018,2026-03-09,5.11,6.47,0.99,0.73,0.77,43,7
SB000177,STU00018,2026-02-22,2.51,6.1,2.99,1.5,3.89,26,4
SB000178,STU00018,2026-04-19,7.57,5.03,4.04,2.17,3.24,27,7
SB000179,STU00018,2026-02-28,4.91,8.63,4.79,5.64,4.17,7,7
SB000180,STU00018,2026-05-15,4.33,6.96,4.46,1.49,0.29,38,10
SB000181,STU00019,2026-05-17,6.21,8.35,0.72,5.98,2.43,45,4
SB000182,STU00019,2026-06-29,1.73,5.52,0.21,1.24,3.97,14,9
SB000183,STU00019,2026-03-14,5.02,8.18,1.06,1.64,1.68,27,4
SB000184,STU00019,2026-06-17,7.59,7.65,0.47,5.04,3.78,21,9
SB000185,STU00019,2026-04-15,4.89,6.34,4.3,4.81,1.23,46,4
SB000186,STU00019,2026-06-19,4.96,7.23,4.1,2.31,2.16,42,7
SB000187,STU00019,2026-06-10,7.4,5.64,0.9,5.07,2.07,42,9
SB000188,STU00019,2026-03-04,5.25,4.96,2.37,2.35,0.55,26,9
SB000189,STU00019,2026-03-26,1.65,7.45,4.55,1.88,2.74,1,3
SB000190,STU00019,2026-06-14,1.59,5.62,4.87,1.03,3.67,37,2
SB000191,STU00020,2026-01-05,0.54,7.1,0.99,4.67,2.97,30,1
SB000192,STU00020,2026-01-09,7.29,6.98,0.51,1.04,2.85,25,9
SB000193,STU00020,2026-03-06,2.53,5.71,2.86,4.07,4.32,41,3
SB000194,STU00020,2026-05-24,7.65,6.27,3.69,4.65,4.75,44,3
SB000195,STU00020,2026-01-09,0.62,7.36,3.63,3.13,3.32,45,9
SB000196,STU00020,2026-06-11,0.67,8.27,0.95,0.68,0.29,17,4
SB000197,STU00020,2026-01-07,1.45,4.52,1.97,3.92,4.36,36,4
SB000198,STU00020,2026-06-22,6.18,4.78,4.29,4.89,1.24,28,7
SB000199,STU00020,2026-06-23,4.23,7.39,1.1,2.41,3.33,35,1
SB000200,STU00020,2026-02-13,7.06,7.42,4.29,5.03,1.14,36,3
SB000201,STU00021,2026-04-19,1.34,5.23,1.37,5.04,2.29,17,4
SB000202,STU00021,2026-03-17,3.91,6.9,0.71,2.2,1.16,29,1
SB000203,STU00021,2026-04-09,4.93,7.44,2.07,2.51,1.43,0,1
SB000204,STU00021,2026-04-23,2.02,7.04,2.06,1.93,2.33,9,7
SB000205,STU00021,2026-03-29,2.48,8.6,2.97,2.66,1.92,40,8
SB000206,STU00021,2026-03-14,0.83,4.9,1.3,2.19,1.6,3,5
SB000207,STU00021,2026-05-23,2.3,7.85,0.22,3.89,1.82,27,8
SB000208,STU00021,2026-04-16,6.57,6.2,4.56,4.22,1.41,7,10
SB000209,STU00021,2026-02-23,2.75,8.75,4.56,1.12,1.68,8,4
SB000210,STU00021,2026-06-04,2.7,6.22,2.44,1.99,4.38,35,3
SB000211,STU00022,2026-03-29,2.54,8.99,1.91,1.61,2.05,4,4
SB000212,STU00022,2026-04-29,5.54,6.52,2.49,5.51,1.43,17,1
SB000213,STU00022,2026-03-22,1.41,7.93,3.55,3.03,3.96,18,5
SB000214,STU00022,2026-04-30,6.8,8.3,1.39,5.45,1.85,31,7
SB000215,STU00022,2026-01-02,3.42,6.7,2.1,4.17,2.93,7,5
SB000216,STU00022,2026-06-15,1.97,5.46,0.05,4.81,1.53,4,1
SB000217,STU00022,2026-01-23,0.86,8.13,2.86,4.62,1.31,13,9
SB000218,STU00022,2026-04-15,6.8,5.62,1.3,4.08,4.56,9,9
SB000219,STU00022,2026-03-20,1.52,7.59,4.31,3.82,2.81,42,7
SB000220,STU00022,2026-01-04,6.22,5.85,2.24,0.98,1.93,22,3
SB000221,STU00023,2026-01-25,4.79,6.13,1.77,1.33,0.47,11,8
SB000222,STU00023,2026-05-10,5.84,6.98,0.28,3.34,3.15,18,2
SB000223,STU00023,2026-02-24,6.05,7.25,4.88,2.12,4.8,3,1
SB000224,STU00023,2026-04-10,6.54,5.53,4.48,3.8,4.05,34,1
SB000225,STU00023,2026-06-20,7.83,8.97,4.73,4.26,1.54,24,2
SB000226,STU00023,2026-03-21,3.35,8.01,0.84,0.56,0.75,7,10
SB000227,STU00023,2026-03-13,7.76,5.64,0.69,5.23,1.7,29,4
SB000228,STU00023,2026-05-12,2.6,7.21,1.07,2.83,4.12,26,4
SB000229,STU00023,2026-02-01,7.45,4.94,3.22,3.57,4.7,41,3
SB000230,STU00023,2026-04-20,3.98,7.85,3.3,2.1,2.87,41,6
SB000231,STU00024,2026-06-05,4.0,8.22,3.22,4.6,2.78,20,2
SB000232,STU00024,2026-01-21,7.17,8.6,4.12,1.02,1.93,33,7
SB000233,STU00024,2026-03-03,6.16,6.92,4.81,2.5,0.06,45,1
SB000234,STU00024,2026-04-11,0.56,4.9,3.16,2.73,3.63,10,7
SB000235,STU00024,2026-02-13,6.63,4.92,4.07,4.33,3.3,12,7
SB000236,STU00024,2026-04-27,6.75,7.03,0.19,5.21,0.07,43,3
SB000237,STU00024,2026-03-08,0.89,8.4,3.59,1.5,1.13,16,2
SB000238,STU00024,2026-05-20,4.57,6.78,0.23,1.36,3.47,33,3
SB000239,STU00024,2026-01-12,0.56,8.28,3.6,1.99,0.66,1,1
SB000240,STU00024,2026-04-25,6.79,7.06,0.04,0.69,0.13,2,3
SB000241,STU00025,2026-04-21,2.19,5.93,2.56,5.84,4.42,24,10
SB000242,STU00025,2026-06-19,2.4,8.12,0.24,1.99,2.94,48,8
SB000243,STU00025,2026-01-10,5.84,8.15,0.39,2.31,1.25,13,1
SB000244,STU00025,2026-03-27,5.13,7.96,4.54,1.69,3.48,11,8
SB000245,STU00025,2026-04-10,5.75,7.07,3.22,1.77,1.96,16,7
SB000246,STU00025,2026-01-17,7.16,8.32,3.8,2.85,3.52,40,6
SB000247,STU00025,2026-02-23,1.36,7.22,1.82,3.23,1.1,15,5
SB000248,STU00025,2026-02-02,5.41,6.37,0.39,1.73,3.96,30,8
SB000249,STU00025,2026-03-14,1.49,5.02,4.42,5.69,4.96,49,4
SB000250,STU00025,2026-03-31,4.98,8.75,4.52,4.32,2.49,22,6
SB000251,STU00026,2026-06-10,5.09,8.71,1.06,2.56,0.94,33,5
SB000252,STU00026,2026-01-20,0.87,4.79,4.02,3.57,0.79,7,3
SB000253,STU00026,2026-02-02,1.62,5.73,1.52,4.05,1.5,40,6
SB000254,STU00026,2026-05-14,6.53,7.37,4.29,0.51,3.91,36,1
SB000255,STU00026,2026-04-12,2.67,7.32,2.12,3.46,2.43,22,3
SB000256,STU00026,2026-01-28,6.49,7.23,1.11,5.33,3.38,37,3
SB000257,STU00026,2026-06-10,7.83,5.54,1.14,2.79,3.07,21,3
SB000258,STU00026,2026-01-24,5.39,7.95,2.31,0.95,1.78,46,7
SB000259,STU00026,2026-01-20,7.34,6.77,0.16,3.05,3.19,4,9
SB000260,STU00026,2026-04-20,1.06,6.85,1.85,1.74,2.25,8,7
SB000261,STU00027,2026-01-03,2.39,4.72,1.64,3.11,2.2,0,7
SB000262,STU00027,2026-05-11,3.7,8.65,1.81,4.1,1.76,22,8
SB000263,STU00027,2026-01-13,7.25,5.83,2.5,5.19,3.74,35,5
SB000264,STU00027,2026-03-19,5.29,8.58,1.73,2.84,2.37,40,10
SB000265,STU00027,2026-06-24,2.45,4.72,1.03,3.3,0.39,42,8
SB000266,STU00027,2026-01-24,1.17,8.97,0.08,5.03,3.64,23,8
SB000267,STU00027,2026-04-12,4.67,5.93,0.39,2.88,3.94,13,3
SB000268,STU00027,2026-02-21,2.48,6.7,4.54,0.81,3.89,22,3
SB000269,STU00027,2026-05-31,6.22,6.25,3.49,5.52,4.41,28,8
SB000270,STU00027,2026-01-28,6.25,4.55,2.7,3.33,0.81,6,3
SB000271,STU00028,2026-06-04,3.34,6.55,1.78,5.24,4.56,30,6
SB000272,STU00028,2026-01-25,7.09,4.56,2.76,4.72,2.71,49,5
SB000273,STU00028,2026-04-25,4.68,5.29,1.57,1.77,0.8,27,4
SB000274,STU00028,2026-03-28,1.38,7.35,3.53,4.61,0.01,28,7
SB000275,STU00028,2026-02-11,7.22,7.05,2.62,4.55,1.36,14,9
SB000276,STU00028,2026-02-20,1.5,5.07,1.88,5.06,1.87,44,3
SB000277,STU00028,2026-04-15,1.94,8.97,4.96,2.6,4.11,21,5
SB000278,STU00028,2026-03-20,5.8,5.2,3.65,1.05,4.43,47,5
SB000279,STU00028,2026-01-17,5.13,6.34,3.64,3.25,0.93,18,4
SB000280,STU00028,2026-02-13,7.61,7.9,4.45,0.82,0.78,32,3
SB000281,STU00029,2026-02-03,2.85,5.89,3.18,2.71,2.96,30,8
SB000282,STU00029,2026-04-30,2.74,5.69,1.99,1.46,3.13,29,6
SB000283,STU00029,2026-01-18,6.78,8.0,4.38,1.12,2.66,23,4
SB000284,STU00029,2026-04-14,7.73,8.53,0.65,4.78,3.35,15,5
SB000285,STU00029,2026-03-26,6.46,8.89,1.23,0.88,1.43,48,2
SB000286,STU00029,2026-03-27,3.95,8.2,0.6,4.4,4.84,49,8
SB000287,STU00029,2026-03-11,1.56,7.59,3.78,1.09,2.64,49,10
SB000288,STU00029,2026-03-06,6.42,8.69,4.8,3.73,3.1,38,8
SB000289,STU00029,2026-03-20,5.72,7.48,2.0,3.33,4.34,21,1
SB000290,STU00029,2026-04-03,2.46,6.9,3.63,2.41,2.3,43,7
SB000291,STU00030,2026-01-18,6.62,7.82,4.3,0.67,2.54,25,2
SB000292,STU00030,2026-06-17,2.23,7.41,4.65,0.58,2.83,40,5
SB000293,STU00030,2026-02-03,7.21,5.94,2.95,5.21,4.55,22,3
SB000294,STU00030,2026-06-05,2.93,5.76,0.24,1.9,2.07,29,4
SB000295,STU00030,2026-06-15,4.88,5.09,0.7,4.31,2.23,37,1
SB000296,STU00030,2026-04-16,1.21,6.2,0.52,5.99,2.0,49,9
SB000297,STU00030,2026-06-29,2.89,5.26,0.03,1.0,2.42,7,7
SB000298,STU00030,2026-04-09,2.06,7.18,3.31,1.62,3.31,33,4
SB000299,STU00030,2026-04-11,1.9,6.0,1.32,4.18,2.87,30,9
SB000300,STU00030,2026-03-04,2.02,6.63,3.57,5.74,0.52,5,8
SB000301,STU00031,2026-01-14,4.96,7.39,1.6,3.35,3.37,23,7
SB000302,STU00031,2026-03-03,1.44,5.63,4.77,3.79,1.12,20,3
SB000303,STU00031,2026-03-22,2.35,4.7,0.23,1.15,3.99,9,8
SB000304,STU00031,2026-05-21,3.84,5.79,3.35,1.89,2.44,16,8
SB000305,STU00031,2026-01-03,1.75,4.53,3.67,5.77,2.97,20,8
SB000306,STU00031,2026-01-27,3.87,6.11,4.81,5.15,0.32,42,3
SB000307,STU00031,2026-03-02,7.46,4.51,2.85,3.94,2.17,36,1
SB000308,STU00031,2026-02-13,6.09,6.36,4.39,5.32,2.46,17,5
SB000309,STU00031,2026-01-25,3.57,6.48,1.66,5.76,4.85,49,10
SB000310,STU00031,2026-03-16,4.4,6.05,2.1,5.93,1.56,25,5
SB000311,STU00032,2026-04-13,3.57,5.53,3.79,4.62,1.0,25,8
SB000312,STU00032,2026-04-22,4.89,8.58,0.12,3.06,0.48,24,1
SB000313,STU00032,2026-01-18,3.0,5.8,1.09,5.03,4.86,45,4
SB000314,STU00032,2026-04-08,1.95,5.72,3.09,4.85,0.67,45,9
SB000315,STU00032,2026-03-16,6.34,8.95,1.26,3.23,1.76,27,8
SB000316,STU00032,2026-02-20,2.28,8.69,4.84,4.01,4.26,1,4
SB000317,STU00032,2026-05-17,2.93,7.24,1.22,3.57,3.24,5,8
SB000318,STU00032,2026-06-03,3.05,8.44,3.22,2.43,2.57,6,9
SB000319,STU00032,2026-02-26,3.66,6.94,3.96,5.22,3.36,39,9
SB000320,STU00032,2026-05-29,3.32,7.02,2.31,3.58,1.54,41,1
SB000321,STU00033,2026-04-05,7.24,7.18,1.86,5.06,1.87,34,1
SB000322,STU00033,2026-02-20,6.54,5.24,4.47,3.91,4.31,31,4
SB000323,STU00033,2026-05-06,7.41,6.64,0.47,1.68,3.99,47,10
SB000324,STU00033,2026-03-14,1.51,7.33,0.46,5.05,3.29,12,8
SB000325,STU00033,2026-05-29,0.77,8.03,3.25,1.2,4.73,7,7
SB000326,STU00033,2026-02-16,4.56,7.27,1.84,4.55,3.97,29,6
SB000327,STU00033,2026-04-27,4.42,6.32,0.43,5.88,1.46,49,1
SB000328,STU00033,2026-05-16,5.03,5.87,0.32,1.07,2.57,35,7
SB000329,STU00033,2026-01-04,4.15,4.63,3.96,1.47,4.24,32,5
SB000330,STU00033,2026-01-29,7.77,7.48,2.37,4.51,3.24,1,6
SB000331,STU00034,2026-01-10,1.71,5.07,2.61,1.22,4.23,45,3
SB000332,STU00034,2026-05-10,2.94,8.15,4.69,1.28,4.34,17,3
SB000333,STU00034,2026-04-09,2.62,7.93,4.88,1.6,3.8,15,7
SB000334,STU00034,2026-04-16,1.66,5.25,2.27,3.77,4.61,11,7
SB000335,STU00034,2026-04-01,6.29,8.1,4.92,4.71,2.48,23,8
SB000336,STU00034,2026-04-20,5.7,7.06,2.53,5.28,1.19,14,2
SB000337,STU00034,2026-01-31,5.01,6.08,3.96,0.87,2.3,23,2
SB000338,STU00034,2026-01-11,0.9,8.85,0.62,0.78,3.5,35,10
SB000339,STU00034,2026-04-26,5.21,7.85,0.79,4.7,0.0,28,10
SB000340,STU00034,2026-02-01,4.22,5.23,0.62,2.26,0.91,14,9
SB000341,STU00035,2026-03-13,7.13,6.65,2.72,5.42,3.59,46,8
SB000342,STU00035,2026-03-02,1.39,6.31,3.26,5.09,2.24,31,9
SB000343,STU00035,2026-03-10,2.42,7.44,3.43,4.44,3.01,35,5
SB000344,STU00035,2026-01-11,6.55,8.16,2.61,3.17,1.52,15,8
SB000345,STU00035,2026-01-13,2.77,7.72,0.1,5.22,0.79,45,1
SB000346,STU00035,2026-01-11,1.59,7.48,2.85,2.07,4.98,32,6
SB000347,STU00035,2026-04-28,3.14,8.46,0.79,2.68,4.11,4,1
SB000348,STU00035,2026-01-22,6.32,5.81,3.58,5.12,0.94,35,3
SB000349,STU00035,2026-01-29,1.61,6.71,2.83,4.42,0.16,39,4
SB000350,STU00035,2026-04-28,5.08,5.32,1.09,1.57,1.15,45,9
SB000351,STU00036,2026-04-15,5.04,8.06,2.34,4.48,1.0,31,4
SB000352,STU00036,2026-05-17,2.56,6.67,3.15,1.68,4.82,23,8
SB000353,STU00036,2026-04-17,1.79,8.36,0.55,1.81,4.05,13,10
SB000354,STU00036,2026-01-18,5.0,6.93,4.03,4.95,1.35,34,2
SB000355,STU00036,2026-04-16,7.23,6.54,0.05,1.86,4.46,3,6
SB000356,STU00036,2026-02-04,0.54,4.55,0.66,0.71,2.49,38,1
SB000357,STU00036,2026-04-25,6.02,6.81,4.8,3.34,2.88,39,7
SB000358,STU00036,2026-01-14,5.44,7.92,2.88,0.75,4.42,23,3
SB000359,STU00036,2026-05-19,7.55,7.59,4.94,4.91,1.33,8,1
SB000360,STU00036,2026-03-03,5.72,5.33,4.58,4.52,3.25,41,1
SB000361,STU00037,2026-03-31,3.11,6.11,0.41,5.49,0.58,14,7
SB000362,STU00037,2026-02-09,1.64,7.97,1.05,0.59,3.63,5,3
SB000363,STU00037,2026-06-30,6.45,5.99,0.91,1.3,1.45,25,2
SB000364,STU00037,2026-04-25,3.32,4.56,0.09,4.56,1.45,24,4
SB000365,STU00037,2026-05-29,6.11,5.73,3.01,2.27,0.98,14,1
SB000366,STU00037,2026-04-20,5.51,6.04,2.01,2.08,0.01,6,4
SB000367,STU00037,2026-05-06,4.89,5.58,4.83,2.14,2.56,36,6
SB000368,STU00037,2026-05-17,1.94,8.15,0.43,2.51,3.94,27,6
SB000369,STU00037,2026-06-02,7.83,5.36,3.28,4.23,2.28,24,4
SB000370,STU00037,2026-05-04,1.99,6.0,3.84,4.77,2.77,47,7
SB000371,STU00038,2026-02-25,7.07,6.32,4.26,4.59,0.74,9,7
SB000372,STU00038,2026-05-26,1.66,7.64,1.57,2.1,4.13,8,1
SB000373,STU00038,2026-04-27,5.95,5.4,4.37,2.85,1.2,18,6
SB000374,STU00038,2026-04-27,1.17,7.06,2.34,2.19,0.36,29,6
SB000375,STU00038,2026-05-12,1.68,5.67,0.32,1.19,1.02,25,4
SB000376,STU00038,2026-05-15,2.64,6.12,1.82,1.04,4.7,6,7
SB000377,STU00038,2026-03-09,1.24,8.78,1.83,5.11,1.22,27,7
SB000378,STU00038,2026-05-31,2.76,8.16,4.58,5.15,4.3,24,1
SB000379,STU00038,2026-03-03,4.31,7.63,2.75,1.97,0.25,6,1
SB000380,STU00038,2026-01-04,6.71,8.49,3.39,1.44,0.37,11,3
SB000381,STU00039,2026-03-12,2.17,5.38,0.55,2.38,1.34,50,10
SB000382,STU00039,2026-03-24,1.42,7.79,4.46,5.84,0.73,15,3
SB000383,STU00039,2026-01-28,7.78,6.84,1.67,4.0,0.44,27,10
SB000384,STU00039,2026-03-11,6.66,7.03,2.22,3.55,3.32,32,1
SB000385,STU00039,2026-05-14,1.84,7.44,2.64,3.29,1.68,23,5
SB000386,STU00039,2026-05-02,7.93,5.68,0.02,2.47,3.59,21,8
SB000387,STU00039,2026-03-09,4.43,7.01,4.05,4.31,1.23,27,8
SB000388,STU00039,2026-02-13,3.41,5.06,2.4,4.99,3.83,1,3
SB000389,STU00039,2026-01-13,3.21,4.74,4.25,3.85,1.81,28,5
SB000390,STU00039,2026-06-10,3.13,4.97,4.05,3.37,1.37,15,10
SB000391,STU00040,2026-03-30,3.45,8.5,0.58,3.71,3.11,41,5
SB000392,STU00040,2026-02-21,7.28,4.84,1.81,4.15,2.43,33,2
SB000393,STU00040,2026-05-10,6.15,5.86,4.15,1.78,0.72,25,1
SB000394,STU00040,2026-06-07,5.64,7.54,1.79,4.08,0.85,12,7
SB000395,STU00040,2026-01-24,4.84,6.77,4.85,5.46,0.47,4,8
SB000396,STU00040,2026-01-04,4.62,6.21,2.44,3.06,1.2,27,10
SB000397,STU00040,2026-06-24,6.23,8.7,2.05,5.15,2.09,39,7
SB000398,STU00040,2026-01-18,4.91,5.65,4.31,4.43,2.02,32,5
SB000399,STU00040,2026-03-16,7.77,6.04,3.08,5.46,1.47,5,8
SB000400,STU00040,2026-01-23,5.12,8.66,1.34,5.4,2.0,11,2
SB000401,STU00041,2026-02-07,2.22,6.32,1.25,3.17,3.81,12,1
SB000402,STU00041,2026-06-16,2.89,5.15,1.73,1.89,1.27,15,9
SB000403,STU00041,2026-02-12,0.57,5.88,3.93,2.39,1.26,18,1
SB000404,STU00041,2026-06-26,4.57,5.44,1.32,1.19,4.3,36,1
SB000405,STU00041,2026-02-27,1.19,4.6,1.02,0.71,4.01,30,2
SB000406,STU00041,2026-04-27,5.91,7.26,3.71,5.75,0.35,16,5
SB000407,STU00041,2026-01-30,7.43,8.09,1.68,5.69,1.02,50,3
SB000408,STU00041,2026-02-28,7.62,7.32,3.22,3.83,2.7,32,4
SB000409,STU00041,2026-04-14,6.5,8.78,4.17,2.2,1.52,44,7
SB000410,STU00041,2026-02-09,4.47,4.51,2.48,2.99,1.24,18,9
SB000411,STU00042,2026-06-07,7.32,4.96,0.02,0.9,3.51,18,10
SB000412,STU00042,2026-06-09,2.39,8.66,2.2,4.65,2.62,31,10
SB000413,STU00042,2026-05-26,3.71,5.06,3.63,1.47,3.23,36,7
SB000414,STU00042,2026-04-30,6.57,7.63,3.79,1.33,0.55,37,4
SB000415,STU00042,2026-05-04,7.22,5.8,1.01,1.65,1.73,35,9
SB000416,STU00042,2026-04-25,6.65,4.57,4.69,5.56,2.85,40,1
SB000417,STU00042,2026-04-17,7.68,6.89,1.28,1.22,3.37,22,5
SB000418,STU00042,2026-05-22,3.69,8.58,1.9,1.64,4.58,19,2
SB000419,STU00042,2026-01-10,7.37,6.72,3.79,5.68,4.46,15,6
SB000420,STU00042,2026-03-24,5.98,5.52,1.15,4.77,4.2,28,8
SB000421,STU00043,2026-02-02,4.95,7.04,1.16,0.61,1.62,32,6
SB000422,STU00043,2026-04-20,6.73,8.75,1.59,0.69,3.85,21,10
SB000423,STU00043,2026-05-12,1.09,7.84,3.04,2.91,4.22,15,5
SB000424,STU00043,2026-03-02,3.67,6.19,3.46,3.82,3.58,48,1
SB000425,STU00043,2026-01-13,6.38,5.03,3.94,0.57,4.44,15,9
SB000426,STU00043,2026-03-04,7.38,5.89,4.06,3.07,4.42,29,2
SB000427,STU00043,2026-01-14,1.02,6.02,0.73,5.19,1.12,17,4
SB000428,STU00043,2026-01-07,7.0,4.93,2.48,2.94,4.58,40,3
SB000429,STU00043,2026-06-16,4.43,6.77,0.97,5.3,0.19,40,7
SB000430,STU00043,2026-06-10,2.33,8.24,2.57,0.81,2.09,0,9
SB000431,STU00044,2026-06-27,4.35,5.73,1.33,5.57,2.76,32,2
SB000432,STU00044,2026-01-21,2.87,6.34,1.07,3.15,2.76,48,1
SB000433,STU00044,2026-05-03,1.04,7.08,3.42,1.5,0.55,45,5
SB000434,STU00044,2026-06-20,3.42,8.05,4.43,3.78,4.7,28,3
SB000435,STU00044,2026-01-21,5.24,7.34,2.68,1.58,3.26,39,3
SB000436,STU00044,2026-03-21,5.72,5.8,0.55,1.93,4.92,27,10
SB000437,STU00044,2026-06-04,3.94,6.6,1.08,0.71,0.01,43,8
SB000438,STU00044,2026-05-11,4.71,7.76,0.16,4.04,2.88,35,4
SB000439,STU00044,2026-04-29,1.17,7.66,4.45,4.18,3.94,50,2
SB000440,STU00044,2026-02-24,6.73,8.2,2.37,2.91,4.72,24,2
SB000441,STU00045,2026-05-05,7.98,4.95,2.85,3.86,3.79,33,7
SB000442,STU00045,2026-04-07,3.29,5.04,2.32,4.4,3.84,0,6
SB000443,STU00045,2026-06-22,5.83,4.78,0.44,5.71,3.44,9,3
SB000444,STU00045,2026-06-02,6.85,7.58,3.82,2.35,0.47,30,6
SB000445,STU00045,2026-02-14,2.0,7.24,1.93,5.68,3.95,21,10
SB000446,STU00045,2026-04-02,6.66,5.39,2.13,5.45,1.19,47,8
SB000447,STU00045,2026-04-07,4.14,8.07,3.43,5.88,0.11,0,1
SB000448,STU00045,2026-06-01,1.52,5.05,1.63,2.36,3.49,36,8
SB000449,STU00045,2026-01-22,6.74,4.64,0.97,5.12,1.74,12,4
SB000450,STU00045,2026-03-30,2.48,8.64,3.09,5.28,2.02,32,6
SB000451,STU00046,2026-03-26,6.96,5.74,3.23,2.16,0.31,7,2
SB000452,STU00046,2026-04-13,1.07,6.6,4.95,3.4,2.66,25,2
SB000453,STU00046,2026-01-04,0.54,6.8,4.85,2.28,3.62,9,5
SB000454,STU00046,2026-02-05,7.82,5.0,3.0,5.15,2.91,16,9
SB000455,STU00046,2026-04-21,6.52,7.72,4.15,2.93,3.82,19,8
SB000456,STU00046,2026-03-20,3.93,7.28,3.5,1.11,3.52,21,5
SB000457,STU00046,2026-01-08,3.3,7.48,1.75,1.62,3.03,47,4
SB000458,STU00046,2026-02-24,3.09,7.8,1.46,3.66,3.47,8,4
SB000459,STU00046,2026-05-20,0.79,8.19,3.58,3.92,4.96,27,8
SB000460,STU00046,2026-03-23,1.54,7.97,2.69,3.17,1.41,2,5
SB000461,STU00047,2026-05-06,0.77,8.79,3.07,4.62,2.4,24,6
SB000462,STU00047,2026-03-18,7.89,7.28,4.91,5.53,1.97,12,7
SB000463,STU00047,2026-02-13,2.28,5.86,4.25,4.43,0.01,42,10
SB000464,STU00047,2026-02-16,7.27,8.42,1.94,2.88,0.53,38,2
SB000465,STU00047,2026-02-23,5.71,6.48,0.39,2.26,2.05,21,8
SB000466,STU00047,2026-04-23,3.09,8.93,2.67,3.3,4.78,44,3
SB000467,STU00047,2026-04-30,3.61,5.61,1.76,2.74,1.48,8,2
SB000468,STU00047,2026-06-05,1.25,8.27,2.1,1.32,3.53,44,6
SB000469,STU00047,2026-03-09,1.56,7.17,0.94,1.2,0.78,27,5
SB000470,STU00047,2026-06-01,3.05,7.11,1.91,3.17,4.03,34,2
SB000471,STU00048,2026-04-11,5.7,4.87,1.48,4.15,1.23,39,6
SB000472,STU00048,2026-05-05,7.79,8.74,1.99,3.85,3.15,33,9
SB000473,STU00048,2026-06-24,7.38,5.43,0.58,4.42,3.4,40,1
SB000474,STU00048,2026-06-04,7.52,4.68,0.62,5.02,2.02,2,2
SB000475,STU00048,2026-04-15,7.81,8.23,3.2,2.03,1.21,37,10
SB000476,STU00048,2026-06-18,2.46,8.03,0.56,3.17,2.63,6,2
SB000477,STU00048,2026-06-07,4.73,6.6,0.81,3.61,4.12,23,2
SB000478,STU00048,2026-03-06,3.35,5.38,2.16,3.29,3.97,47,9
SB000479,STU00048,2026-03-01,1.27,6.13,1.04,3.73,3.9,31,5
SB000480,STU00048,2026-02-20,7.1,7.57,1.55,5.36,3.66,48,1
SB000481,STU00049,2026-06-28,5.98,6.32,0.46,2.85,4.57,19,3
SB000482,STU00049,2026-04-30,7.61,6.25,1.29,3.71,1.06,31,7
SB000483,STU00049,2026-06-23,7.04,5.15,3.17,4.32,1.39,9,8
SB000484,STU00049,2026-01-03,6.27,6.82,2.07,3.18,0.13,35,4
SB000485,STU00049,2026-05-23,4.34,8.23,3.22,1.3,0.4,7,9
SB000486,STU00049,2026-03-12,2.79,8.61,2.0,4.21,3.97,35,9
SB000487,STU00049,2026-02-17,5.95,8.35,4.45,1.6,2.5,11,8
SB000488,STU00049,2026-05-21,7.1,8.01,2.6,4.93,3.29,39,6
SB000489,STU00049,2026-04-06,6.57,8.73,3.13,1.98,1.67,42,3
SB000490,STU00049,2026-03-05,1.17,6.17,4.17,1.1,4.26,48,6
SB000491,STU00050,2026-01-02,3.54,5.14,2.17,5.37,3.76,30,10
SB000492,STU00050,2026-02-20,5.0,4.75,4.9,3.37,1.29,9,2
SB000493,STU00050,2026-02-05,1.25,6.64,2.58,4.96,1.61,42,6
SB000494,STU00050,2026-05-16,4.26,4.68,2.49,5.18,4.81,23,9
SB000495,STU00050,2026-05-17,4.07,5.28,1.49,0.64,1.2,28,2
SB000496,STU00050,2026-05-16,3.85,6.76,2.83,5.19,1.15,45,4
SB000497,STU00050,2026-01-20,1.62,6.18,1.31,5.24,3.45,31,5
SB000498,STU00050,2026-06-03,6.14,6.94,4.61,2.54,3.87,29,1
SB000499,STU00050,2026-03-13,1.19,8.22,1.02,0.53,2.02,19,2
SB000500,STU00050,2026-05-08,1.45,6.24,2.03,4.38,4.11,22,6
SB000501,STU00051,2026-06-19,1.48,6.02,4.47,3.95,2.78,34,5
SB000502,STU00051,2026-06-08,6.49,6.85,1.33,5.98,1.39,44,4
SB000503,STU00051,2026-04-27,5.73,4.95,3.99,5.95,4.91,49,2
SB000504,STU00051,2026-03-04,3.9,8.46,1.57,4.09,4.4,33,3
SB000505,STU00051,2026-01-12,5.31,6.83,3.81,2.4,4.34,4,5
SB000506,STU00051,2026-04-17,1.29,5.38,3.26,1.43,4.82,15,7
SB000507,STU00051,2026-03-18,4.54,8.45,1.07,3.09,1.93,17,1
SB000508,STU00051,2026-06-26,2.73,8.32,0.88,5.74,1.42,46,4
SB000509,STU00051,2026-01-16,7.17,8.06,1.71,3.43,3.8,28,1
SB000510,STU00051,2026-06-30,1.95,4.63,1.0,1.7,3.43,38,5
SB000511,STU00052,2026-04-16,5.39,5.95,1.44,1.26,1.59,10,10
SB000512,STU00052,2026-02-05,7.41,8.28,2.62,4.77,4.6,2,2
SB000513,STU00052,2026-02-17,6.89,4.6,2.81,5.27,2.22,27,4
SB000514,STU00052,2026-01-02,6.85,7.11,4.64,2.25,0.74,27,3
SB000515,STU00052,2026-03-28,5.29,7.02,4.33,2.43,4.91,46,4
SB000516,STU00052,2026-04-09,3.6,7.69,0.8,1.53,0.16,1,1
SB000517,STU00052,2026-03-24,6.3,5.26,3.83,5.88,2.08,26,4
SB000518,STU00052,2026-02-11,6.75,6.57,2.7,4.07,1.22,4,5
SB000519,STU00052,2026-01-06,0.69,8.93,4.28,5.32,2.11,45,9
SB000520,STU00052,2026-02-17,3.09,8.37,1.19,0.83,1.95,29,3
SB000521,STU00053,2026-01-21,4.54,6.29,3.58,3.28,3.41,50,3
SB000522,STU00053,2026-02-04,4.53,6.65,0.03,0.8,3.73,3,2
SB000523,STU00053,2026-06-17,5.72,7.03,0.6,0.53,0.81,38,5
SB000524,STU00053,2026-05-01,4.58,7.84,1.77,3.87,0.09,42,9
SB000525,STU00053,2026-02-23,5.54,6.7,3.56,4.29,4.16,27,5
SB000526,STU00053,2026-02-20,0.87,6.53,0.26,3.89,0.72,29,6
SB000527,STU00053,2026-01-02,1.59,6.49,4.38,2.03,1.83,29,2
SB000528,STU00053,2026-03-16,5.78,6.41,0.5,0.95,3.74,17,2
SB000529,STU00053,2026-01-26,7.88,6.68,4.61,4.76,1.12,30,4
SB000530,STU00053,2026-06-20,1.3,5.01,0.44,3.09,2.06,1,2
SB000531,STU00054,2026-06-09,2.24,6.71,3.67,3.66,0.34,9,9
SB000532,STU00054,2026-03-15,5.5,7.22,2.43,5.32,2.06,20,5
SB000533,STU00054,2026-03-22,7.76,8.5,2.7,4.43,2.34,29,8
SB000534,STU00054,2026-06-01,4.92,8.36,2.87,3.73,0.96,20,6
SB000535,STU00054,2026-06-03,2.66,4.96,2.28,4.7,2.32,35,6
SB000536,STU00054,2026-03-08,7.0,5.97,3.08,2.65,4.48,11,10
SB000537,STU00054,2026-01-25,3.29,6.65,3.75,2.06,3.52,27,10
SB000538,STU00054,2026-06-05,5.83,4.81,0.25,4.35,4.16,44,9
SB000539,STU00054,2026-05-11,5.24,8.62,1.75,5.38,4.87,28,3
SB000540,STU00054,2026-06-25,6.29,4.53,0.68,2.12,4.13,42,4
SB000541,STU00055,2026-02-25,2.91,4.56,4.13,1.47,3.38,5,1
SB000542,STU00055,2026-04-13,7.16,6.68,0.99,2.72,4.78,3,4
SB000543,STU00055,2026-01-07,3.11,7.07,0.54,5.29,2.94,18,1
SB000544,STU00055,2026-01-11,1.95,6.72,3.6,2.72,0.88,47,10
SB000545,STU00055,2026-01-05,3.5,5.82,4.65,0.51,0.24,14,9
SB000546,STU00055,2026-04-01,2.51,7.82,3.63,3.53,0.91,42,3
SB000547,STU00055,2026-04-09,7.35,5.07,2.79,4.03,1.41,0,8
SB000548,STU00055,2026-02-04,2.59,5.2,2.88,5.25,4.35,46,6
SB000549,STU00055,2026-01-20,4.16,5.79,2.78,1.79,1.19,41,7
SB000550,STU00055,2026-05-16,5.92,8.7,1.32,2.89,2.26,36,6
SB000551,STU00056,2026-06-09,6.36,4.55,2.58,1.93,0.95,38,3
SB000552,STU00056,2026-02-21,6.06,7.78,1.01,1.88,4.53,49,3
SB000553,STU00056,2026-03-25,1.5,5.3,0.92,3.85,2.27,48,6
SB000554,STU00056,2026-05-05,0.71,4.66,2.57,5.98,4.59,48,10
SB000555,STU00056,2026-05-22,7.14,5.2,0.55,5.99,2.84,49,5
SB000556,STU00056,2026-04-10,1.09,8.98,3.67,0.86,2.13,50,2
SB000557,STU00056,2026-01-31,6.8,7.43,4.06,1.18,4.47,0,6
SB000558,STU00056,2026-03-14,1.05,5.18,3.02,2.62,3.3,21,4
SB000559,STU00056,2026-03-26,0.68,6.37,0.47,4.54,2.82,43,5
SB000560,STU00056,2026-04-13,4.75,7.39,2.68,3.5,1.41,7,9
SB000561,STU00057,2026-04-11,6.42,8.67,3.03,5.83,2.88,4,8
SB000562,STU00057,2026-05-28,4.97,5.53,3.09,4.1,2.77,27,3
SB000563,STU00057,2026-06-19,7.71,7.31,3.13,0.87,2.49,40,1
SB000564,STU00057,2026-06-04,5.12,8.73,1.96,1.29,2.25,8,6
SB000565,STU00057,2026-05-07,7.22,7.91,2.93,0.74,2.77,3,7
SB000566,STU00057,2026-05-10,4.1,5.45,0.42,5.22,0.93,31,9
SB000567,STU00057,2026-04-06,6.2,8.76,3.33,5.28,2.45,42,7
SB000568,STU00057,2026-04-03,7.76,5.99,3.78,4.59,4.74,21,6
SB000569,STU00057,2026-05-23,2.38,8.99,0.11,3.67,2.36,45,6
SB000570,STU00057,2026-04-03,1.41,6.93,4.88,4.63,4.65,13,10
SB000571,STU00058,2026-05-31,4.58,4.88,2.46,4.79,0.46,1,5
SB000572,STU00058,2026-04-14,4.01,6.82,2.7,0.63,2.34,0,7
SB000573,STU00058,2026-02-28,4.32,7.55,4.1,3.68,2.05,21,3
SB000574,STU00058,2026-03-13,2.46,6.49,1.82,1.43,1.47,20,9
SB000575,STU00058,2026-04-13,7.21,8.3,4.47,0.98,3.36,23,5
SB000576,STU00058,2026-02-10,4.63,4.98,2.54,5.26,3.69,19,5
SB000577,STU00058,2026-04-27,3.46,7.94,0.2,1.39,4.36,6,2
SB000578,STU00058,2026-04-11,2.16,8.69,2.9,3.23,2.26,38,5
SB000579,STU00058,2026-01-01,0.51,4.83,2.92,3.6,3.84,13,2
SB000580,STU00058,2026-05-24,4.46,5.66,2.44,3.3,4.57,34,8
SB000581,STU00059,2026-01-15,1.31,8.86,4.57,5.36,2.7,40,4
SB000582,STU00059,2026-04-24,5.13,8.0,0.82,3.71,3.8,18,1
SB000583,STU00059,2026-02-26,1.04,7.39,3.79,2.24,1.69,14,6
SB000584,STU00059,2026-05-12,7.78,8.65,3.16,3.56,3.77,18,1
SB000585,STU00059,2026-02-23,3.11,6.04,4.5,1.67,1.27,35,7
SB000586,STU00059,2026-02-03,3.08,8.93,4.61,5.6,4.89,9,10
SB000587,STU00059,2026-02-02,4.49,6.07,3.59,2.78,1.97,17,4
SB000588,STU00059,2026-06-02,3.09,8.53,4.55,2.11,1.07,15,1
SB000589,STU00059,2026-04-10,4.24,5.08,4.97,4.15,0.78,5,9
SB000590,STU00059,2026-06-17,2.31,7.84,2.94,2.89,3.37,2,8
SB000591,STU00060,2026-02-05,3.15,8.06,0.51,4.17,2.63,21,10
SB000592,STU00060,2026-04-14,3.89,5.83,2.44,1.55,4.5,4,10
SB000593,STU00060,2026-06-01,3.0,4.59,2.47,1.39,4.7,26,7
SB000594,STU00060,2026-06-23,7.16,8.28,2.94,2.53,0.01,1,1
SB000595,STU00060,2026-01-24,3.24,8.41,1.35,2.73,0.24,39,9
SB000596,STU00060,2026-06-20,3.79,8.54,4.87,2.39,2.0,11,10
SB000597,STU00060,2026-03-01,0.52,8.18,1.99,4.56,4.57,11,8
SB000598,STU00060,2026-05-29,7.79,7.58,4.89,1.1,0.91,1,6
SB000599,STU00060,2026-03-11,6.06,7.85,1.77,1.19,3.29,4,3
SB000600,STU00060,2026-06-25,5.74,8.25,3.48,1.46,0.36,11,1
SB000601,STU00061,2026-03-28,6.0,5.17,2.45,4.07,4.61,15,6
SB000602,STU00061,2026-02-14,3.48,7.02,4.98,4.89,2.76,23,1
SB000603,STU00061,2026-01-19,3.09,5.26,2.35,2.35,0.19,32,6
SB000604,STU00061,2026-01-30,5.65,8.18,0.76,5.57,4.07,27,2
SB000605,STU00061,2026-03-02,7.68,8.42,0.1,0.92,4.01,47,1
SB000606,STU00061,2026-03-08,3.1,5.24,4.03,5.77,2.97,27,10
SB000607,STU00061,2026-02-22,3.88,8.58,0.17,3.96,3.02,28,2
SB000608,STU00061,2026-05-28,6.92,6.76,0.86,3.93,0.09,24,1
SB000609,STU00061,2026-05-10,5.83,6.28,0.41,1.98,1.56,0,10
SB000610,STU00061,2026-02-10,5.87,6.2,3.86,2.51,4.49,44,2
SB000611,STU00062,2026-06-15,7.02,8.13,1.35,1.16,4.45,25,10
SB000612,STU00062,2026-01-24,4.44,7.44,2.89,2.48,3.17,50,3
SB000613,STU00062,2026-06-24,6.66,8.17,2.19,3.73,1.74,10,8
SB000614,STU00062,2026-02-10,4.43,5.59,0.63,4.45,3.59,38,7
SB000615,STU00062,2026-03-02,5.42,7.81,4.84,0.93,4.26,1,6
SB000616,STU00062,2026-06-11,5.29,8.23,3.25,4.76,2.18,6,4
SB000617,STU00062,2026-03-05,2.03,5.6,3.19,5.87,3.07,49,10
SB000618,STU00062,2026-05-04,7.83,7.01,4.05,4.92,0.73,0,5
SB000619,STU00062,2026-01-22,1.94,5.9,3.27,5.44,3.59,6,7
SB000620,STU00062,2026-01-03,3.88,6.83,1.29,5.67,3.96,23,5
SB000621,STU00063,2026-04-11,5.0,6.4,1.88,5.34,1.8,23,8
SB000622,STU00063,2026-04-14,1.79,8.44,0.39,5.57,4.06,44,3
SB000623,STU00063,2026-03-23,3.75,5.09,4.5,2.2,4.12,29,9
SB000624,STU00063,2026-02-28,2.71,4.74,0.35,5.76,4.62,40,2
SB000625,STU00063,2026-02-21,7.57,7.62,0.45,5.49,4.82,50,7
SB000626,STU00063,2026-05-28,1.44,4.58,0.52,5.72,2.03,13,5
SB000627,STU00063,2026-04-17,6.0,6.26,0.95,3.96,0.45,14,7
SB000628,STU00063,2026-06-09,1.27,5.02,0.91,3.7,4.58,50,7
SB000629,STU00063,2026-06-15,5.72,4.51,2.01,2.86,4.42,33,10
SB000630,STU00063,2026-03-09,7.73,8.98,4.18,5.86,1.51,28,1
SB000631,STU00064,2026-02-25,2.68,7.99,4.7,3.75,3.65,44,1
SB000632,STU00064,2026-02-26,6.72,8.34,0.15,4.69,2.64,22,8
SB000633,STU00064,2026-03-30,3.29,6.13,4.15,4.61,0.14,15,10
SB000634,STU00064,2026-03-21,7.13,5.32,4.8,4.12,3.31,43,6
SB000635,STU00064,2026-01-19,6.82,5.82,1.57,0.66,0.83,28,2
SB000636,STU00064,2026-04-12,6.21,4.74,4.83,4.01,2.14,18,10
SB000637,STU00064,2026-01-13,1.68,7.64,0.07,2.52,4.89,24,5
SB000638,STU00064,2026-02-26,5.08,6.42,5.0,1.61,3.48,43,6
SB000639,STU00064,2026-01-29,7.96,8.02,2.91,4.12,0.39,10,10
SB000640,STU00064,2026-04-02,5.37,6.31,1.3,2.3,1.81,1,2
SB000641,STU00065,2026-04-14,6.14,7.03,0.72,4.55,4.24,6,1
SB000642,STU00065,2026-04-26,5.05,8.43,0.43,2.46,0.92,50,9
SB000643,STU00065,2026-01-22,5.87,7.55,4.95,5.16,4.16,4,10
SB000644,STU00065,2026-03-04,6.93,7.38,3.41,4.94,1.63,27,7
SB000645,STU00065,2026-04-22,7.27,5.62,1.25,1.84,0.59,4,4
SB000646,STU00065,2026-01-30,4.68,4.83,0.4,5.73,0.37,25,8
SB000647,STU00065,2026-05-22,2.28,8.24,3.08,5.03,3.79,23,1
SB000648,STU00065,2026-03-11,6.18,7.03,1.18,5.56,1.23,28,7
SB000649,STU00065,2026-03-19,5.36,6.0,0.7,3.79,3.08,36,8
SB000650,STU00065,2026-05-29,3.16,6.83,2.48,4.17,0.29,27,1
SB000651,STU00066,2026-05-04,5.87,8.32,1.07,5.58,1.77,31,5
SB000652,STU00066,2026-01-28,1.34,8.8,4.18,4.01,0.27,28,9
SB000653,STU00066,2026-02-06,5.68,8.8,0.05,3.86,3.18,25,8
SB000654,STU00066,2026-04-08,7.86,4.59,0.69,2.71,2.3,37,8
SB000655,STU00066,2026-01-05,5.42,7.81,0.35,5.42,2.98,20,1
SB000656,STU00066,2026-03-12,7.58,8.99,2.7,3.81,1.06,9,6
SB000657,STU00066,2026-05-13,3.38,6.3,0.14,3.08,4.38,15,5
SB000658,STU00066,2026-05-24,2.73,5.14,3.55,2.5,2.42,10,1
SB000659,STU00066,2026-06-24,3.68,8.61,2.11,2.68,0.79,11,6
SB000660,STU00066,2026-05-29,5.1,8.15,3.13,1.57,0.78,21,10
SB000661,STU00067,2026-02-16,7.71,6.16,3.78,3.98,2.79,32,4
SB000662,STU00067,2026-04-11,2.54,5.95,3.65,2.31,2.27,27,9
SB000663,STU00067,2026-03-28,3.37,6.29,3.73,2.3,2.68,24,10
SB000664,STU00067,2026-06-03,4.5,7.75,1.85,1.22,1.06,2,5
SB000665,STU00067,2026-05-23,3.52,7.61,3.67,5.82,4.58,13,2
SB000666,STU00067,2026-05-14,5.68,6.25,2.1,2.26,3.85,16,10
SB000667,STU00067,2026-06-06,1.99,4.67,0.42,2.39,1.82,18,8
SB000668,STU00067,2026-03-19,6.2,7.32,1.59,3.47,2.69,2,1
SB000669,STU00067,2026-05-20,7.15,6.79,3.37,5.61,1.79,22,8
SB000670,STU00067,2026-02-24,6.51,4.74,3.47,1.7,3.0,36,6
SB000671,STU00068,2026-05-09,1.25,7.48,3.65,3.24,0.45,31,8
SB000672,STU00068,2026-02-23,7.2,8.87,0.44,1.22,3.13,40,9
SB000673,STU00068,2026-02-04,3.45,5.37,2.92,2.71,2.52,21,1
SB000674,STU00068,2026-05-23,1.23,6.25,4.51,2.8,3.56,14,8
SB000675,STU00068,2026-06-04,1.58,4.89,4.83,2.82,3.46,8,4
SB000676,STU00068,2026-03-21,2.66,4.58,3.59,3.83,4.64,18,4
SB000677,STU00068,2026-04-23,6.73,8.73,4.19,5.87,4.53,20,5
SB000678,STU00068,2026-06-20,2.31,7.64,4.36,5.21,2.01,32,2
SB000679,STU00068,2026-04-26,1.76,7.01,3.07,5.14,3.73,35,5
SB000680,STU00068,2026-01-14,6.83,5.21,4.82,2.62,0.24,23,9
SB000681,STU00069,2026-04-29,4.13,6.26,2.15,5.51,0.86,27,7
SB000682,STU00069,2026-04-02,7.03,8.37,4.61,0.95,4.23,22,5
SB000683,STU00069,2026-01-01,5.14,6.6,2.76,1.69,3.46,45,7
SB000684,STU00069,2026-02-10,6.32,8.27,2.83,0.85,2.15,16,10
SB000685,STU00069,2026-04-21,6.98,5.75,0.73,0.77,4.6,2,3
SB000686,STU00069,2026-06-07,7.2,8.69,3.18,2.24,0.43,6,9
SB000687,STU00069,2026-03-19,4.58,6.11,0.03,5.77,1.42,41,9
SB000688,STU00069,2026-02-25,2.93,7.82,4.18,4.84,4.99,42,5
SB000689,STU00069,2026-03-08,7.07,7.49,0.57,3.09,2.97,49,3
SB000690,STU00069,2026-03-18,5.25,8.47,1.34,1.04,4.09,31,8
SB000691,STU00070,2026-05-30,4.01,6.16,3.39,2.72,2.46,8,4
SB000692,STU00070,2026-02-23,3.7,8.94,3.15,2.83,1.17,23,10
SB000693,STU00070,2026-01-26,2.83,7.73,0.79,3.98,0.71,45,9
SB000694,STU00070,2026-01-01,4.01,4.57,0.44,1.91,4.56,24,9
SB000695,STU00070,2026-04-10,3.78,7.75,2.86,1.43,4.91,27,3
SB000696,STU00070,2026-03-19,4.04,5.1,2.55,4.03,1.04,36,10
SB000697,STU00070,2026-04-24,0.51,8.42,3.38,5.74,2.33,31,4
SB000698,STU00070,2026-02-03,7.35,4.64,3.11,2.15,4.73,3,4
SB000699,STU00070,2026-05-22,1.49,8.79,2.48,0.97,4.11,48,1
SB000700,STU00070,2026-06-11,5.46,7.42,4.57,2.61,4.81,44,9
SB000701,STU00071,2026-04-14,5.52,5.91,1.75,5.44,0.19,24,2
SB000702,STU00071,2026-02-20,5.88,6.91,3.22,1.33,0.69,42,4
SB000703,STU00071,2026-01-11,7.89,5.65,4.1,4.29,4.88,18,3
SB000704,STU00071,2026-06-25,3.39,8.89,4.58,5.12,2.18,18,1
SB000705,STU00071,2026-03-13,6.05,6.26,3.55,4.51,0.6,20,3
SB000706,STU00071,2026-04-14,1.19,6.35,0.6,2.49,3.78,15,6
SB000707,STU00071,2026-04-12,2.79,5.9,2.54,4.15,2.09,40,9
SB000708,STU00071,2026-05-09,6.49,5.0,2.15,4.49,0.51,26,1
SB000709,STU00071,2026-01-13,1.42,8.48,0.71,1.92,2.03,29,8
SB000710,STU00071,2026-01-24,2.6,6.06,3.0,4.23,3.05,46,6
SB000711,STU00072,2026-05-09,5.48,5.89,1.72,1.08,3.12,22,4
SB000712,STU00072,2026-04-05,0.96,8.22,4.64,1.8,0.49,10,6
SB000713,STU00072,2026-06-13,0.92,8.4,2.28,4.95,3.09,8,10
SB000714,STU00072,2026-05-14,6.05,8.74,2.48,5.57,1.66,41,1
SB000715,STU00072,2026-05-24,3.17,8.39,0.28,0.75,4.46,49,3
SB000716,STU00072,2026-05-09,5.15,4.97,4.15,4.85,3.62,37,3
SB000717,STU00072,2026-04-25,1.35,8.2,1.42,1.64,2.56,36,7
SB000718,STU00072,2026-05-24,4.07,8.99,2.33,2.09,2.63,19,10
SB000719,STU00072,2026-04-11,2.9,5.8,3.15,3.4,4.66,0,9
SB000720,STU00072,2026-05-09,0.89,7.06,0.79,1.34,3.52,10,6
SB000721,STU00073,2026-01-30,2.61,4.57,2.57,1.23,4.83,14,3
SB000722,STU00073,2026-03-31,5.12,4.88,4.62,0.99,1.19,50,4
SB000723,STU00073,2026-06-19,2.16,7.83,0.4,0.97,2.62,31,3
SB000724,STU00073,2026-03-28,6.39,5.18,1.15,2.71,2.07,49,5
SB000725,STU00073,2026-06-14,2.09,5.03,2.71,2.77,4.21,27,3
SB000726,STU00073,2026-01-14,1.61,6.9,2.27,4.04,2.41,19,9
SB000727,STU00073,2026-03-05,2.11,7.56,4.94,5.47,4.3,35,3
SB000728,STU00073,2026-01-23,2.23,5.14,2.02,1.04,1.36,36,10
SB000729,STU00073,2026-03-17,6.77,7.21,4.28,3.37,0.39,4,2
SB000730,STU00073,2026-04-30,1.63,6.31,0.26,2.62,4.3,26,9
SB000731,STU00074,2026-04-11,1.67,4.74,2.54,1.57,3.14,40,7
SB000732,STU00074,2026-04-12,5.98,6.44,0.38,1.42,4.06,25,2
SB000733,STU00074,2026-01-19,2.36,8.03,4.55,2.94,3.01,6,9
SB000734,STU00074,2026-03-30,2.67,7.4,3.3,4.31,1.95,1,9
SB000735,STU00074,2026-04-11,5.39,8.94,0.66,5.66,4.32,14,5
SB000736,STU00074,2026-05-09,1.42,6.73,4.19,5.61,3.0,38,3
SB000737,STU00074,2026-03-18,5.11,8.23,2.56,1.88,1.73,42,3
SB000738,STU00074,2026-04-05,1.36,4.83,1.4,3.32,0.45,31,8
SB000739,STU00074,2026-01-11,1.83,8.99,0.92,1.93,2.79,46,1
SB000740,STU00074,2026-06-09,1.15,8.64,3.83,2.37,4.0,23,9
SB000741,STU00075,2026-06-26,7.8,8.24,1.9,0.9,0.59,44,3
SB000742,STU00075,2026-06-04,2.8,8.15,2.93,5.73,3.7,28,2
SB000743,STU00075,2026-01-30,3.08,6.43,0.95,4.68,4.43,30,2
SB000744,STU00075,2026-06-19,1.85,5.23,3.75,5.48,0.12,40,4
SB000745,STU00075,2026-05-04,3.77,4.92,2.63,5.31,1.6,33,6
SB000746,STU00075,2026-01-04,2.61,4.99,1.28,2.27,3.35,21,1
SB000747,STU00075,2026-02-12,2.09,5.52,1.9,2.51,1.69,39,8
SB000748,STU00075,2026-01-10,6.68,7.94,3.81,1.45,4.46,16,3
SB000749,STU00075,2026-06-21,6.7,6.31,4.94,1.41,2.7,20,9
SB000750,STU00075,2026-06-09,1.82,6.24,0.74,5.37,4.41,18,5
SB000751,STU00076,2026-05-27,4.03,4.79,1.87,1.95,0.86,10,7
SB000752,STU00076,2026-05-21,5.4,5.33,1.94,2.47,2.34,15,7
SB000753,STU00076,2026-03-09,4.27,4.94,0.88,5.78,0.98,44,2
SB000754,STU00076,2026-06-28,1.09,8.46,0.89,4.27,1.99,31,8
SB000755,STU00076,2026-05-20,7.88,7.42,3.11,5.64,1.03,6,3
SB000756,STU00076,2026-04-07,2.22,4.77,0.15,4.35,0.92,1,6
SB000757,STU00076,2026-05-20,4.42,6.86,2.9,2.88,2.62,8,7
SB000758,STU00076,2026-06-30,6.72,5.15,1.3,5.3,0.82,43,1
SB000759,STU00076,2026-03-01,7.52,7.18,2.68,5.59,2.36,25,7
SB000760,STU00076,2026-06-28,5.69,4.86,1.42,2.8,2.51,49,4
SB000761,STU00077,2026-03-26,7.69,5.41,3.17,3.09,3.49,20,5
SB000762,STU00077,2026-04-30,3.43,8.45,0.41,1.86,4.81,40,4
SB000763,STU00077,2026-03-31,1.98,7.9,2.86,4.14,0.88,48,7
SB000764,STU00077,2026-01-30,2.16,6.63,3.33,1.84,1.36,29,7
SB000765,STU00077,2026-06-28,5.26,5.34,3.87,2.63,2.92,12,3
SB000766,STU00077,2026-03-27,7.22,5.36,4.95,3.67,2.7,25,3
SB000767,STU00077,2026-02-04,7.03,6.41,4.23,1.46,0.59,34,5
SB000768,STU00077,2026-02-15,3.43,6.93,3.08,2.04,3.44,39,7
SB000769,STU00077,2026-05-17,3.94,8.98,2.82,4.89,3.22,42,10
SB000770,STU00077,2026-04-07,2.25,7.85,2.79,5.17,3.9,38,2
SB000771,STU00078,2026-06-26,3.0,4.57,0.34,4.92,1.64,49,10
SB000772,STU00078,2026-05-24,6.64,7.82,3.93,2.69,0.05,42,10
SB000773,STU00078,2026-03-19,2.98,5.1,2.98,3.31,0.16,10,1
SB000774,STU00078,2026-06-16,5.29,6.74,1.73,0.7,1.03,31,7
SB000775,STU00078,2026-06-12,5.35,5.55,3.56,4.52,3.6,18,10
SB000776,STU00078,2026-02-04,3.15,5.56,1.38,1.29,0.49,47,8
SB000777,STU00078,2026-01-06,2.47,6.54,3.48,1.19,3.34,1,8
SB000778,STU00078,2026-06-05,1.97,7.5,0.2,1.31,1.19,8,10
SB000779,STU00078,2026-01-27,6.85,6.14,4.1,5.02,0.98,3,9
SB000780,STU00078,2026-01-31,4.03,7.03,1.31,3.54,3.67,31,9
SB000781,STU00079,2026-01-06,4.24,5.25,2.53,3.2,2.58,11,6
SB000782,STU00079,2026-01-03,6.72,7.93,2.6,2.92,3.32,22,1
SB000783,STU00079,2026-05-25,5.99,5.06,2.56,2.2,2.51,44,10
SB000784,STU00079,2026-01-22,4.97,8.07,2.96,2.29,2.05,30,9
SB000785,STU00079,2026-02-12,4.01,6.23,2.69,1.29,1.12,50,6
SB000786,STU00079,2026-06-08,6.16,7.78,0.91,2.94,1.32,29,9
SB000787,STU00079,2026-01-22,7.94,8.68,1.82,4.18,1.52,40,9
SB000788,STU00079,2026-01-08,1.49,7.96,0.51,3.69,2.62,48,1
SB000789,STU00079,2026-04-04,7.49,6.63,0.82,0.69,4.99,5,6
SB000790,STU00079,2026-04-07,5.22,7.64,3.38,2.56,1.83,4,2
SB000791,STU00080,2026-01-10,0.75,8.7,4.34,4.24,1.69,26,8
SB000792,STU00080,2026-06-10,0.86,4.83,3.52,5.28,0.49,27,5
SB000793,STU00080,2026-02-20,1.9,6.17,3.81,2.22,1.22,32,6
SB000794,STU00080,2026-03-08,3.13,8.87,1.95,3.22,4.57,16,3
SB000795,STU00080,2026-06-13,1.59,8.3,4.52,0.86,1.25,27,9
SB000796,STU00080,2026-06-28,0.57,6.16,2.31,3.09,1.3,38,8
SB000797,STU00080,2026-03-02,5.0,6.31,4.82,5.48,1.09,13,2
SB000798,STU00080,2026-02-15,1.43,5.09,3.91,0.91,0.4,42,4
SB000799,STU00080,2026-01-02,6.37,7.15,4.29,3.0,2.19,33,7
SB000800,STU00080,2026-06-05,6.42,5.94,2.16,3.65,4.78,29,8
SB000801,STU00081,2026-03-31,3.89,4.52,0.76,3.29,4.25,33,2
SB000802,STU00081,2026-01-24,0.75,6.95,3.25,4.01,2.46,29,9
SB000803,STU00081,2026-04-29,3.29,5.72,3.31,2.97,2.57,10,10
SB000804,STU00081,2026-04-23,2.45,5.64,3.89,1.38,3.04,48,3
SB000805,STU00081,2026-01-06,1.34,6.41,0.08,3.16,0.82,34,1
SB000806,STU00081,2026-06-09,4.59,6.79,2.67,4.39,3.11,37,2
SB000807,STU00081,2026-01-13,5.61,5.53,4.42,1.31,4.47,37,6
SB000808,STU00081,2026-03-05,5.0,4.64,1.04,4.83,1.01,4,9
SB000809,STU00081,2026-03-27,6.89,8.78,4.98,1.36,3.31,27,9
SB000810,STU00081,2026-01-07,6.02,6.44,1.83,5.63,1.52,45,7
SB000811,STU00082,2026-02-25,5.47,7.86,1.18,3.36,3.88,20,4
SB000812,STU00082,2026-04-27,4.67,8.97,4.98,5.57,2.73,18,8
SB000813,STU00082,2026-02-23,6.56,7.72,1.89,5.02,0.38,1,5
SB000814,STU00082,2026-06-06,1.01,4.76,3.73,1.99,4.51,42,2
SB000815,STU00082,2026-01-04,4.84,7.61,0.05,3.8,1.69,16,7
SB000816,STU00082,2026-05-20,4.04,5.75,1.79,1.61,4.11,40,5
SB000817,STU00082,2026-05-25,3.53,6.81,0.67,2.48,2.67,13,10
SB000818,STU00082,2026-04-09,3.87,8.32,0.72,1.41,3.46,0,9
SB000819,STU00082,2026-05-31,6.0,5.61,1.59,2.55,1.59,44,4
SB000820,STU00082,2026-03-06,2.91,6.82,0.67,1.12,2.67,3,3
SB000821,STU00083,2026-02-22,5.35,8.66,4.59,1.83,3.71,36,10
SB000822,STU00083,2026-03-16,3.31,5.22,4.7,3.73,4.63,34,9
SB000823,STU00083,2026-02-07,3.71,7.67,3.36,3.36,4.79,32,7
SB000824,STU00083,2026-03-23,3.16,5.12,0.85,4.54,4.03,36,6
SB000825,STU00083,2026-01-11,4.56,7.56,3.61,2.51,2.68,30,5
SB000826,STU00083,2026-01-23,5.56,5.6,0.62,4.2,1.56,11,7
SB000827,STU00083,2026-02-11,7.94,8.85,4.83,3.5,2.35,26,6
SB000828,STU00083,2026-03-22,3.59,8.32,3.09,3.09,0.1,33,10
SB000829,STU00083,2026-02-24,3.6,4.56,0.91,3.57,1.79,22,9
SB000830,STU00083,2026-06-19,3.73,8.28,1.44,4.04,1.24,30,4
SB000831,STU00084,2026-05-18,6.31,8.42,2.58,4.74,0.98,34,4
SB000832,STU00084,2026-04-19,5.09,7.85,3.6,4.96,1.8,23,6
SB000833,STU00084,2026-06-29,1.61,7.1,3.9,3.3,0.61,45,10
SB000834,STU00084,2026-06-11,4.6,6.64,3.56,0.61,2.08,46,10
SB000835,STU00084,2026-01-26,2.46,7.85,0.52,4.38,1.51,19,10
SB000836,STU00084,2026-01-27,5.25,8.05,1.76,3.65,0.45,44,3
SB000837,STU00084,2026-05-13,3.35,7.81,2.97,1.76,1.19,2,5
SB000838,STU00084,2026-06-21,2.3,8.58,0.23,3.6,1.96,44,6
SB000839,STU00084,2026-05-23,5.67,8.56,0.01,4.07,2.09,23,10
SB000840,STU00084,2026-04-29,2.7,6.99,1.74,2.64,4.56,27,6
SB000841,STU00085,2026-02-21,6.7,8.64,0.73,0.61,1.74,12,3
SB000842,STU00085,2026-03-26,0.8,8.78,2.22,4.54,2.63,8,4
SB000843,STU00085,2026-04-26,7.8,5.83,3.51,2.54,0.04,7,10
SB000844,STU00085,2026-02-12,6.71,5.2,0.21,2.78,3.65,41,10
SB000845,STU00085,2026-05-10,3.36,5.67,4.19,5.62,1.7,4,7
SB000846,STU00085,2026-06-13,3.58,5.59,1.08,3.24,4.65,25,2
SB000847,STU00085,2026-02-22,4.65,6.96,1.8,5.36,4.15,9,3
SB000848,STU00085,2026-06-21,3.29,7.22,4.84,4.05,1.13,33,8
SB000849,STU00085,2026-02-17,4.2,4.62,4.58,5.58,4.01,37,6
SB000850,STU00085,2026-02-04,6.57,4.98,3.87,4.67,2.32,19,8
SB000851,STU00086,2026-01-22,5.63,7.58,2.39,5.92,1.47,23,8
SB000852,STU00086,2026-06-27,6.13,7.62,3.05,2.57,0.53,2,8
SB000853,STU00086,2026-05-25,4.85,5.56,2.3,4.45,2.06,34,9
SB000854,STU00086,2026-06-07,3.82,4.66,3.18,1.29,2.22,3,1
SB000855,STU00086,2026-01-24,2.38,8.07,4.75,1.51,1.59,13,6
SB000856,STU00086,2026-04-09,6.38,7.33,0.19,1.78,3.6,42,8
SB000857,STU00086,2026-02-02,3.95,8.18,0.69,3.21,2.71,1,1
SB000858,STU00086,2026-03-13,5.31,5.52,0.09,3.48,3.11,31,8
SB000859,STU00086,2026-04-27,3.73,7.35,4.53,2.45,3.05,3,5
SB000860,STU00086,2026-03-11,5.87,6.24,2.28,2.85,1.93,23,7
SB000861,STU00087,2026-04-18,1.84,4.7,1.59,1.26,3.82,9,1
SB000862,STU00087,2026-05-19,3.19,7.12,4.86,3.54,0.95,17,8
SB000863,STU00087,2026-02-27,6.44,5.1,4.26,5.94,0.99,32,4
SB000864,STU00087,2026-05-08,5.08,7.16,4.16,5.28,4.13,36,10
SB000865,STU00087,2026-04-16,2.85,4.54,2.29,4.1,4.92,26,6
SB000866,STU00087,2026-05-01,6.34,6.92,2.82,3.38,1.25,1,2
SB000867,STU00087,2026-05-04,0.7,6.77,2.44,4.69,3.35,13,7
SB000868,STU00087,2026-04-17,6.23,8.89,0.07,6.0,4.33,7,2
SB000869,STU00087,2026-06-16,4.71,7.93,4.85,1.74,0.64,31,9
SB000870,STU00087,2026-06-07,6.6,8.53,1.62,5.34,3.96,26,4
SB000871,STU00088,2026-05-31,5.36,8.9,4.07,3.83,0.59,50,2
SB000872,STU00088,2026-04-30,5.98,8.31,1.85,5.19,3.97,18,2
SB000873,STU00088,2026-05-30,4.74,7.31,0.49,3.49,2.87,49,7
SB000874,STU00088,2026-06-09,4.39,7.74,2.83,3.76,1.99,20,2
SB000875,STU00088,2026-06-06,4.18,5.72,2.09,3.34,2.95,15,1
SB000876,STU00088,2026-02-22,2.11,5.9,1.05,4.6,1.67,6,1
SB000877,STU00088,2026-03-29,2.97,4.9,3.9,5.85,2.54,42,6
SB000878,STU00088,2026-04-20,4.68,5.74,2.23,0.73,4.37,17,7
SB000879,STU00088,2026-03-25,2.51,8.96,2.51,2.96,2.42,4,4
SB000880,STU00088,2026-06-18,4.52,8.46,3.83,0.55,2.72,49,5
SB000881,STU00089,2026-05-14,7.95,7.48,1.82,4.24,0.67,36,9
SB000882,STU00089,2026-04-16,7.33,7.26,3.69,1.63,0.3,32,5
SB000883,STU00089,2026-06-22,0.92,4.81,3.84,1.17,1.6,18,5
SB000884,STU00089,2026-05-30,1.49,4.58,1.84,0.92,3.58,29,2
SB000885,STU00089,2026-04-03,5.08,4.72,0.77,4.23,0.34,16,2
SB000886,STU00089,2026-06-27,6.59,8.33,3.46,1.56,4.45,26,5
SB000887,STU00089,2026-02-06,4.05,6.75,4.7,2.81,4.19,31,5
SB000888,STU00089,2026-01-31,4.61,8.95,2.57,4.73,4.13,18,5
SB000889,STU00089,2026-04-19,8.0,6.34,4.37,1.91,4.67,10,4
SB000890,STU00089,2026-06-23,0.54,8.68,0.74,3.23,0.54,16,2
SB000891,STU00090,2026-02-04,5.79,8.54,3.11,1.63,3.25,28,1
SB000892,STU00090,2026-03-27,3.36,4.53,4.68,5.86,3.97,42,10
SB000893,STU00090,2026-04-26,3.9,4.7,3.32,5.07,0.61,8,8
SB000894,STU00090,2026-03-21,2.27,7.98,3.96,2.63,2.4,4,3
SB000895,STU00090,2026-04-05,2.41,6.71,4.5,0.88,4.55,38,6
SB000896,STU00090,2026-06-24,1.93,6.36,2.83,1.27,2.34,31,4
SB000897,STU00090,2026-04-01,0.52,8.18,0.69,2.97,2.76,48,2
SB000898,STU00090,2026-04-22,1.6,6.63,3.83,1.05,1.13,1,4
SB000899,STU00090,2026-03-22,4.42,4.88,3.52,4.26,0.13,30,6
SB000900,STU00090,2026-06-07,1.3,4.55,4.77,0.63,4.5,34,6
SB000901,STU00091,2026-03-29,0.78,8.85,1.07,2.23,4.62,25,2
SB000902,STU00091,2026-02-01,5.4,7.67,0.16,3.54,4.62,3,1
SB000903,STU00091,2026-01-14,0.57,8.59,1.77,0.51,1.65,1,4
SB000904,STU00091,2026-06-25,4.71,6.5,4.58,2.39,2.41,17,5
SB000905,STU00091,2026-01-27,2.43,7.96,1.16,4.08,3.38,41,6
SB000906,STU00091,2026-02-15,0.97,6.67,2.41,5.19,3.57,46,7
SB000907,STU00091,2026-03-06,7.4,5.57,3.43,0.84,2.18,15,1
SB000908,STU00091,2026-01-28,2.15,6.35,4.35,5.23,3.89,48,1
SB000909,STU00091,2026-03-04,1.87,5.65,0.97,2.89,3.02,23,5
SB000910,STU00091,2026-03-06,7.56,5.35,0.55,1.8,0.54,49,6
SB000911,STU00092,2026-05-09,4.9,5.26,4.85,4.24,1.98,39,1
SB000912,STU00092,2026-05-19,0.77,5.52,3.69,2.34,4.71,49,10
SB000913,STU00092,2026-01-09,6.54,5.98,2.71,4.2,4.79,12,10
SB000914,STU00092,2026-02-19,3.07,6.71,1.92,4.78,2.3,2,9
SB000915,STU00092,2026-04-05,4.77,7.87,3.91,5.09,1.38,44,7
SB000916,STU00092,2026-01-09,7.78,6.95,0.06,4.0,1.79,25,9
SB000917,STU00092,2026-05-25,7.8,8.25,4.66,1.87,2.04,47,3
SB000918,STU00092,2026-03-22,5.46,8.15,3.67,3.38,2.44,20,2
SB000919,STU00092,2026-05-23,4.67,4.72,2.0,0.51,3.42,28,9
SB000920,STU00092,2026-04-27,0.78,8.9,3.85,2.4,1.4,26,8
SB000921,STU00093,2026-03-26,5.6,6.53,2.2,2.33,0.44,29,6
SB000922,STU00093,2026-06-06,6.09,6.69,1.04,1.69,3.56,14,4
SB000923,STU00093,2026-04-28,2.16,7.44,1.74,1.49,3.83,48,1
SB000924,STU00093,2026-06-18,3.53,8.84,3.85,4.53,4.68,42,1
SB000925,STU00093,2026-05-03,2.3,8.2,2.0,1.18,1.2,25,7
SB000926,STU00093,2026-05-21,4.04,7.71,0.51,5.73,3.7,23,1
SB000927,STU00093,2026-01-17,1.74,5.57,0.97,1.78,1.43,18,2
SB000928,STU00093,2026-02-23,5.41,5.4,4.6,1.79,3.8,28,1
SB000929,STU00093,2026-03-28,4.56,6.54,0.57,4.97,3.11,30,7
SB000930,STU00093,2026-04-11,3.76,7.15,3.42,1.12,2.77,50,1
SB000931,STU00094,2026-04-19,0.53,5.13,1.72,4.41,3.55,49,2
SB000932,STU00094,2026-05-04,6.03,8.1,4.64,1.63,3.69,17,9
SB000933,STU00094,2026-06-02,3.45,8.16,0.87,2.06,3.06,44,2
SB000934,STU00094,2026-03-11,6.11,5.02,3.51,1.48,2.46,41,6
SB000935,STU00094,2026-06-09,6.34,6.57,4.85,4.17,3.04,18,5
SB000936,STU00094,2026-02-04,1.57,8.99,2.26,2.47,0.01,9,3
SB000937,STU00094,2026-02-21,2.03,7.97,0.6,5.51,2.0,13,6
SB000938,STU00094,2026-05-02,3.65,7.45,0.66,4.83,2.87,12,7
SB000939,STU00094,2026-03-18,4.57,6.31,0.94,3.04,1.71,10,8
SB000940,STU00094,2026-05-23,7.77,7.09,0.93,3.98,4.45,47,8
SB000941,STU00095,2026-01-25,2.41,6.64,0.93,5.91,0.47,25,5
SB000942,STU00095,2026-02-12,0.52,7.19,2.11,4.8,0.02,9,1
SB000943,STU00095,2026-04-22,2.78,5.68,0.11,1.48,4.2,15,1
SB000944,STU00095,2026-04-05,4.57,8.89,0.61,2.14,2.54,28,10
SB000945,STU00095,2026-01-01,1.29,7.24,3.07,1.02,2.59,40,8
SB000946,STU00095,2026-05-14,1.89,8.0,0.74,1.5,0.34,24,9
SB000947,STU00095,2026-06-30,1.0,4.54,0.47,5.43,1.64,15,2
SB000948,STU00095,2026-01-11,4.46,7.92,3.17,3.65,4.74,28,6
SB000949,STU00095,2026-05-21,1.95,8.67,3.36,4.38,1.86,3,10
SB000950,STU00095,2026-06-23,7.2,5.88,1.76,1.42,0.6,35,1
SB000951,STU00096,2026-03-02,5.17,6.66,1.94,3.53,4.08,13,1
SB000952,STU00096,2026-02-24,4.28,7.15,3.94,5.52,3.21,15,8
SB000953,STU00096,2026-03-29,3.03,6.49,1.2,2.74,3.94,46,8
SB000954,STU00096,2026-05-21,4.01,7.7,4.98,1.9,3.79,37,3
SB000955,STU00096,2026-04-07,4.36,6.98,3.96,1.91,0.03,12,6
SB000956,STU00096,2026-05-14,6.16,7.52,1.95,3.97,3.1,48,2
SB000957,STU00096,2026-01-28,2.71,8.89,0.07,5.2,0.21,7,8
SB000958,STU00096,2026-06-22,7.46,6.79,0.27,1.25,4.52,2,1
SB000959,STU00096,2026-06-25,4.19,7.69,0.09,0.97,2.67,40,1
SB000960,STU00096,2026-03-06,1.48,7.46,0.88,3.05,4.75,36,8
SB000961,STU00097,2026-03-16,1.19,5.0,1.01,1.54,0.15,35,6
SB000962,STU00097,2026-06-25,3.63,7.12,3.97,2.43,3.91,28,7
SB000963,STU00097,2026-05-12,5.38,8.22,4.81,1.47,2.11,41,6
SB000964,STU00097,2026-03-26,2.96,5.87,1.53,2.11,1.22,37,9
SB000965,STU00097,2026-04-24,6.96,6.25,4.73,4.94,4.95,34,6
SB000966,STU00097,2026-02-15,6.52,4.88,1.94,5.06,1.14,34,4
SB000967,STU00097,2026-03-03,3.72,5.07,3.35,1.75,3.84,50,4
SB000968,STU00097,2026-03-31,1.48,6.55,3.19,3.5,2.84,39,8
SB000969,STU00097,2026-04-14,2.15,8.5,0.96,5.31,0.29,29,2
SB000970,STU00097,2026-02-03,1.36,8.3,0.37,5.67,3.29,2,4
SB000971,STU00098,2026-05-14,4.95,6.38,0.66,4.45,4.17,18,1
SB000972,STU00098,2026-05-19,5.19,7.93,2.99,4.41,2.68,26,6
SB000973,STU00098,2026-04-27,2.06,5.91,0.96,5.46,4.49,48,2
SB000974,STU00098,2026-05-16,7.1,7.56,1.44,4.98,1.07,12,2
SB000975,STU00098,2026-01-01,6.99,7.3,3.34,1.72,4.11,20,8
SB000976,STU00098,2026-05-12,1.98,6.54,2.29,3.56,0.19,36,7
SB000977,STU00098,2026-02-26,3.49,5.1,1.88,3.83,4.58,37,5
SB000978,STU00098,2026-06-30,6.94,7.37,1.64,1.7,3.91,36,8
SB000979,STU00098,2026-06-20,4.04,4.79,2.16,1.48,2.9,38,3
SB000980,STU00098,2026-04-05,2.35,8.04,4.19,2.71,3.75,49,8
SB000981,STU00099,2026-01-09,7.17,7.3,4.03,4.08,2.19,40,6
SB000982,STU00099,2026-04-29,5.59,8.39,3.08,3.49,3.52,18,3
SB000983,STU00099,2026-04-26,1.69,8.62,1.89,3.26,4.21,40,7
SB000984,STU00099,2026-05-31,3.45,6.57,4.94,4.92,1.29,31,1
SB000985,STU00099,2026-06-26,2.99,7.79,0.58,3.0,2.08,10,1
SB000986,STU00099,2026-01-30,4.13,6.13,2.86,4.7,1.86,48,10
SB000987,STU00099,2026-06-10,5.13,4.5,4.2,4.09,1.17,32,1
SB000988,STU00099,2026-01-13,4.35,7.65,4.32,4.88,1.18,49,10
SB000989,STU00099,2026-01-31,5.94,7.76,2.3,4.35,2.32,0,9
SB000990,STU00099,2026-04-08,5.89,5.38,4.43,1.8,2.52,19,9
SB000991,STU00100,2026-01-27,5.14,4.82,2.9,1.02,0.29,27,1
SB000992,STU00100,2026-05-15,1.85,8.97,4.88,2.37,2.88,46,9
SB000993,STU00100,2026-06-28,1.33,7.18,2.75,5.15,1.57,8,10
SB000994,STU00100,2026-02-17,1.7,5.39,1.13,5.18,1.65,31,8
SB000995,STU00100,2026-02-07,2.93,6.5,0.62,3.96,0.82,35,1
SB000996,STU00100,2026-03-17,6.09,6.67,3.33,2.57,3.49,15,9
SB000997,STU00100,2026-05-01,4.0,8.08,2.45,4.71,1.75,25,5
SB000998,STU00100,2026-02-01,0.85,5.75,2.33,3.22,0.96,5,8
SB000999,STU00100,2026-02-04,2.8,6.93,1.22,5.17,3.32,22,2
SB001000,STU00100,2026-05-23,6.39,7.53,3.28,1.15,1.01,12,4
SB001001,STU00101,2026-01-29,1.88,4.68,2.18,4.21,1.1,3,4
SB001002,STU00101,2026-01-16,3.16,4.62,0.84,1.18,2.21,50,10
SB001003,STU00101,2026-06-19,4.46,7.96,4.82,3.49,3.11,45,10
SB001004,STU00101,2026-06-28,0.69,7.3,2.93,5.99,1.06,42,5
SB001005,STU00101,2026-02-19,5.9,7.3,3.0,3.1,3.73,1,4
SB001006,STU00101,2026-04-05,4.3,6.42,0.62,4.75,1.81,31,8
SB001007,STU00101,2026-06-15,8.0,7.7,2.46,1.41,4.94,16,7
SB001008,STU00101,2026-04-11,4.06,7.37,0.57,0.57,0.09,45,8
SB001009,STU00101,2026-02-07,7.09,5.14,2.75,2.34,2.25,42,6
SB001010,STU00101,2026-02-02,6.81,7.95,2.61,5.37,2.36,21,6
SB001011,STU00102,2026-05-20,7.85,7.6,4.92,1.26,0.65,28,4
SB001012,STU00102,2026-04-21,7.93,7.71,2.0,5.44,0.75,13,2
SB001013,STU00102,2026-06-23,3.12,7.41,0.48,3.29,2.18,35,9
SB001014,STU00102,2026-01-20,3.68,8.05,3.97,3.13,0.1,25,4
SB001015,STU00102,2026-04-14,3.38,8.97,0.53,5.42,4.55,19,10
SB001016,STU00102,2026-03-02,1.63,8.81,3.15,2.02,1.36,21,10
SB001017,STU00102,2026-03-17,7.16,5.38,4.42,1.82,4.94,47,10
SB001018,STU00102,2026-02-21,5.42,5.7,2.4,1.91,4.19,42,3
SB001019,STU00102,2026-04-03,0.8,5.35,0.64,4.16,1.12,38,1
SB001020,STU00102,2026-02-07,0.79,6.66,1.86,1.66,4.47,0,5
SB001021,STU00103,2026-04-27,6.85,4.78,4.6,0.92,0.03,9,4
SB001022,STU00103,2026-03-21,5.89,8.28,2.43,4.86,1.3,33,7
SB001023,STU00103,2026-06-07,7.82,8.33,1.96,5.36,0.67,13,7
SB001024,STU00103,2026-01-25,5.68,5.62,4.84,3.26,4.52,38,8
SB001025,STU00103,2026-06-28,3.3,5.95,3.6,1.61,3.26,15,3
SB001026,STU00103,2026-04-29,6.06,6.41,3.82,1.8,2.2,30,4
SB001027,STU00103,2026-03-14,5.23,5.26,0.35,5.69,3.93,32,2
SB001028,STU00103,2026-05-31,7.65,8.52,0.25,4.13,2.17,23,8
SB001029,STU00103,2026-03-13,7.81,6.91,4.01,4.51,4.53,50,3
SB001030,STU00103,2026-05-11,4.44,5.05,3.24,3.2,0.75,44,2
SB001031,STU00104,2026-01-27,1.21,5.37,1.96,1.69,4.95,21,5
SB001032,STU00104,2026-05-30,2.04,8.06,2.84,2.28,2.15,40,5
SB001033,STU00104,2026-06-21,6.3,8.69,4.01,3.46,3.81,26,7
SB001034,STU00104,2026-02-26,0.56,8.83,1.55,3.18,0.49,37,6
SB001035,STU00104,2026-03-23,5.71,6.43,2.19,5.68,3.88,48,7
SB001036,STU00104,2026-03-02,7.58,6.17,2.63,4.41,3.04,16,8
SB001037,STU00104,2026-04-17,5.4,7.39,1.02,3.44,4.31,15,7
SB001038,STU00104,2026-06-13,6.52,8.27,1.65,1.63,3.95,50,7
SB001039,STU00104,2026-02-04,5.05,7.54,0.21,0.55,3.99,42,7
SB001040,STU00104,2026-06-23,1.44,8.04,1.17,3.2,3.7,40,5
SB001041,STU00105,2026-02-02,1.55,6.39,3.07,4.99,3.84,23,8
SB001042,STU00105,2026-04-15,5.12,8.71,2.63,2.83,0.0,6,6
SB001043,STU00105,2026-03-15,5.05,6.11,4.95,2.32,2.22,22,5
SB001044,STU00105,2026-02-19,5.82,8.08,2.89,2.46,3.92,46,7
SB001045,STU00105,2026-05-09,5.83,7.23,3.99,4.18,1.05,3,7
SB001046,STU00105,2026-06-09,3.72,4.61,2.64,4.14,2.16,40,9
SB001047,STU00105,2026-06-30,7.57,5.89,0.66,4.09,2.66,14,3
SB001048,STU00105,2026-06-25,1.55,5.04,2.44,1.24,0.84,32,1
SB001049,STU00105,2026-05-24,6.93,6.85,2.0,2.27,0.16,25,8
SB001050,STU00105,2026-06-22,7.15,8.34,0.35,3.31,3.27,20,8
SB001051,STU00106,2026-05-04,1.02,7.36,4.23,1.86,4.91,44,1
SB001052,STU00106,2026-02-27,7.59,8.95,4.41,5.35,3.06,11,4
SB001053,STU00106,2026-05-19,3.28,5.85,4.17,5.75,0.9,38,1
SB001054,STU00106,2026-05-21,5.99,6.93,0.35,4.64,2.28,33,7
SB001055,STU00106,2026-04-20,5.5,7.62,0.08,2.35,0.32,37,10
SB001056,STU00106,2026-04-07,5.02,6.95,1.26,0.88,2.44,37,2
SB001057,STU00106,2026-03-01,3.69,8.16,2.88,5.35,3.64,29,4
SB001058,STU00106,2026-04-15,3.55,7.76,1.49,4.99,0.71,42,5
SB001059,STU00106,2026-04-18,2.1,7.82,4.5,0.69,1.74,1,3
SB001060,STU00106,2026-06-28,4.93,5.56,3.58,3.69,0.9,48,7
SB001061,STU00107,2026-01-31,1.09,6.86,2.01,4.64,0.02,50,4
SB001062,STU00107,2026-04-24,2.46,4.77,1.0,3.58,3.88,21,1
SB001063,STU00107,2026-04-09,2.55,7.02,1.26,5.12,0.56,0,7
SB001064,STU00107,2026-06-21,5.15,5.06,3.95,5.48,4.95,35,1
SB001065,STU00107,2026-06-18,2.35,8.18,4.25,1.92,4.98,17,7
SB001066,STU00107,2026-04-24,1.55,6.16,1.42,2.35,3.03,18,8
SB001067,STU00107,2026-06-27,4.36,8.88,3.5,5.09,1.51,40,2
SB001068,STU00107,2026-01-25,4.04,8.26,4.3,3.98,3.79,27,3
SB001069,STU00107,2026-04-11,5.73,5.67,3.69,4.11,1.24,10,7
SB001070,STU00107,2026-02-10,6.49,5.15,4.08,0.54,2.97,42,2
SB001071,STU00108,2026-06-09,2.26,7.32,3.15,5.65,3.92,34,8
SB001072,STU00108,2026-02-19,1.32,7.97,4.81,1.8,4.01,8,8
SB001073,STU00108,2026-02-02,3.11,4.85,1.99,5.31,1.7,8,7
SB001074,STU00108,2026-04-01,3.91,6.22,3.86,5.77,4.62,39,3
SB001075,STU00108,2026-01-20,1.97,6.43,1.46,3.4,1.21,15,1
SB001076,STU00108,2026-06-15,0.96,7.61,0.2,1.11,4.89,21,4
SB001077,STU00108,2026-03-26,7.77,4.73,4.19,3.15,1.94,3,7
SB001078,STU00108,2026-03-01,3.48,5.83,0.42,2.19,1.66,29,4
SB001079,STU00108,2026-04-23,6.08,6.13,4.65,4.62,3.35,14,2
SB001080,STU00108,2026-04-07,2.33,6.74,2.76,1.88,0.24,1,5
SB001081,STU00109,2026-04-09,5.15,8.89,4.56,5.6,2.05,19,4
SB001082,STU00109,2026-04-07,7.92,7.77,1.48,3.12,2.21,35,3
SB001083,STU00109,2026-03-11,3.65,5.96,2.0,4.81,4.84,30,3
SB001084,STU00109,2026-04-03,2.09,7.65,2.54,1.11,3.59,17,3
SB001085,STU00109,2026-01-06,0.53,4.71,2.62,2.42,2.5,41,1
SB001086,STU00109,2026-05-20,4.25,8.9,3.72,5.33,3.21,39,2
SB001087,STU00109,2026-01-29,7.98,4.97,4.0,4.73,4.01,29,7
SB001088,STU00109,2026-04-05,1.12,8.03,1.59,5.77,1.19,24,1
SB001089,STU00109,2026-05-12,5.63,7.53,2.91,5.01,2.79,21,10
SB001090,STU00109,2026-02-19,6.76,8.0,4.03,5.54,2.08,8,3
SB001091,STU00110,2026-06-08,6.82,5.31,4.0,5.28,1.45,5,1
SB001092,STU00110,2026-06-11,3.49,8.11,1.39,2.61,1.69,4,4
SB001093,STU00110,2026-03-10,2.6,7.93,1.32,3.23,1.34,0,10
SB001094,STU00110,2026-06-07,4.71,8.68,1.67,4.15,1.93,44,5
SB001095,STU00110,2026-01-08,6.51,8.17,1.82,3.78,3.11,1,9
SB001096,STU00110,2026-03-11,4.25,5.75,3.59,0.63,1.57,43,7
SB001097,STU00110,2026-05-11,4.92,6.82,4.94,2.12,0.82,15,7
SB001098,STU00110,2026-05-09,3.34,5.22,4.17,4.02,0.35,12,6
SB001099,STU00110,2026-06-14,1.41,6.68,2.07,0.79,0.91,27,7
SB001100,STU00110,2026-03-23,6.15,4.52,0.72,1.94,2.17,31,7
SB001101,STU00111,2026-01-29,7.63,7.23,0.19,4.71,2.76,22,5
SB001102,STU00111,2026-05-02,3.81,6.55,3.75,4.95,3.19,25,10
SB001103,STU00111,2026-01-05,5.59,4.61,2.74,5.84,2.95,41,10
SB001104,STU00111,2026-06-06,3.89,8.31,4.45,1.57,3.42,11,6
SB001105,STU00111,2026-03-06,1.86,6.46,0.13,1.22,1.03,10,9
SB001106,STU00111,2026-02-25,4.02,8.96,2.4,0.86,1.14,36,8
SB001107,STU00111,2026-01-20,0.53,8.69,1.54,5.65,3.02,28,3
SB001108,STU00111,2026-06-30,7.35,8.35,4.11,3.66,0.87,3,3
SB001109,STU00111,2026-01-05,1.47,5.24,0.8,3.79,2.68,46,7
SB001110,STU00111,2026-05-09,5.83,5.88,3.2,1.73,2.36,44,8
SB001111,STU00112,2026-02-19,0.84,4.57,3.65,5.62,3.48,28,7
SB001112,STU00112,2026-01-27,3.54,5.44,1.8,2.31,3.5,35,8
SB001113,STU00112,2026-01-05,2.89,5.01,0.74,1.23,3.58,11,4
SB001114,STU00112,2026-05-02,1.48,8.78,3.22,3.56,0.25,22,5
SB001115,STU00112,2026-06-02,1.48,7.63,1.51,1.94,2.87,47,10
SB001116,STU00112,2026-05-30,7.45,5.86,1.35,5.28,2.77,7,9
SB001117,STU00112,2026-02-24,3.02,6.43,2.03,3.41,1.29,30,9
SB001118,STU00112,2026-05-01,6.22,7.75,2.83,4.72,3.73,44,9
SB001119,STU00112,2026-04-11,0.51,5.54,1.84,5.83,2.55,6,5
SB001120,STU00112,2026-01-02,4.67,8.65,3.71,5.09,0.65,39,7
SB001121,STU00113,2026-06-26,4.16,7.9,2.89,2.83,4.47,42,2
SB001122,STU00113,2026-04-20,4.57,6.1,4.59,2.7,3.25,15,4
SB001123,STU00113,2026-02-16,2.18,8.62,0.59,0.84,4.3,50,7
SB001124,STU00113,2026-03-10,3.36,8.99,4.89,1.34,0.34,14,3
SB001125,STU00113,2026-02-03,7.78,5.72,1.8,4.87,2.97,22,8
SB001126,STU00113,2026-03-20,0.76,6.47,3.38,1.22,2.12,35,10
SB001127,STU00113,2026-06-16,4.77,7.82,4.79,2.51,1.35,43,2
SB001128,STU00113,2026-06-26,7.22,5.03,1.37,3.76,3.27,24,3
SB001129,STU00113,2026-03-15,7.64,5.53,0.2,5.76,1.76,5,9
SB001130,STU00113,2026-04-17,4.71,6.62,1.26,2.45,3.8,13,1
SB001131,STU00114,2026-03-07,1.91,7.98,2.31,3.29,2.68,17,8
SB001132,STU00114,2026-06-17,6.97,8.33,0.15,2.76,2.8,40,1
SB001133,STU00114,2026-01-16,5.74,5.74,1.93,4.31,0.91,33,5
SB001134,STU00114,2026-03-26,7.04,8.31,1.07,4.47,3.09,17,9
SB001135,STU00114,2026-05-02,4.58,7.78,0.62,1.02,3.79,21,2
SB001136,STU00114,2026-05-02,3.99,6.98,4.68,2.75,1.5,38,7
SB001137,STU00114,2026-01-20,5.48,7.29,2.1,3.85,1.52,39,10
SB001138,STU00114,2026-04-07,1.97,6.36,3.78,4.42,0.16,32,2
SB001139,STU00114,2026-05-25,6.96,6.49,1.98,5.83,4.76,8,4
SB001140,STU00114,2026-06-20,2.85,8.5,4.13,4.9,2.41,45,5
SB001141,STU00115,2026-06-07,1.43,7.07,3.32,5.43,4.68,28,3
SB001142,STU00115,2026-03-13,6.74,8.69,1.27,3.02,3.55,6,1
SB001143,STU00115,2026-01-21,7.52,7.23,3.78,4.35,4.71,30,1
SB001144,STU00115,2026-06-13,6.98,8.49,4.37,4.34,2.77,50,10
SB001145,STU00115,2026-06-30,2.57,6.8,3.55,4.33,2.44,35,8
SB001146,STU00115,2026-06-04,4.26,8.57,2.88,5.86,0.75,4,10
SB001147,STU00115,2026-03-05,1.45,5.62,1.62,3.23,3.57,5,4
SB001148,STU00115,2026-05-24,4.73,4.61,0.39,1.67,0.15,40,3
SB001149,STU00115,2026-06-24,3.07,8.62,0.19,0.81,0.77,26,9
SB001150,STU00115,2026-02-02,0.66,7.52,1.59,5.81,3.01,22,9
SB001151,STU00116,2026-05-23,5.89,8.87,2.56,4.89,1.28,30,6
SB001152,STU00116,2026-03-06,3.86,8.16,3.33,5.64,3.34,7,6
SB001153,STU00116,2026-05-13,1.41,5.43,2.3,2.81,1.28,28,2
SB001154,STU00116,2026-05-06,5.78,8.83,2.5,1.47,2.76,30,9
SB001155,STU00116,2026-05-05,1.26,4.57,3.82,5.03,3.64,9,5
SB001156,STU00116,2026-06-17,5.54,4.6,0.96,0.77,1.46,27,2
SB001157,STU00116,2026-05-24,4.52,7.29,0.65,0.67,3.6,40,5
SB001158,STU00116,2026-02-16,2.42,6.44,4.01,2.97,4.38,12,8
SB001159,STU00116,2026-05-02,2.48,8.78,0.33,4.25,0.25,22,1
SB001160,STU00116,2026-01-26,6.44,6.98,1.03,3.59,4.79,49,7
SB001161,STU00117,2026-06-14,6.28,7.14,1.53,1.54,2.09,48,3
SB001162,STU00117,2026-05-09,1.44,5.09,1.58,2.04,4.39,46,8
SB001163,STU00117,2026-02-26,3.54,8.31,4.05,4.3,3.93,6,1
SB001164,STU00117,2026-02-11,4.61,6.52,3.88,4.39,1.77,8,6
SB001165,STU00117,2026-02-28,2.51,8.33,0.87,3.25,1.42,3,8
SB001166,STU00117,2026-06-13,4.46,6.81,1.01,5.1,3.28,33,6
SB001167,STU00117,2026-06-11,7.78,7.33,0.44,4.28,4.33,10,4
SB001168,STU00117,2026-06-03,1.37,8.11,3.26,4.48,1.73,0,4
SB001169,STU00117,2026-02-05,3.18,8.37,2.08,2.61,3.66,1,6
SB001170,STU00117,2026-01-09,3.01,5.1,3.44,4.15,4.88,41,1
SB001171,STU00118,2026-03-14,5.66,5.95,3.41,3.99,1.38,25,6
SB001172,STU00118,2026-06-08,7.28,7.71,0.01,3.01,4.09,38,6
SB001173,STU00118,2026-05-24,2.71,8.88,2.14,1.92,1.79,21,5
SB001174,STU00118,2026-03-10,7.31,6.93,1.98,3.88,2.13,34,1
SB001175,STU00118,2026-02-13,3.91,8.59,4.42,3.25,0.51,41,3
SB001176,STU00118,2026-01-14,3.33,7.04,3.78,1.68,2.55,37,7
SB001177,STU00118,2026-03-20,7.98,7.86,2.84,5.53,3.52,36,8
SB001178,STU00118,2026-01-17,4.27,5.1,4.55,2.76,2.92,36,6
SB001179,STU00118,2026-04-17,6.28,5.93,0.76,0.7,4.21,27,3
SB001180,STU00118,2026-01-21,1.31,6.54,2.46,2.38,1.19,10,10
SB001181,STU00119,2026-01-08,7.56,8.12,4.76,0.64,1.48,8,2
SB001182,STU00119,2026-02-07,4.21,7.92,4.28,1.15,4.93,7,9
SB001183,STU00119,2026-01-31,6.11,8.71,2.01,5.24,4.22,7,9
SB001184,STU00119,2026-05-17,3.26,8.74,0.68,5.21,1.94,11,4
SB001185,STU00119,2026-01-21,7.33,5.19,3.27,2.15,3.37,35,1
SB001186,STU00119,2026-05-03,5.43,5.29,1.26,5.93,4.04,13,7
SB001187,STU00119,2026-01-19,1.01,5.95,2.42,5.71,3.5,15,2
SB001188,STU00119,2026-02-19,6.51,4.5,4.66,2.89,0.74,24,9
SB001189,STU00119,2026-05-16,3.46,7.96,3.65,5.66,3.06,15,1
SB001190,STU00119,2026-02-23,5.13,8.31,2.01,4.18,4.0,28,8
SB001191,STU00120,2026-03-28,2.02,8.08,2.5,2.59,1.42,0,3
SB001192,STU00120,2026-06-29,4.98,6.77,2.04,3.39,3.46,24,2
SB001193,STU00120,2026-03-09,5.54,7.94,2.1,2.35,3.16,15,6
SB001194,STU00120,2026-02-18,5.54,5.72,2.28,5.83,1.16,19,2
SB001195,STU00120,2026-05-13,1.17,6.53,0.82,4.92,3.44,41,4
SB001196,STU00120,2026-01-11,0.96,6.12,4.21,5.34,2.8,25,4
SB001197,STU00120,2026-04-23,2.18,5.35,2.72,2.07,0.69,29,3
SB001198,STU00120,2026-02-16,7.82,7.46,0.46,2.3,1.48,48,10
SB001199,STU00120,2026-02-17,7.78,8.7,1.72,4.4,3.5,41,6
SB001200,STU00120,2026-04-16,3.1,4.85,4.42,3.4,4.23,49,1
SB001201,STU00121,2026-03-12,7.78,7.65,3.93,4.17,3.99,38,6
SB001202,STU00121,2026-03-29,6.79,6.58,0.27,3.17,4.92,32,4
SB001203,STU00121,2026-03-29,4.69,6.39,0.4,1.26,1.13,7,4
SB001204,STU00121,2026-02-22,5.56,5.92,4.44,3.43,0.94,8,5
SB001205,STU00121,2026-02-22,5.96,6.7,3.47,3.4,3.54,9,5
SB001206,STU00121,2026-01-29,6.88,7.93,2.56,5.68,3.0,24,5
SB001207,STU00121,2026-05-08,6.51,8.61,3.29,3.47,1.72,26,8
SB001208,STU00121,2026-05-01,2.91,6.6,3.01,4.8,2.33,14,10
SB001209,STU00121,2026-06-12,5.96,6.76,1.87,0.87,2.47,35,9
SB001210,STU00121,2026-01-10,0.98,8.16,2.53,2.01,4.19,26,10
SB001211,STU00122,2026-03-03,2.16,7.88,2.16,3.7,2.88,12,1
SB001212,STU00122,2026-02-04,2.09,8.38,3.38,4.58,4.47,33,9
SB001213,STU00122,2026-06-11,0.79,6.48,2.73,2.14,4.66,15,3
SB001214,STU00122,2026-06-08,4.89,5.54,0.78,2.75,2.67,15,3
SB001215,STU00122,2026-02-24,6.84,8.79,0.2,0.99,4.32,38,5
SB001216,STU00122,2026-01-04,4.91,5.5,2.59,1.36,4.92,40,1
SB001217,STU00122,2026-02-22,4.18,4.86,1.4,1.74,2.86,25,2
SB001218,STU00122,2026-03-17,2.97,6.73,0.04,4.96,1.97,20,7
SB001219,STU00122,2026-04-28,5.13,7.98,1.73,1.65,2.1,25,6
SB001220,STU00122,2026-02-22,2.14,5.58,4.51,4.0,2.25,36,2
SB001221,STU00123,2026-04-13,1.04,8.8,1.57,3.18,1.71,3,1
SB001222,STU00123,2026-03-20,7.92,5.33,3.25,4.36,0.69,1,5
SB001223,STU00123,2026-06-08,1.09,8.46,1.4,2.54,0.67,25,5
SB001224,STU00123,2026-04-28,5.58,8.66,1.91,4.77,1.48,9,2
SB001225,STU00123,2026-04-21,6.65,6.8,0.21,1.99,1.58,47,7
SB001226,STU00123,2026-05-25,3.6,7.29,0.85,3.07,0.6,46,3
SB001227,STU00123,2026-02-18,4.42,5.21,3.05,3.81,1.81,29,8
SB001228,STU00123,2026-05-19,4.35,8.63,1.59,5.59,3.51,9,8
SB001229,STU00123,2026-02-17,6.77,7.22,3.13,1.81,3.47,10,10
SB001230,STU00123,2026-05-16,5.19,5.04,3.22,4.0,1.21,44,10
SB001231,STU00124,2026-02-23,3.31,7.88,3.34,1.77,1.13,24,3
SB001232,STU00124,2026-05-12,3.45,4.51,4.91,0.9,3.28,49,4
SB001233,STU00124,2026-01-14,6.12,6.79,0.94,3.15,0.76,37,1
SB001234,STU00124,2026-05-19,7.94,6.16,3.65,3.99,2.57,47,3
SB001235,STU00124,2026-02-08,1.5,7.68,2.11,3.6,1.47,16,7
SB001236,STU00124,2026-05-11,5.0,8.04,3.66,4.73,0.71,22,10
SB001237,STU00124,2026-03-16,3.42,6.14,4.53,5.84,2.12,20,3
SB001238,STU00124,2026-06-02,7.08,8.9,2.93,4.42,2.16,1,6
SB001239,STU00124,2026-04-03,7.24,5.57,3.22,4.43,4.35,9,1
SB001240,STU00124,2026-04-26,1.09,6.95,0.29,5.59,2.32,20,3
SB001241,STU00125,2026-04-14,3.88,6.73,3.52,4.93,4.27,20,4
SB001242,STU00125,2026-03-10,3.25,5.69,2.32,2.55,4.53,37,1
SB001243,STU00125,2026-02-16,1.48,6.25,0.7,2.52,4.9,33,5
SB001244,STU00125,2026-04-14,3.57,6.48,0.49,3.29,3.28,3,4
SB001245,STU00125,2026-06-17,4.08,5.96,3.09,1.99,0.67,34,8
SB001246,STU00125,2026-04-24,4.71,7.2,4.9,0.94,2.62,21,1
SB001247,STU00125,2026-04-28,2.68,5.98,0.88,2.73,0.92,31,3
SB001248,STU00125,2026-02-09,2.08,5.58,1.74,4.97,2.59,5,5
SB001249,STU00125,2026-03-03,5.85,6.55,0.0,1.83,4.41,5,4
SB001250,STU00125,2026-03-08,3.98,8.29,3.56,1.38,3.43,36,7
SB001251,STU00126,2026-04-21,6.82,6.19,3.32,3.04,3.66,23,10
SB001252,STU00126,2026-02-22,6.4,7.44,3.41,4.98,3.72,29,9
SB001253,STU00126,2026-01-29,2.66,7.88,4.7,1.66,4.02,18,3
SB001254,STU00126,2026-06-28,4.62,6.27,1.55,1.49,0.15,41,10
SB001255,STU00126,2026-06-20,4.85,5.45,4.94,2.96,2.7,30,10
SB001256,STU00126,2026-04-04,7.01,8.47,1.06,2.6,3.54,6,9
SB001257,STU00126,2026-03-25,7.92,6.39,3.74,3.87,4.64,9,8
SB001258,STU00126,2026-03-31,6.87,8.89,3.97,1.48,4.69,14,2
SB001259,STU00126,2026-03-15,0.95,5.27,0.07,3.34,4.53,39,5
SB001260,STU00126,2026-03-03,6.54,5.68,1.61,5.15,4.01,50,4
SB001261,STU00127,2026-03-07,1.78,4.91,2.84,4.81,1.26,33,6
SB001262,STU00127,2026-02-24,3.26,8.83,0.25,2.63,4.48,23,2
SB001263,STU00127,2026-04-24,1.24,7.59,1.75,3.3,0.18,12,6
SB001264,STU00127,2026-03-06,4.0,5.43,0.33,0.96,3.8,9,10
SB001265,STU00127,2026-06-30,6.25,8.09,0.05,1.66,2.0,19,2
SB001266,STU00127,2026-04-29,4.34,7.86,4.32,4.82,1.05,14,9
SB001267,STU00127,2026-03-22,7.01,6.4,2.27,4.64,4.72,37,2
SB001268,STU00127,2026-04-03,1.93,5.81,2.35,3.61,2.97,11,10
SB001269,STU00127,2026-03-15,2.8,6.09,4.59,1.62,2.52,26,3
SB001270,STU00127,2026-04-16,4.03,5.99,3.69,4.04,1.97,36,3
SB001271,STU00128,2026-04-21,3.9,8.56,2.39,5.9,3.74,16,10
SB001272,STU00128,2026-01-21,3.33,5.2,1.85,3.93,0.81,21,8
SB001273,STU00128,2026-06-10,0.82,4.59,4.64,3.01,2.71,34,1
SB001274,STU00128,2026-06-17,6.42,7.55,1.36,4.68,0.26,28,7
SB001275,STU00128,2026-03-29,3.26,6.25,2.24,5.6,3.83,44,9
SB001276,STU00128,2026-02-01,7.68,7.38,0.49,3.21,2.28,30,9
SB001277,STU00128,2026-03-14,4.07,5.84,1.88,4.12,3.67,36,3
SB001278,STU00128,2026-05-28,6.38,5.51,0.28,0.8,3.54,50,3
SB001279,STU00128,2026-03-16,4.68,5.4,2.74,3.86,0.09,50,1
SB001280,STU00128,2026-05-04,0.96,5.69,0.21,4.97,0.96,40,8
SB001281,STU00129,2026-06-09,4.48,8.71,1.37,3.21,3.67,36,7
SB001282,STU00129,2026-03-22,5.91,6.66,2.86,3.76,4.17,33,7
SB001283,STU00129,2026-06-24,7.35,5.22,3.74,4.8,3.79,13,10
SB001284,STU00129,2026-03-14,3.7,5.33,1.79,3.73,3.6,12,8
SB001285,STU00129,2026-04-09,5.54,8.05,2.43,3.67,3.2,15,3
SB001286,STU00129,2026-03-10,4.79,5.76,3.11,1.7,0.82,27,1
SB001287,STU00129,2026-05-31,6.28,8.82,1.53,3.0,4.87,2,7
SB001288,STU00129,2026-02-08,7.72,7.49,4.87,0.77,3.03,28,3
SB001289,STU00129,2026-02-22,5.59,8.07,2.99,3.08,4.72,1,8
SB001290,STU00129,2026-01-21,0.86,4.97,4.53,3.03,0.63,19,4
SB001291,STU00130,2026-03-11,2.53,4.82,2.17,1.3,0.07,11,1
SB001292,STU00130,2026-04-15,3.83,5.38,0.84,1.38,3.16,21,5
SB001293,STU00130,2026-02-17,7.79,7.75,2.92,2.61,4.05,7,9
SB001294,STU00130,2026-05-18,2.93,8.04,3.63,5.45,3.0,2,4
SB001295,STU00130,2026-02-27,6.46,5.06,1.14,5.74,2.27,7,8
SB001296,STU00130,2026-05-22,6.76,8.38,3.99,5.07,1.16,1,1
SB001297,STU00130,2026-04-17,3.87,5.28,2.62,2.45,0.92,41,8
SB001298,STU00130,2026-02-15,0.82,7.09,0.58,0.83,2.78,38,4
SB001299,STU00130,2026-03-16,7.01,5.48,4.22,2.85,0.63,26,9
SB001300,STU00130,2026-05-19,6.72,7.34,4.61,3.82,1.27,32,1
SB001301,STU00131,2026-03-17,4.92,6.6,0.24,5.17,0.87,0,5
SB001302,STU00131,2026-01-06,3.27,5.77,0.04,0.66,0.64,13,3
SB001303,STU00131,2026-04-21,1.42,8.21,3.98,5.22,4.78,47,10
SB001304,STU00131,2026-01-14,1.04,7.12,4.49,2.9,1.93,27,7
SB001305,STU00131,2026-01-11,5.25,7.04,1.43,1.85,1.31,44,8
SB001306,STU00131,2026-04-30,6.91,5.63,0.54,2.65,4.65,15,8
SB001307,STU00131,2026-02-02,6.23,8.57,3.33,5.39,4.51,14,6
SB001308,STU00131,2026-05-29,7.15,6.18,4.0,5.44,2.86,39,1
SB001309,STU00131,2026-02-13,6.17,8.83,3.97,5.93,0.39,32,8
SB001310,STU00131,2026-04-25,1.17,5.14,1.03,4.34,0.47,36,5
SB001311,STU00132,2026-01-29,4.79,5.52,2.49,5.63,1.54,35,9
SB001312,STU00132,2026-03-11,2.71,5.66,1.49,3.79,0.43,43,8
SB001313,STU00132,2026-03-04,6.23,6.29,4.07,4.25,1.71,8,8
SB001314,STU00132,2026-06-25,3.55,7.55,1.73,4.94,1.31,49,9
SB001315,STU00132,2026-06-07,5.95,8.95,0.17,4.09,2.94,26,3
SB001316,STU00132,2026-03-31,4.24,5.78,3.2,2.01,3.85,10,9
SB001317,STU00132,2026-05-10,6.8,4.83,2.05,0.84,3.95,28,7
SB001318,STU00132,2026-01-30,6.11,6.4,4.28,3.79,1.77,5,5
SB001319,STU00132,2026-01-13,4.54,5.99,0.3,2.96,2.19,44,10
SB001320,STU00132,2026-04-23,4.94,4.54,4.81,2.96,2.9,15,9
SB001321,STU00133,2026-05-27,6.12,5.22,3.98,0.88,0.24,42,6
SB001322,STU00133,2026-03-02,7.79,8.39,4.78,2.84,4.48,23,7
SB001323,STU00133,2026-06-18,3.4,7.59,1.86,4.12,1.82,16,8
SB001324,STU00133,2026-01-18,6.09,8.84,1.66,5.63,2.71,19,10
SB001325,STU00133,2026-04-17,4.99,5.21,4.92,3.83,2.18,49,9
SB001326,STU00133,2026-06-21,5.4,6.92,4.09,0.75,2.57,41,8
SB001327,STU00133,2026-06-11,2.93,5.44,1.98,2.99,2.66,8,4
SB001328,STU00133,2026-06-22,2.58,4.92,0.78,1.03,4.13,29,2
SB001329,STU00133,2026-02-09,3.87,5.81,4.69,2.24,0.42,35,10
SB001330,STU00133,2026-06-07,5.14,5.28,3.78,2.99,2.17,16,3
SB001331,STU00134,2026-05-05,5.53,5.17,0.41,3.54,2.91,34,2
SB001332,STU00134,2026-04-02,2.53,7.3,3.74,2.18,0.4,32,2
SB001333,STU00134,2026-04-30,5.4,8.03,1.22,2.6,4.85,18,4
SB001334,STU00134,2026-04-10,2.28,4.77,1.92,3.86,0.36,28,7
SB001335,STU00134,2026-05-19,1.34,6.64,2.44,2.15,0.98,30,5
SB001336,STU00134,2026-02-16,7.67,5.87,3.55,1.31,4.95,49,9
SB001337,STU00134,2026-04-17,7.88,5.27,1.08,4.37,2.56,32,4
SB001338,STU00134,2026-04-28,1.73,6.65,4.77,2.77,2.48,24,8
SB001339,STU00134,2026-03-23,2.86,8.52,0.59,5.97,4.97,30,7
SB001340,STU00134,2026-03-01,0.59,6.19,4.64,3.48,0.09,18,9
SB001341,STU00135,2026-05-15,2.31,6.13,3.44,3.31,1.72,47,8
SB001342,STU00135,2026-04-16,7.89,4.65,0.46,2.12,3.84,23,5
SB001343,STU00135,2026-06-20,3.72,6.22,2.66,2.5,1.58,36,1
SB001344,STU00135,2026-04-04,6.64,6.08,3.98,5.92,1.35,21,1
SB001345,STU00135,2026-03-16,4.17,6.12,4.28,0.75,2.9,17,4
SB001346,STU00135,2026-06-14,0.84,4.69,3.18,1.94,4.83,5,5
SB001347,STU00135,2026-06-03,5.6,6.85,3.82,4.44,2.39,5,4
SB001348,STU00135,2026-01-14,3.79,5.65,2.61,4.94,4.07,12,9
SB001349,STU00135,2026-03-12,3.64,8.74,4.7,5.42,0.92,9,4
SB001350,STU00135,2026-03-15,1.19,6.85,4.03,1.19,3.08,46,10
SB001351,STU00136,2026-04-21,4.03,6.46,2.34,1.52,4.82,44,3
SB001352,STU00136,2026-01-12,1.39,6.64,1.53,1.15,0.36,37,1
SB001353,STU00136,2026-01-14,7.07,6.12,1.91,3.69,4.04,40,7
SB001354,STU00136,2026-03-31,1.78,7.29,3.99,1.43,4.47,15,3
SB001355,STU00136,2026-04-21,2.77,7.57,4.42,3.36,4.76,33,5
SB001356,STU00136,2026-03-16,0.94,8.75,0.43,3.36,2.12,16,1
SB001357,STU00136,2026-01-14,6.72,4.5,1.93,3.38,1.02,4,7
SB001358,STU00136,2026-01-15,3.02,5.81,1.43,5.17,4.58,49,1
SB001359,STU00136,2026-02-23,4.26,8.24,3.96,3.73,4.62,42,6
SB001360,STU00136,2026-01-21,2.97,4.74,3.55,5.43,0.99,21,5
SB001361,STU00137,2026-01-10,1.92,6.97,0.27,1.55,1.44,2,1
SB001362,STU00137,2026-03-10,3.64,6.43,1.43,1.08,0.93,28,6
SB001363,STU00137,2026-04-10,0.77,5.06,1.39,4.06,1.61,49,2
SB001364,STU00137,2026-04-04,7.65,7.0,0.36,1.98,2.26,45,7
SB001365,STU00137,2026-06-28,3.34,6.16,4.84,5.41,2.87,12,2
SB001366,STU00137,2026-03-13,1.83,4.82,3.41,4.08,3.33,26,2
SB001367,STU00137,2026-02-21,4.36,5.19,3.53,1.96,2.37,33,10
SB001368,STU00137,2026-05-30,4.84,6.12,2.12,1.17,1.86,24,1
SB001369,STU00137,2026-06-24,5.58,4.71,0.54,3.22,3.67,9,9
SB001370,STU00137,2026-05-23,6.0,8.58,0.47,0.75,4.47,28,2
SB001371,STU00138,2026-03-15,1.46,8.78,4.98,1.71,0.92,22,8
SB001372,STU00138,2026-05-22,5.89,7.49,2.78,5.63,2.78,27,10
SB001373,STU00138,2026-05-29,1.26,8.92,1.11,1.65,1.16,32,1
SB001374,STU00138,2026-01-05,2.07,7.14,1.26,3.22,4.37,20,5
SB001375,STU00138,2026-01-09,4.01,5.7,1.67,4.93,0.32,39,1
SB001376,STU00138,2026-01-22,4.92,7.52,0.01,5.07,2.01,43,2
SB001377,STU00138,2026-01-23,5.16,5.43,0.31,5.51,0.29,28,6
SB001378,STU00138,2026-05-08,7.63,6.56,0.14,1.28,0.26,27,4
SB001379,STU00138,2026-06-29,0.55,7.2,0.84,4.42,0.24,7,5
SB001380,STU00138,2026-01-30,6.32,5.6,2.84,4.72,2.89,13,10
SB001381,STU00139,2026-01-31,5.36,7.83,2.96,0.68,3.62,5,1
SB001382,STU00139,2026-04-10,2.96,6.43,0.3,5.51,0.82,15,10
SB001383,STU00139,2026-06-06,2.22,5.09,1.53,4.96,2.97,34,6
SB001384,STU00139,2026-03-03,3.85,4.69,1.96,4.24,0.0,1,4
SB001385,STU00139,2026-04-13,2.65,8.24,0.08,0.7,3.34,3,6
SB001386,STU00139,2026-01-25,7.34,8.66,2.57,5.35,2.24,15,10
SB001387,STU00139,2026-04-05,5.98,8.78,3.34,4.9,4.2,45,9
SB001388,STU00139,2026-06-12,4.83,7.14,3.19,0.55,2.41,4,1
SB001389,STU00139,2026-03-20,7.8,7.08,3.09,3.58,2.33,41,3
SB001390,STU00139,2026-04-22,7.81,6.94,0.44,2.95,4.72,32,8
SB001391,STU00140,2026-06-22,3.33,6.33,0.06,0.82,0.91,48,9
SB001392,STU00140,2026-05-11,3.1,4.65,0.63,5.57,1.4,0,5
SB001393,STU00140,2026-03-06,7.97,6.49,4.54,0.91,1.29,7,9
SB001394,STU00140,2026-05-06,5.43,8.39,4.16,4.79,3.18,48,8
SB001395,STU00140,2026-05-21,1.13,7.3,1.94,4.72,1.09,29,1
SB001396,STU00140,2026-06-09,3.73,6.8,2.87,1.13,4.59,9,4
SB001397,STU00140,2026-02-24,4.58,5.74,3.63,1.02,4.15,47,1
SB001398,STU00140,2026-06-28,1.77,6.02,4.66,4.58,2.79,22,9
SB001399,STU00140,2026-04-24,4.16,4.95,2.68,3.55,0.11,34,3
SB001400,STU00140,2026-04-09,4.88,8.4,3.06,3.94,0.1,19,4
SB001401,STU00141,2026-03-16,3.13,4.77,3.2,1.08,3.42,2,3
SB001402,STU00141,2026-01-08,6.8,6.4,4.81,2.49,0.88,45,4
SB001403,STU00141,2026-02-28,2.85,6.91,4.39,4.42,2.71,11,9
SB001404,STU00141,2026-01-17,3.62,5.29,3.3,4.72,3.14,41,8
SB001405,STU00141,2026-05-31,0.88,5.15,0.87,5.5,3.09,18,4
SB001406,STU00141,2026-04-17,7.69,5.5,4.54,1.11,1.16,48,8
SB001407,STU00141,2026-01-29,0.52,7.12,0.54,0.61,0.43,27,7
SB001408,STU00141,2026-01-27,4.28,5.79,4.24,5.83,4.96,14,6
SB001409,STU00141,2026-01-02,2.26,6.07,2.73,5.21,4.91,43,5
SB001410,STU00141,2026-04-16,3.77,5.97,4.49,1.09,2.66,33,8
SB001411,STU00142,2026-02-22,3.08,5.48,1.93,4.99,3.77,5,7
SB001412,STU00142,2026-04-02,6.63,8.4,1.69,1.42,2.49,37,7
SB001413,STU00142,2026-01-17,7.99,7.57,1.15,0.59,2.09,18,6
SB001414,STU00142,2026-01-20,4.99,5.02,3.48,4.6,0.7,44,6
SB001415,STU00142,2026-05-24,6.53,6.82,1.54,1.65,3.9,35,5
SB001416,STU00142,2026-03-30,6.94,6.04,1.56,5.34,0.12,28,10
SB001417,STU00142,2026-04-14,2.78,5.88,1.11,3.29,4.89,4,6
SB001418,STU00142,2026-06-01,5.28,5.51,1.24,1.48,4.44,2,2
SB001419,STU00142,2026-06-27,4.58,7.78,3.35,4.02,1.03,0,8
SB001420,STU00142,2026-05-12,5.56,4.6,0.89,5.18,2.09,9,7
SB001421,STU00143,2026-05-12,0.81,4.58,1.85,2.9,0.85,37,9
SB001422,STU00143,2026-02-26,4.08,6.08,4.62,1.05,1.47,9,8
SB001423,STU00143,2026-06-18,4.33,8.89,4.11,5.8,1.56,43,1
SB001424,STU00143,2026-04-27,5.83,4.59,0.09,5.67,0.03,13,2
SB001425,STU00143,2026-03-04,5.23,7.95,3.02,3.0,3.61,20,1
SB001426,STU00143,2026-04-03,4.36,7.17,1.21,4.23,0.92,40,3
SB001427,STU00143,2026-03-29,4.19,7.6,1.61,5.28,4.53,44,6
SB001428,STU00143,2026-05-18,0.72,6.63,0.11,1.08,3.79,17,10
SB001429,STU00143,2026-06-16,1.01,8.15,3.91,4.66,0.68,31,2
SB001430,STU00143,2026-01-19,3.22,5.31,2.48,5.86,4.04,12,7
SB001431,STU00144,2026-02-25,2.43,8.95,2.75,2.42,1.14,22,9
SB001432,STU00144,2026-01-09,4.15,6.21,0.05,2.39,4.59,41,1
SB001433,STU00144,2026-03-31,5.82,6.09,3.1,3.86,2.53,20,3
SB001434,STU00144,2026-05-09,1.81,5.59,2.08,2.33,4.24,5,1
SB001435,STU00144,2026-05-08,4.87,6.65,0.66,5.64,3.97,17,6
SB001436,STU00144,2026-04-27,6.0,6.72,1.12,0.97,4.06,4,4
SB001437,STU00144,2026-01-29,7.73,6.03,4.89,3.61,0.08,44,6
SB001438,STU00144,2026-04-28,3.33,8.54,3.92,4.16,0.35,11,3
SB001439,STU00144,2026-01-10,7.78,7.88,2.51,5.61,1.75,42,9
SB001440,STU00144,2026-04-29,2.65,5.29,1.23,3.43,1.92,32,7
SB001441,STU00145,2026-06-18,7.86,4.74,2.49,3.69,3.96,2,9
SB001442,STU00145,2026-04-11,7.58,7.74,1.09,4.81,0.1,1,5
SB001443,STU00145,2026-05-06,2.24,7.06,3.66,4.02,2.31,27,10
SB001444,STU00145,2026-04-08,6.72,4.82,1.48,1.82,0.25,39,2
SB001445,STU00145,2026-04-01,6.01,4.9,4.71,5.41,4.93,46,4
SB001446,STU00145,2026-02-22,7.87,7.22,0.9,1.61,3.24,42,10
SB001447,STU00145,2026-06-01,0.96,8.79,1.6,4.03,4.05,42,10
SB001448,STU00145,2026-03-17,4.08,7.07,2.12,2.08,0.97,9,8
SB001449,STU00145,2026-03-15,6.48,6.77,0.98,4.2,1.44,36,10
SB001450,STU00145,2026-03-16,4.02,8.81,2.92,2.13,1.07,15,9
SB001451,STU00146,2026-06-27,1.93,8.7,4.12,4.71,3.37,23,2
SB001452,STU00146,2026-06-26,0.76,7.38,1.75,0.89,4.45,13,3
SB001453,STU00146,2026-05-01,1.19,8.44,4.93,0.61,3.88,4,4
SB001454,STU00146,2026-04-22,7.66,5.32,0.56,4.41,0.06,28,9
SB001455,STU00146,2026-06-15,1.12,6.05,1.39,2.26,4.22,40,3
SB001456,STU00146,2026-04-10,1.52,7.01,0.98,2.94,1.39,40,5
SB001457,STU00146,2026-03-05,5.88,4.58,3.71,2.6,1.22,10,8
SB001458,STU00146,2026-03-10,2.3,8.49,3.59,1.51,3.64,43,7
SB001459,STU00146,2026-02-17,4.31,7.61,1.77,1.9,4.15,32,7
SB001460,STU00146,2026-01-15,4.41,8.5,2.95,1.46,2.29,32,4
SB001461,STU00147,2026-01-26,3.29,8.09,2.94,1.12,2.69,14,1
SB001462,STU00147,2026-01-14,5.91,5.29,0.78,4.52,4.29,39,2
SB001463,STU00147,2026-03-07,2.15,6.82,4.88,5.48,2.3,23,9
SB001464,STU00147,2026-06-24,7.21,4.94,1.44,4.14,2.71,5,5
SB001465,STU00147,2026-05-22,6.46,6.52,0.96,5.71,3.44,8,8
SB001466,STU00147,2026-05-17,2.58,6.07,1.2,1.95,3.47,4,7
SB001467,STU00147,2026-03-03,7.9,7.5,2.42,4.83,0.94,31,10
SB001468,STU00147,2026-01-25,5.85,4.79,2.27,1.87,4.23,4,9
SB001469,STU00147,2026-06-19,7.32,6.6,4.39,5.02,0.31,31,10
SB001470,STU00147,2026-06-22,2.08,7.15,1.42,5.38,1.42,2,9
SB001471,STU00148,2026-05-19,5.0,7.69,2.58,0.9,2.63,26,5
SB001472,STU00148,2026-05-15,3.83,5.8,2.38,2.57,3.66,16,1
SB001473,STU00148,2026-06-01,3.25,8.62,2.32,2.24,0.85,40,8
SB001474,STU00148,2026-01-07,6.15,6.91,4.9,3.46,1.08,42,5
SB001475,STU00148,2026-03-29,5.24,4.91,0.52,1.58,1.97,29,4
SB001476,STU00148,2026-03-11,7.39,6.64,3.67,4.92,2.08,3,1
SB001477,STU00148,2026-03-17,3.82,6.78,3.11,1.23,2.59,5,2
SB001478,STU00148,2026-02-16,7.5,6.69,4.22,5.21,3.05,39,6
SB001479,STU00148,2026-06-19,6.35,8.88,1.18,3.31,1.53,15,7
SB001480,STU00148,2026-05-30,4.48,8.05,1.69,2.05,3.7,27,7
SB001481,STU00149,2026-06-24,5.1,5.17,4.69,3.47,3.48,0,9
SB001482,STU00149,2026-05-16,5.07,5.84,1.46,3.79,2.72,33,6
SB001483,STU00149,2026-02-21,5.15,7.72,3.97,3.94,2.73,27,2
SB001484,STU00149,2026-05-17,1.67,8.21,5.0,2.34,3.89,28,3
SB001485,STU00149,2026-06-04,4.76,5.24,1.93,5.84,4.77,41,1
SB001486,STU00149,2026-02-06,5.57,8.42,4.71,3.81,3.39,50,3
SB001487,STU00149,2026-02-16,0.83,8.16,0.07,3.7,4.29,28,6
SB001488,STU00149,2026-05-27,0.76,5.97,3.03,2.34,4.48,11,2
SB001489,STU00149,2026-02-08,0.55,7.63,1.17,2.93,1.3,7,5
SB001490,STU00149,2026-05-11,0.63,6.66,4.75,2.52,3.44,34,7
SB001491,STU00150,2026-05-12,6.73,5.63,4.01,3.52,3.86,29,5
SB001492,STU00150,2026-03-14,3.88,9.0,2.66,3.64,1.16,27,4
SB001493,STU00150,2026-06-27,5.29,6.21,0.29,1.43,3.7,50,6
SB001494,STU00150,2026-04-06,7.52,5.08,4.97,4.17,0.52,2,3
SB001495,STU00150,2026-06-05,4.78,8.02,3.37,2.07,1.18,21,9
SB001496,STU00150,2026-04-19,6.92,7.46,4.03,0.99,1.67,38,8
SB001497,STU00150,2026-01-17,1.33,7.08,3.58,2.63,0.72,4,10
SB001498,STU00150,2026-06-04,2.08,7.22,4.78,4.21,2.8,4,4
SB001499,STU00150,2026-02-03,2.56,8.0,4.48,2.75,3.62,15,5
SB001500,STU00150,2026-01-17,1.29,5.3,3.25,1.92,2.85,12,5
SB001501,STU00151,2026-03-10,7.58,8.87,3.87,3.69,0.68,47,3
SB001502,STU00151,2026-03-02,3.31,6.92,4.34,3.81,2.91,30,7
SB001503,STU00151,2026-02-11,2.68,7.32,0.01,4.86,4.15,9,10
SB001504,STU00151,2026-06-08,5.62,6.02,3.37,4.47,2.14,6,5
SB001505,STU00151,2026-01-23,6.19,5.61,3.47,3.99,3.48,25,4
SB001506,STU00151,2026-02-24,5.13,6.84,1.68,2.84,3.71,2,3
SB001507,STU00151,2026-03-19,4.44,7.26,2.86,4.6,2.06,50,7
SB001508,STU00151,2026-04-18,5.66,6.6,2.93,5.89,2.81,29,5
SB001509,STU00151,2026-06-23,6.29,7.5,4.83,1.68,2.5,27,2
SB001510,STU00151,2026-04-06,4.04,9.0,1.78,5.88,3.25,50,7
SB001511,STU00152,2026-02-28,0.85,5.83,2.32,4.74,4.73,12,1
SB001512,STU00152,2026-01-01,7.91,6.11,4.05,5.0,1.15,44,4
SB001513,STU00152,2026-06-06,5.17,5.81,2.75,2.41,2.66,21,9
SB001514,STU00152,2026-03-21,6.43,7.61,2.02,4.32,0.9,20,1
SB001515,STU00152,2026-05-10,1.86,6.9,0.63,5.69,4.9,31,5
SB001516,STU00152,2026-06-06,3.62,5.67,0.5,4.21,3.86,9,7
SB001517,STU00152,2026-01-08,3.14,5.27,1.87,5.59,1.2,29,10
SB001518,STU00152,2026-03-14,4.74,7.41,0.13,1.34,1.42,9,3
SB001519,STU00152,2026-05-31,0.68,5.57,1.98,0.76,2.24,9,7
SB001520,STU00152,2026-03-27,3.01,4.92,4.52,1.95,3.17,7,8
SB001521,STU00153,2026-04-27,1.33,6.14,2.77,4.65,2.34,3,9
SB001522,STU00153,2026-06-08,3.54,8.32,0.83,4.7,2.73,17,5
SB001523,STU00153,2026-05-27,5.06,5.07,0.96,5.8,1.33,11,1
SB001524,STU00153,2026-03-09,1.68,7.13,3.08,3.09,3.92,25,4
SB001525,STU00153,2026-02-13,3.67,4.53,4.54,1.44,4.13,13,9
SB001526,STU00153,2026-05-07,4.27,6.96,2.97,1.64,4.99,43,3
SB001527,STU00153,2026-01-18,3.65,5.69,1.28,3.85,3.48,5,1
SB001528,STU00153,2026-03-05,4.01,6.44,4.53,4.96,3.65,1,3
SB001529,STU00153,2026-03-04,7.58,5.94,3.4,3.53,3.8,13,8
SB001530,STU00153,2026-05-01,3.58,5.07,0.85,1.33,1.42,38,3
SB001531,STU00154,2026-03-07,5.34,7.13,4.76,1.25,4.87,5,2
SB001532,STU00154,2026-03-19,2.05,7.68,4.74,2.08,3.74,50,6
SB001533,STU00154,2026-03-05,4.89,7.37,0.5,3.83,4.23,49,2
SB001534,STU00154,2026-04-26,7.15,4.88,3.64,4.18,3.82,39,9
SB001535,STU00154,2026-05-28,5.25,4.71,0.82,5.52,0.07,5,1
SB001536,STU00154,2026-04-09,4.56,6.43,2.51,2.66,0.02,44,7
SB001537,STU00154,2026-04-09,1.78,7.68,3.9,1.76,1.05,34,3
SB001538,STU00154,2026-02-02,2.42,6.51,1.52,2.99,4.58,41,7
SB001539,STU00154,2026-03-12,2.15,5.72,0.16,4.21,0.17,37,6
SB001540,STU00154,2026-03-25,5.8,7.01,3.22,4.7,2.36,28,8
SB001541,STU00155,2026-02-11,7.78,5.67,4.14,5.38,0.82,46,3
SB001542,STU00155,2026-03-13,3.58,7.56,2.33,5.26,2.85,25,3
SB001543,STU00155,2026-06-02,4.54,4.63,4.71,4.9,1.38,5,6
SB001544,STU00155,2026-04-08,7.41,5.04,3.46,3.5,3.53,26,2
SB001545,STU00155,2026-01-01,4.27,5.63,3.49,2.41,2.26,18,6
SB001546,STU00155,2026-02-27,1.67,4.86,1.88,1.12,1.45,19,9
SB001547,STU00155,2026-06-22,2.46,7.22,4.02,2.01,2.99,49,4
SB001548,STU00155,2026-03-28,6.01,8.88,3.95,1.76,4.48,33,4
SB001549,STU00155,2026-05-30,4.56,7.54,2.0,5.89,0.44,15,1
SB001550,STU00155,2026-04-06,1.15,6.46,1.91,1.35,1.53,17,1
SB001551,STU00156,2026-01-13,3.4,7.34,3.13,2.06,0.63,2,8
SB001552,STU00156,2026-03-24,3.05,6.33,0.5,3.72,3.47,44,3
SB001553,STU00156,2026-02-18,5.83,4.52,2.88,1.17,2.77,2,9
SB001554,STU00156,2026-06-05,4.9,7.34,3.38,3.01,1.29,18,6
SB001555,STU00156,2026-04-29,3.76,5.31,0.28,2.73,3.49,10,4
SB001556,STU00156,2026-01-29,6.78,6.14,1.19,4.26,4.65,31,8
SB001557,STU00156,2026-06-09,0.59,8.44,1.34,2.36,1.73,43,10
SB001558,STU00156,2026-02-01,7.78,4.9,0.07,2.6,3.49,7,10
SB001559,STU00156,2026-01-27,1.46,8.98,3.35,1.7,3.74,35,5
SB001560,STU00156,2026-03-10,1.81,5.31,1.43,2.23,0.04,39,8
SB001561,STU00157,2026-04-08,2.39,5.63,0.6,0.85,4.37,15,8
SB001562,STU00157,2026-04-01,4.93,4.58,0.0,5.43,1.0,10,6
SB001563,STU00157,2026-06-01,2.65,8.9,0.31,3.11,2.62,2,9
SB001564,STU00157,2026-05-07,6.95,6.68,1.76,5.91,4.92,39,7
SB001565,STU00157,2026-01-27,0.86,7.79,4.97,4.01,0.78,49,4
SB001566,STU00157,2026-02-08,7.49,7.92,3.56,5.32,3.59,4,10
SB001567,STU00157,2026-06-06,4.49,6.64,0.18,2.03,4.74,35,8
SB001568,STU00157,2026-05-14,7.51,5.76,1.85,2.67,0.52,9,9
SB001569,STU00157,2026-02-14,7.86,5.54,2.76,4.24,0.46,47,10
SB001570,STU00157,2026-05-28,0.59,7.92,3.01,3.3,3.42,27,7
SB001571,STU00158,2026-03-16,1.92,8.4,0.11,4.17,2.23,22,4
SB001572,STU00158,2026-01-22,7.71,7.16,1.25,0.53,2.43,0,9
SB001573,STU00158,2026-05-03,4.72,5.02,0.86,2.45,4.04,19,4
SB001574,STU00158,2026-01-27,5.34,6.18,4.95,4.02,4.7,1,8
SB001575,STU00158,2026-03-09,5.53,6.94,0.21,2.35,4.08,4,10
SB001576,STU00158,2026-01-16,4.03,4.64,3.88,4.78,2.02,45,3
SB001577,STU00158,2026-03-02,4.99,8.19,0.81,5.53,3.5,28,9
SB001578,STU00158,2026-05-27,1.23,5.75,2.89,3.66,0.67,10,7
SB001579,STU00158,2026-04-19,3.49,5.06,1.58,5.08,4.48,25,8
SB001580,STU00158,2026-03-15,7.72,5.99,2.37,5.27,0.68,9,8
SB001581,STU00159,2026-01-03,7.54,7.49,3.56,4.03,3.93,35,9
SB001582,STU00159,2026-05-09,2.66,8.91,1.01,3.97,4.45,2,10
SB001583,STU00159,2026-02-19,6.75,8.82,3.33,5.01,0.74,48,10
SB001584,STU00159,2026-01-20,0.88,6.06,3.05,0.51,3.35,38,4
SB001585,STU00159,2026-01-25,6.64,6.66,3.15,4.44,1.91,36,3
SB001586,STU00159,2026-03-26,1.89,4.52,2.94,4.0,1.21,3,7
SB001587,STU00159,2026-03-11,6.71,4.87,4.41,1.24,2.58,47,7
SB001588,STU00159,2026-01-07,5.38,8.87,4.84,1.76,2.96,20,10
SB001589,STU00159,2026-02-08,0.98,5.74,4.8,4.86,4.83,18,6
SB001590,STU00159,2026-06-12,5.46,8.06,1.28,4.75,0.19,30,3
SB001591,STU00160,2026-02-04,6.98,6.91,1.87,1.94,3.17,37,1
SB001592,STU00160,2026-04-21,1.05,6.38,3.14,2.07,4.82,41,5
SB001593,STU00160,2026-05-29,2.11,5.1,2.35,0.52,1.22,48,9
SB001594,STU00160,2026-01-17,1.06,8.52,1.86,2.1,2.05,38,9
SB001595,STU00160,2026-02-17,2.36,6.69,2.22,3.88,0.21,18,7
SB001596,STU00160,2026-01-15,0.92,6.06,3.0,4.36,4.51,45,8
SB001597,STU00160,2026-06-27,7.81,7.85,0.15,4.19,4.9,37,5
SB001598,STU00160,2026-05-07,4.89,8.37,3.26,5.65,1.52,43,2
SB001599,STU00160,2026-02-03,7.97,8.56,3.25,5.44,3.83,17,6
SB001600,STU00160,2026-06-01,5.17,7.2,1.55,2.33,1.5,9,6
SB001601,STU00161,2026-01-26,5.46,5.07,0.48,2.14,1.8,27,2
SB001602,STU00161,2026-05-05,3.45,7.23,3.8,0.99,0.83,33,6
SB001603,STU00161,2026-06-19,2.99,7.46,3.62,0.95,4.08,49,2
SB001604,STU00161,2026-05-24,2.93,5.77,0.16,4.7,1.52,19,2
SB001605,STU00161,2026-01-14,7.58,8.78,0.83,1.27,3.57,20,5
SB001606,STU00161,2026-03-09,4.67,6.75,0.28,2.27,3.17,19,2
SB001607,STU00161,2026-06-19,2.99,7.48,3.8,1.33,3.05,45,7
SB001608,STU00161,2026-05-17,1.96,5.61,1.06,5.45,0.73,23,3
SB001609,STU00161,2026-04-20,4.64,4.88,0.53,3.51,2.74,9,6
SB001610,STU00161,2026-04-13,3.9,7.3,0.76,4.63,4.48,31,9
SB001611,STU00162,2026-05-18,6.39,8.81,0.68,0.51,3.83,14,6
SB001612,STU00162,2026-02-15,7.93,4.73,3.61,5.1,1.44,29,3
SB001613,STU00162,2026-05-14,7.53,8.89,0.37,3.7,4.75,15,5
SB001614,STU00162,2026-01-18,2.3,6.73,3.54,3.32,1.37,15,10
SB001615,STU00162,2026-05-14,4.58,8.86,2.63,4.62,3.67,49,8
SB001616,STU00162,2026-01-17,1.23,7.5,4.62,1.66,4.8,1,9
SB001617,STU00162,2026-03-30,4.05,8.69,4.18,5.09,4.37,40,9
SB001618,STU00162,2026-04-10,6.15,5.47,2.87,2.18,4.17,44,6
SB001619,STU00162,2026-03-25,7.54,8.51,4.12,4.29,2.22,14,1
SB001620,STU00162,2026-01-26,1.58,5.4,4.45,5.26,2.55,47,2
SB001621,STU00163,2026-04-13,3.48,5.15,0.31,5.13,2.54,26,7
SB001622,STU00163,2026-06-23,1.66,8.79,0.6,1.45,1.97,20,1
SB001623,STU00163,2026-06-25,1.65,5.45,0.72,1.06,0.85,35,6
SB001624,STU00163,2026-06-20,1.12,8.43,0.25,3.82,2.87,42,6
SB001625,STU00163,2026-03-22,2.07,7.18,2.39,3.4,2.53,6,7
SB001626,STU00163,2026-02-19,6.5,7.95,3.28,3.81,2.56,49,2
SB001627,STU00163,2026-05-12,3.37,6.97,1.94,4.6,0.52,36,9
SB001628,STU00163,2026-01-04,1.16,5.54,4.35,1.2,0.72,14,2
SB001629,STU00163,2026-01-10,3.21,8.47,2.92,3.3,0.84,17,10
SB001630,STU00163,2026-01-12,1.79,4.87,0.1,4.32,3.87,39,2
SB001631,STU00164,2026-06-24,6.58,5.91,3.97,4.44,2.21,6,10
SB001632,STU00164,2026-06-08,7.64,8.99,1.99,0.61,1.16,4,8
SB001633,STU00164,2026-01-21,7.27,4.67,0.99,1.08,3.43,17,4
SB001634,STU00164,2026-02-27,7.97,4.78,3.75,3.47,2.21,34,6
SB001635,STU00164,2026-06-09,0.89,8.6,1.59,5.86,2.11,25,2
SB001636,STU00164,2026-02-19,6.65,6.15,2.07,4.41,3.53,28,1
SB001637,STU00164,2026-02-05,6.28,8.7,4.46,5.68,3.23,22,1
SB001638,STU00164,2026-03-06,7.79,8.16,3.1,3.39,1.07,43,5
SB001639,STU00164,2026-04-13,1.03,8.56,2.7,2.13,4.59,47,5
SB001640,STU00164,2026-05-02,1.53,6.54,1.76,4.81,1.03,1,5
SB001641,STU00165,2026-03-09,2.0,6.27,2.83,5.26,1.29,30,10
SB001642,STU00165,2026-03-04,1.79,5.57,1.64,1.89,4.07,36,7
SB001643,STU00165,2026-01-10,6.39,7.82,0.82,2.02,4.2,28,9
SB001644,STU00165,2026-03-11,0.92,7.97,2.75,5.13,1.77,35,7
SB001645,STU00165,2026-05-28,7.54,6.28,1.38,5.31,3.21,45,3
SB001646,STU00165,2026-02-04,7.14,6.71,1.94,2.8,1.97,16,10
SB001647,STU00165,2026-06-10,6.7,8.03,1.41,3.16,0.17,50,3
SB001648,STU00165,2026-03-13,2.95,5.89,1.02,1.23,0.64,28,3
SB001649,STU00165,2026-02-26,2.35,5.21,0.1,1.5,2.19,9,10
SB001650,STU00165,2026-01-08,6.34,8.33,0.23,2.39,3.03,21,7
SB001651,STU00166,2026-04-01,7.59,8.11,0.24,1.16,1.24,4,8
SB001652,STU00166,2026-06-24,2.06,8.95,4.85,2.39,1.79,20,7
SB001653,STU00166,2026-06-27,6.83,7.37,4.13,5.17,3.03,17,6
SB001654,STU00166,2026-05-13,4.99,5.94,3.77,4.18,4.39,49,9
SB001655,STU00166,2026-06-22,1.68,7.58,4.48,3.56,1.07,2,2
SB001656,STU00166,2026-02-28,4.74,4.87,0.8,3.59,0.93,31,8
SB001657,STU00166,2026-01-24,3.93,6.16,1.66,5.15,4.74,34,6
SB001658,STU00166,2026-03-24,4.7,7.85,3.45,5.27,1.66,28,9
SB001659,STU00166,2026-01-24,7.36,6.65,4.72,2.13,1.21,49,10
SB001660,STU00166,2026-05-19,4.57,7.79,1.13,4.34,2.6,2,2
SB001661,STU00167,2026-05-31,2.72,5.49,2.11,3.07,2.13,4,3
SB001662,STU00167,2026-03-18,5.11,8.9,4.38,5.55,4.83,20,4
SB001663,STU00167,2026-03-25,6.07,6.98,4.27,1.82,1.63,36,5
SB001664,STU00167,2026-03-02,4.79,8.17,2.12,5.97,2.98,23,6
SB001665,STU00167,2026-04-24,5.06,8.99,1.42,3.63,3.64,31,5
SB001666,STU00167,2026-03-26,6.88,8.05,0.88,3.38,2.16,38,9
SB001667,STU00167,2026-05-26,4.7,5.5,2.06,3.08,0.19,35,7
SB001668,STU00167,2026-03-26,0.86,4.71,4.39,0.85,2.84,36,6
SB001669,STU00167,2026-06-07,1.95,5.13,0.05,4.82,2.22,12,2
SB001670,STU00167,2026-06-22,7.9,5.44,1.29,4.18,2.09,27,5
SB001671,STU00168,2026-06-21,2.11,4.95,1.15,1.11,2.74,17,8
SB001672,STU00168,2026-01-14,4.4,8.39,3.02,1.18,1.07,22,1
SB001673,STU00168,2026-01-21,2.39,5.77,1.31,5.74,2.74,43,7
SB001674,STU00168,2026-04-07,2.4,6.93,2.02,2.45,3.65,17,8
SB001675,STU00168,2026-03-16,3.0,6.89,4.81,4.8,3.74,45,7
SB001676,STU00168,2026-06-09,7.79,5.55,3.86,5.79,4.62,4,8
SB001677,STU00168,2026-02-25,7.61,7.25,3.65,4.17,3.78,2,9
SB001678,STU00168,2026-01-16,5.65,5.76,2.11,2.63,4.21,35,3
SB001679,STU00168,2026-06-04,5.68,6.34,4.24,0.92,2.87,6,2
SB001680,STU00168,2026-04-24,1.33,6.43,1.01,4.48,2.18,7,9
SB001681,STU00169,2026-04-12,2.52,8.23,3.97,2.94,1.06,35,8
SB001682,STU00169,2026-06-30,6.43,7.32,2.83,3.08,2.83,44,9
SB001683,STU00169,2026-01-21,6.03,7.14,4.55,5.07,0.28,1,3
SB001684,STU00169,2026-05-02,2.49,6.91,4.5,2.89,0.65,26,5
SB001685,STU00169,2026-02-20,3.37,4.87,1.07,4.72,3.2,32,9
SB001686,STU00169,2026-04-19,1.61,6.72,3.5,1.93,0.87,17,6
SB001687,STU00169,2026-06-09,5.89,4.93,3.42,1.86,1.72,41,3
SB001688,STU00169,2026-03-21,2.91,6.57,2.53,1.57,0.9,7,9
SB001689,STU00169,2026-03-04,5.78,8.61,1.62,1.55,3.8,7,4
SB001690,STU00169,2026-06-27,5.9,5.27,1.05,1.65,4.11,12,8
SB001691,STU00170,2026-01-07,1.37,6.79,1.96,2.66,4.25,29,7
SB001692,STU00170,2026-06-16,6.91,7.27,2.31,2.74,1.19,2,10
SB001693,STU00170,2026-04-11,2.13,7.48,0.86,3.95,4.72,25,8
SB001694,STU00170,2026-02-27,1.43,7.43,1.51,3.4,0.4,46,10
SB001695,STU00170,2026-03-22,1.39,6.79,2.07,2.87,2.92,40,1
SB001696,STU00170,2026-01-21,7.59,7.16,0.63,3.46,0.21,45,6
SB001697,STU00170,2026-02-04,4.43,7.09,4.1,5.3,0.81,4,6
SB001698,STU00170,2026-05-27,2.43,6.22,3.49,2.9,1.43,16,8
SB001699,STU00170,2026-03-17,0.77,8.0,2.52,3.08,4.14,38,1
SB001700,STU00170,2026-02-22,7.81,6.97,3.06,2.79,3.46,45,9
SB001701,STU00171,2026-03-24,7.12,7.2,4.97,2.48,4.59,29,1
SB001702,STU00171,2026-04-12,7.51,7.3,2.71,3.01,0.98,45,10
SB001703,STU00171,2026-06-07,5.89,4.99,3.37,3.35,4.35,25,7
SB001704,STU00171,2026-06-23,2.94,8.68,0.49,5.33,4.03,15,10
SB001705,STU00171,2026-01-28,4.22,8.39,1.58,1.32,1.54,5,4
SB001706,STU00171,2026-05-29,3.33,8.61,0.75,4.44,2.2,45,3
SB001707,STU00171,2026-01-05,5.4,6.93,1.67,4.17,2.28,12,1
SB001708,STU00171,2026-02-21,7.23,8.41,2.32,4.97,1.17,11,5
SB001709,STU00171,2026-03-04,5.55,5.47,2.2,2.34,3.58,18,4
SB001710,STU00171,2026-01-29,5.18,5.47,4.66,3.21,1.95,4,10
SB001711,STU00172,2026-03-16,6.02,5.69,1.37,5.79,1.42,12,4
SB001712,STU00172,2026-01-21,2.53,5.86,4.02,2.92,1.12,45,7
SB001713,STU00172,2026-02-09,0.84,8.94,2.26,4.77,2.92,12,3
SB001714,STU00172,2026-02-09,7.28,6.1,4.71,1.02,3.3,2,8
SB001715,STU00172,2026-04-10,3.22,8.25,4.38,4.43,2.58,14,8
SB001716,STU00172,2026-01-30,6.5,5.16,1.96,0.71,4.15,9,1
SB001717,STU00172,2026-02-22,2.78,6.22,2.76,5.53,3.29,9,8
SB001718,STU00172,2026-03-27,6.98,7.65,3.29,4.45,3.92,5,3
SB001719,STU00172,2026-05-28,1.73,5.3,0.97,1.33,1.03,25,3
SB001720,STU00172,2026-01-27,1.97,6.5,4.63,4.3,1.12,1,3
SB001721,STU00173,2026-02-09,4.77,5.2,2.91,4.24,3.67,49,10
SB001722,STU00173,2026-03-21,3.02,7.81,0.22,3.67,1.61,21,8
SB001723,STU00173,2026-01-11,5.98,8.71,4.46,5.13,3.25,19,8
SB001724,STU00173,2026-06-16,6.38,7.92,4.83,1.72,1.09,36,8
SB001725,STU00173,2026-06-03,7.11,5.67,3.35,2.59,2.82,42,4
SB001726,STU00173,2026-04-14,6.8,5.09,0.66,2.23,0.66,37,10
SB001727,STU00173,2026-03-08,6.44,8.22,3.23,5.66,1.8,20,1
SB001728,STU00173,2026-05-28,1.35,5.58,4.48,5.58,2.43,46,4
SB001729,STU00173,2026-01-07,1.89,6.36,2.23,2.57,3.94,22,1
SB001730,STU00173,2026-03-30,4.81,6.99,1.85,3.98,1.49,24,6
SB001731,STU00174,2026-01-13,4.51,5.91,3.62,4.97,3.77,7,4
SB001732,STU00174,2026-01-01,3.21,6.46,1.38,2.69,2.08,9,9
SB001733,STU00174,2026-06-23,3.12,7.4,0.46,3.85,3.21,47,3
SB001734,STU00174,2026-03-10,3.46,5.13,1.36,0.63,4.42,18,2
SB001735,STU00174,2026-04-19,4.23,4.54,3.57,3.19,1.82,30,1
SB001736,STU00174,2026-01-12,6.28,8.54,2.19,1.66,1.61,30,4
SB001737,STU00174,2026-06-06,6.49,7.39,1.03,4.61,4.95,45,10
SB001738,STU00174,2026-05-08,1.61,5.51,4.52,4.47,3.61,49,7
SB001739,STU00174,2026-04-29,2.0,6.21,1.65,3.69,0.84,13,2
SB001740,STU00174,2026-02-01,3.22,7.73,0.02,3.38,2.3,29,3
SB001741,STU00175,2026-02-16,5.17,7.58,3.51,1.55,1.67,41,10
SB001742,STU00175,2026-05-16,1.69,6.79,2.58,2.16,1.1,36,1
SB001743,STU00175,2026-01-31,4.54,6.17,3.33,3.06,1.56,27,6
SB001744,STU00175,2026-04-06,6.25,7.65,1.08,4.32,0.34,22,8
SB001745,STU00175,2026-01-21,1.77,4.68,2.38,1.38,0.53,34,10
SB001746,STU00175,2026-02-27,6.83,8.99,3.04,1.49,0.62,42,9
SB001747,STU00175,2026-06-25,2.71,5.68,3.99,2.38,2.62,17,1
SB001748,STU00175,2026-01-25,5.69,8.52,3.8,4.25,2.51,46,8
SB001749,STU00175,2026-05-15,7.14,6.15,3.63,1.14,3.94,39,5
SB001750,STU00175,2026-03-12,1.81,5.79,2.04,3.51,1.2,25,7
SB001751,STU00176,2026-04-13,3.04,7.09,3.85,4.31,4.4,3,9
SB001752,STU00176,2026-05-14,3.65,7.19,3.57,1.75,1.33,18,8
SB001753,STU00176,2026-02-04,4.98,4.85,0.04,5.05,1.72,16,10
SB001754,STU00176,2026-03-26,6.33,8.96,0.97,5.55,0.42,41,8
SB001755,STU00176,2026-03-04,2.95,8.2,1.64,2.6,4.92,47,2
SB001756,STU00176,2026-04-16,6.23,8.99,4.61,1.1,4.73,15,1
SB001757,STU00176,2026-06-10,5.59,8.91,0.42,0.86,1.89,30,8
SB001758,STU00176,2026-06-08,7.6,8.14,1.68,5.12,4.27,27,10
SB001759,STU00176,2026-01-13,4.71,8.94,4.63,5.04,3.8,42,10
SB001760,STU00176,2026-05-14,5.88,5.01,2.5,4.66,0.35,39,3
SB001761,STU00177,2026-05-06,1.07,4.78,0.29,0.62,0.93,39,8
SB001762,STU00177,2026-06-10,1.01,6.44,0.83,1.06,1.49,4,8
SB001763,STU00177,2026-01-03,4.73,8.16,2.89,1.26,3.14,25,10
SB001764,STU00177,2026-04-14,4.82,4.65,3.32,4.92,0.81,33,6
SB001765,STU00177,2026-01-10,1.73,8.75,3.75,2.08,2.68,37,8
SB001766,STU00177,2026-06-22,2.27,4.56,1.54,3.86,2.8,29,5
SB001767,STU00177,2026-05-22,1.7,8.12,0.77,1.67,2.08,36,6
SB001768,STU00177,2026-01-29,0.57,8.45,1.61,4.37,3.14,29,1
SB001769,STU00177,2026-03-17,7.18,8.35,4.82,2.26,1.75,38,7
SB001770,STU00177,2026-05-22,6.45,6.99,1.58,4.35,1.86,1,1
SB001771,STU00178,2026-06-17,6.62,5.37,1.67,4.88,1.63,48,7
SB001772,STU00178,2026-02-06,2.63,8.62,2.29,1.98,0.49,4,10
SB001773,STU00178,2026-01-11,6.66,8.17,1.24,0.78,1.09,18,7
SB001774,STU00178,2026-06-03,4.24,5.52,3.2,2.42,3.3,6,2
SB001775,STU00178,2026-05-31,3.22,8.35,2.24,4.0,3.48,35,8
SB001776,STU00178,2026-06-21,4.33,7.18,1.73,4.46,2.65,10,4
SB001777,STU00178,2026-05-09,3.01,8.85,1.18,4.87,1.77,46,6
SB001778,STU00178,2026-04-16,6.44,8.27,4.19,1.49,1.16,15,4
SB001779,STU00178,2026-03-02,4.84,7.42,4.55,1.62,0.79,44,6
SB001780,STU00178,2026-03-26,6.14,6.86,0.37,4.4,0.27,3,9
SB001781,STU00179,2026-02-06,1.62,7.94,1.42,1.07,3.22,7,10
SB001782,STU00179,2026-04-11,5.03,5.1,2.2,3.99,0.99,41,2
SB001783,STU00179,2026-01-18,3.31,6.87,0.44,4.02,0.62,27,9
SB001784,STU00179,2026-02-22,2.22,6.18,3.75,5.42,3.71,15,6
SB001785,STU00179,2026-06-24,6.37,4.84,4.28,5.73,1.21,34,10
SB001786,STU00179,2026-05-05,4.33,6.42,3.47,4.5,4.0,50,5
SB001787,STU00179,2026-06-26,3.79,4.69,3.25,3.51,1.2,45,2
SB001788,STU00179,2026-01-19,4.88,4.66,3.09,3.54,0.43,21,10
SB001789,STU00179,2026-01-23,5.02,5.68,4.28,2.08,3.55,10,7
SB001790,STU00179,2026-06-29,4.27,8.25,2.1,4.01,0.42,41,5
SB001791,STU00180,2026-02-14,5.48,7.22,1.87,1.28,3.61,29,4
SB001792,STU00180,2026-05-06,0.79,6.3,2.34,6.0,2.44,9,7
SB001793,STU00180,2026-01-21,4.22,7.98,3.98,4.39,1.47,5,3
SB001794,STU00180,2026-04-15,4.61,4.55,0.38,3.51,1.3,33,6
SB001795,STU00180,2026-01-01,3.15,8.0,3.83,3.85,1.53,9,3
SB001796,STU00180,2026-02-25,3.35,6.47,1.36,5.89,2.42,22,4
SB001797,STU00180,2026-01-17,2.49,8.28,4.12,0.59,4.11,43,1
SB001798,STU00180,2026-03-08,3.13,8.71,1.43,1.12,0.15,10,10
SB001799,STU00180,2026-06-02,1.54,8.65,1.97,1.84,1.14,23,5
SB001800,STU00180,2026-05-15,5.22,8.76,3.07,4.97,0.77,28,1
SB001801,STU00181,2026-04-05,1.89,4.83,2.9,5.0,2.32,43,2
SB001802,STU00181,2026-05-01,7.83,5.95,3.78,4.09,4.83,22,2
SB001803,STU00181,2026-06-08,0.94,8.15,4.93,2.09,0.79,48,10
SB001804,STU00181,2026-02-11,0.67,6.31,3.48,4.4,4.0,49,3
SB001805,STU00181,2026-05-01,6.45,6.91,3.73,4.58,0.85,1,7
SB001806,STU00181,2026-02-27,0.95,6.54,0.21,3.43,2.57,24,4
SB001807,STU00181,2026-03-26,6.59,7.69,4.59,2.25,3.28,46,2
SB001808,STU00181,2026-06-16,4.69,7.79,3.55,2.25,0.29,11,2
SB001809,STU00181,2026-05-16,3.76,8.0,4.91,4.63,4.91,44,7
SB001810,STU00181,2026-01-17,4.37,7.95,2.93,5.53,3.11,39,7
SB001811,STU00182,2026-05-04,4.83,7.89,1.18,0.9,4.74,21,1
SB001812,STU00182,2026-02-04,6.46,6.5,3.8,5.71,2.32,10,2
SB001813,STU00182,2026-06-06,5.76,7.17,3.46,1.61,2.35,47,4
SB001814,STU00182,2026-01-21,3.78,8.61,1.65,2.61,4.05,29,5
SB001815,STU00182,2026-05-14,6.73,6.84,2.63,5.32,2.35,15,6
SB001816,STU00182,2026-03-04,2.43,7.28,0.53,2.12,1.09,33,9
SB001817,STU00182,2026-03-11,1.52,4.6,2.89,5.73,3.23,34,10
SB001818,STU00182,2026-05-27,4.41,5.17,4.29,1.9,4.53,47,1
SB001819,STU00182,2026-02-17,2.99,4.61,4.31,2.86,4.89,45,8
SB001820,STU00182,2026-06-15,3.06,8.36,0.4,2.93,4.85,7,10
SB001821,STU00183,2026-03-21,1.68,7.01,4.51,5.58,0.62,48,6
SB001822,STU00183,2026-05-10,4.73,7.33,2.49,5.0,1.02,34,8
SB001823,STU00183,2026-03-25,6.71,4.53,4.78,2.58,3.18,33,10
SB001824,STU00183,2026-03-10,2.43,6.05,3.13,2.49,3.51,14,5
SB001825,STU00183,2026-05-09,4.16,4.66,0.58,2.07,4.1,50,9
SB001826,STU00183,2026-04-06,5.81,4.91,1.77,3.88,2.16,45,3
SB001827,STU00183,2026-05-27,2.82,7.19,2.83,3.41,4.63,47,4
SB001828,STU00183,2026-04-21,3.96,6.8,0.43,1.21,4.6,49,1
SB001829,STU00183,2026-01-27,5.32,5.46,1.0,5.48,4.84,36,3
SB001830,STU00183,2026-05-30,2.45,4.51,2.15,5.91,3.31,3,4
SB001831,STU00184,2026-06-17,1.72,6.38,0.95,1.13,2.53,32,6
SB001832,STU00184,2026-05-12,2.99,5.46,2.51,2.26,2.28,38,4
SB001833,STU00184,2026-04-27,1.14,7.0,0.04,0.84,1.8,3,6
SB001834,STU00184,2026-06-25,3.07,8.31,2.68,2.3,3.17,41,4
SB001835,STU00184,2026-04-20,7.33,7.09,2.59,2.22,0.36,47,4
SB001836,STU00184,2026-05-13,3.03,4.81,3.42,2.79,2.31,40,8
SB001837,STU00184,2026-01-02,4.16,6.0,1.78,5.74,2.51,34,5
SB001838,STU00184,2026-02-19,6.85,4.94,4.4,3.41,1.78,6,6
SB001839,STU00184,2026-02-11,2.08,6.45,0.37,4.32,3.42,39,5
SB001840,STU00184,2026-05-30,6.4,5.41,4.3,4.79,1.92,31,7
SB001841,STU00185,2026-02-14,4.16,6.07,2.51,3.67,0.23,27,5
SB001842,STU00185,2026-05-28,4.84,8.15,3.86,2.35,4.18,33,8
SB001843,STU00185,2026-03-06,1.48,6.67,3.94,4.7,4.27,3,2
SB001844,STU00185,2026-01-20,2.98,5.43,4.48,5.28,0.41,39,7
SB001845,STU00185,2026-03-05,2.34,5.08,3.32,2.86,1.55,39,10
SB001846,STU00185,2026-05-24,6.36,4.67,0.58,1.73,2.27,43,9
SB001847,STU00185,2026-03-01,7.24,7.08,0.41,4.66,0.73,27,1
SB001848,STU00185,2026-03-05,1.19,8.81,4.41,0.95,1.47,4,6
SB001849,STU00185,2026-04-03,1.57,7.52,0.94,5.19,2.71,34,2
SB001850,STU00185,2026-01-04,6.21,9.0,0.98,3.09,2.76,49,10
SB001851,STU00186,2026-05-04,7.63,6.54,2.5,0.57,0.72,26,1
SB001852,STU00186,2026-02-13,5.28,7.01,4.24,0.54,1.16,8,4
SB001853,STU00186,2026-05-13,5.52,7.95,1.35,1.46,4.96,17,6
SB001854,STU00186,2026-04-16,5.26,7.61,4.94,0.6,0.44,4,10
SB001855,STU00186,2026-01-25,4.57,4.74,1.37,2.46,4.53,5,4
SB001856,STU00186,2026-03-15,0.52,8.01,4.45,1.93,3.43,40,2
SB001857,STU00186,2026-05-11,1.64,7.09,4.88,3.98,1.82,15,2
SB001858,STU00186,2026-06-04,3.23,4.94,3.52,2.8,0.29,20,8
SB001859,STU00186,2026-06-18,3.58,5.0,1.86,5.13,1.17,20,4
SB001860,STU00186,2026-03-15,1.03,8.84,0.93,2.9,3.33,0,7
SB001861,STU00187,2026-01-22,5.14,8.32,3.66,4.7,2.9,50,7
SB001862,STU00187,2026-05-21,2.69,5.49,4.98,4.33,3.6,4,7
SB001863,STU00187,2026-06-07,5.13,6.06,4.62,1.01,4.19,0,3
SB001864,STU00187,2026-01-28,4.43,7.28,4.5,2.6,3.43,23,7
SB001865,STU00187,2026-06-26,7.95,4.57,4.84,2.49,3.83,36,2
SB001866,STU00187,2026-03-19,2.25,7.43,2.76,4.47,2.77,50,1
SB001867,STU00187,2026-01-16,1.83,7.97,2.05,1.58,2.51,47,3
SB001868,STU00187,2026-02-11,4.98,6.76,1.95,3.78,4.35,17,8
SB001869,STU00187,2026-06-03,3.52,7.45,0.54,5.67,1.77,8,3
SB001870,STU00187,2026-04-25,0.81,6.05,2.44,3.18,1.33,39,5
SB001871,STU00188,2026-02-28,4.59,6.3,1.64,3.11,1.56,46,7
SB001872,STU00188,2026-03-22,4.2,6.9,4.11,5.15,2.06,33,10
SB001873,STU00188,2026-05-29,4.0,7.77,0.46,2.33,2.51,40,5
SB001874,STU00188,2026-02-02,4.09,8.68,1.01,0.63,0.45,18,10
SB001875,STU00188,2026-02-11,4.5,6.19,3.21,0.86,3.36,3,10
SB001876,STU00188,2026-01-07,1.89,6.84,3.22,4.7,0.56,21,10
SB001877,STU00188,2026-06-06,3.53,4.98,4.76,2.27,0.74,37,3
SB001878,STU00188,2026-03-23,6.4,5.65,3.41,4.16,2.57,17,5
SB001879,STU00188,2026-04-12,6.2,7.51,3.61,0.71,4.74,11,6
SB001880,STU00188,2026-05-22,7.34,8.25,3.98,3.75,3.04,20,6
SB001881,STU00189,2026-01-14,4.74,5.92,4.4,0.85,3.51,47,3
SB001882,STU00189,2026-03-14,7.68,5.39,3.23,2.11,2.38,19,6
SB001883,STU00189,2026-02-12,0.96,6.19,2.63,1.4,1.83,40,10
SB001884,STU00189,2026-06-14,3.02,5.97,5.0,1.17,2.05,31,4
SB001885,STU00189,2026-06-23,1.54,6.28,2.18,5.2,2.1,39,2
SB001886,STU00189,2026-02-16,1.8,7.78,1.17,0.97,1.12,1,4
SB001887,STU00189,2026-03-12,3.21,7.13,1.06,1.14,4.39,19,4
SB001888,STU00189,2026-04-03,7.78,7.93,3.26,3.66,3.27,22,8
SB001889,STU00189,2026-02-02,7.93,8.4,4.03,4.64,0.65,30,2
SB001890,STU00189,2026-06-29,1.06,7.02,0.28,2.07,4.63,39,8
SB001891,STU00190,2026-02-01,7.11,6.25,2.0,0.94,4.58,19,7
SB001892,STU00190,2026-05-19,0.63,4.75,0.58,3.98,1.81,27,5
SB001893,STU00190,2026-04-07,5.77,7.82,3.7,1.95,1.32,25,6
SB001894,STU00190,2026-03-05,7.94,5.92,3.4,2.91,2.42,11,9
SB001895,STU00190,2026-06-14,2.61,7.55,3.56,2.6,4.6,50,1
SB001896,STU00190,2026-06-18,1.36,5.4,3.74,4.73,3.82,31,9
SB001897,STU00190,2026-05-02,1.5,5.93,4.06,3.25,1.66,21,5
SB001898,STU00190,2026-02-06,5.99,4.99,2.76,2.06,3.31,27,8
SB001899,STU00190,2026-05-25,7.97,6.22,4.49,5.17,4.8,4,9
SB001900,STU00190,2026-01-14,1.76,5.61,4.77,1.58,4.15,6,5
SB001901,STU00191,2026-06-19,0.97,6.86,1.09,0.58,4.68,8,4
SB001902,STU00191,2026-03-26,5.36,5.4,2.37,5.72,1.93,45,10
SB001903,STU00191,2026-03-27,3.9,5.17,4.83,1.3,3.04,33,7
SB001904,STU00191,2026-02-24,3.35,6.71,1.33,3.57,1.27,15,7
SB001905,STU00191,2026-05-17,1.02,7.59,1.1,1.84,2.78,11,10
SB001906,STU00191,2026-04-15,3.73,5.39,0.53,4.47,0.2,0,6
SB001907,STU00191,2026-04-22,7.32,6.24,2.81,3.95,4.82,34,3
SB001908,STU00191,2026-02-06,3.87,5.84,2.91,2.76,1.6,8,6
SB001909,STU00191,2026-04-22,6.26,6.99,4.96,0.55,1.58,46,6
SB001910,STU00191,2026-04-25,6.07,8.07,0.45,5.69,2.54,2,3
SB001911,STU00192,2026-05-23,4.66,5.8,3.89,2.77,1.66,26,6
SB001912,STU00192,2026-05-18,4.27,6.18,3.05,1.01,0.87,5,8
SB001913,STU00192,2026-05-30,6.42,4.94,1.84,5.47,3.19,26,3
SB001914,STU00192,2026-06-03,2.05,5.43,2.11,1.32,0.5,2,3
SB001915,STU00192,2026-04-11,7.69,7.6,2.84,4.17,1.06,7,3
SB001916,STU00192,2026-03-18,5.04,5.11,4.17,3.97,0.59,8,8
SB001917,STU00192,2026-06-27,0.56,5.6,2.85,2.72,4.65,34,1
SB001918,STU00192,2026-05-25,7.44,5.47,0.57,4.31,1.52,38,10
SB001919,STU00192,2026-03-13,5.61,6.27,3.57,4.58,4.74,50,5
SB001920,STU00192,2026-03-23,3.67,8.21,4.27,3.24,3.93,2,8
SB001921,STU00193,2026-03-31,4.93,6.92,3.5,5.59,2.47,14,10
SB001922,STU00193,2026-04-07,7.88,5.59,1.4,2.17,0.65,12,8
SB001923,STU00193,2026-02-15,3.98,7.97,4.06,1.36,1.85,47,3
SB001924,STU00193,2026-01-29,7.56,8.58,4.7,5.54,0.4,29,2
SB001925,STU00193,2026-02-08,0.56,6.29,4.52,1.91,4.37,27,2
SB001926,STU00193,2026-06-21,4.97,5.52,4.61,4.65,1.59,13,8
SB001927,STU00193,2026-04-06,7.55,7.83,1.98,1.14,3.36,6,1
SB001928,STU00193,2026-01-13,6.38,6.9,1.03,4.1,1.4,10,1
SB001929,STU00193,2026-04-30,5.12,7.52,3.19,1.68,0.39,33,1
SB001930,STU00193,2026-02-04,2.69,8.79,3.81,2.97,4.66,41,2
SB001931,STU00194,2026-03-03,5.85,4.6,1.67,3.42,0.42,36,9
SB001932,STU00194,2026-06-02,4.06,4.72,1.69,3.39,4.36,15,10
SB001933,STU00194,2026-04-11,4.77,6.16,4.45,2.39,0.76,46,1
SB001934,STU00194,2026-03-08,2.8,8.39,4.38,4.66,1.24,44,5
SB001935,STU00194,2026-01-09,1.57,4.96,2.57,3.6,2.23,29,10
SB001936,STU00194,2026-01-14,4.37,8.98,4.81,1.57,4.86,14,1
SB001937,STU00194,2026-04-09,1.18,4.91,1.13,1.21,1.72,17,4
SB001938,STU00194,2026-06-13,4.66,8.6,1.6,4.99,3.68,16,1
SB001939,STU00194,2026-05-31,2.5,5.74,2.85,3.77,2.49,0,8
SB001940,STU00194,2026-03-11,3.51,8.41,0.67,5.97,2.94,17,8
SB001941,STU00195,2026-03-05,6.36,6.48,1.14,2.58,4.25,0,8
SB001942,STU00195,2026-06-05,3.24,5.85,0.38,3.47,2.78,1,10
SB001943,STU00195,2026-05-02,7.35,4.86,4.47,3.09,0.91,25,10
SB001944,STU00195,2026-01-18,5.16,7.31,3.69,5.45,3.18,23,5
SB001945,STU00195,2026-04-11,3.74,6.54,4.28,2.7,2.03,10,10
SB001946,STU00195,2026-01-19,0.61,6.54,0.1,1.67,1.34,6,8
SB001947,STU00195,2026-05-06,7.83,7.55,4.17,0.67,4.01,13,3
SB001948,STU00195,2026-01-20,6.79,5.26,1.92,3.67,4.4,43,6
SB001949,STU00195,2026-04-14,3.99,8.76,1.87,2.61,1.42,8,3
SB001950,STU00195,2026-06-10,5.02,7.43,0.89,4.8,3.17,0,7
SB001951,STU00196,2026-02-14,2.71,6.59,3.73,2.2,4.52,23,8
SB001952,STU00196,2026-03-10,2.78,6.15,2.61,5.09,4.52,45,2
SB001953,STU00196,2026-01-28,0.8,6.19,0.66,3.91,1.63,9,10
SB001954,STU00196,2026-01-25,5.02,6.51,0.87,2.26,3.89,31,10
SB001955,STU00196,2026-06-29,2.15,4.53,1.43,3.54,2.13,22,10
SB001956,STU00196,2026-06-27,1.34,5.7,2.88,5.46,2.22,34,2
SB001957,STU00196,2026-02-06,1.05,6.1,0.12,1.24,3.19,48,5
SB001958,STU00196,2026-03-25,0.62,6.22,2.96,5.24,3.13,9,6
SB001959,STU00196,2026-05-04,4.59,8.43,3.76,5.97,2.13,25,1
SB001960,STU00196,2026-02-17,5.7,6.06,1.97,1.88,1.38,46,9
SB001961,STU00197,2026-02-01,4.21,4.95,3.52,5.11,2.79,44,3
SB001962,STU00197,2026-03-13,2.64,8.45,1.34,5.99,4.19,28,1
SB001963,STU00197,2026-02-25,3.19,6.71,4.19,1.61,0.77,22,10
SB001964,STU00197,2026-05-01,6.14,4.98,3.05,2.49,4.67,20,10
SB001965,STU00197,2026-02-18,2.5,7.75,3.83,3.65,0.69,15,9
SB001966,STU00197,2026-02-04,6.04,5.89,3.19,5.37,1.74,27,10
SB001967,STU00197,2026-05-06,5.19,8.9,0.12,0.64,1.43,24,2
SB001968,STU00197,2026-03-04,2.47,8.88,1.31,1.35,1.92,12,6
SB001969,STU00197,2026-03-21,1.73,5.24,4.79,1.11,4.74,40,4
SB001970,STU00197,2026-04-29,5.07,8.62,0.3,1.15,3.8,44,6
SB001971,STU00198,2026-06-01,3.09,4.52,1.1,3.22,1.54,15,9
SB001972,STU00198,2026-02-02,2.43,8.7,1.89,5.52,1.33,21,3
SB001973,STU00198,2026-01-19,6.09,7.84,3.82,5.2,1.4,17,3
SB001974,STU00198,2026-04-12,5.77,4.6,2.98,1.29,1.28,16,3
SB001975,STU00198,2026-03-11,2.17,8.73,0.42,0.99,2.35,24,3
SB001976,STU00198,2026-03-04,1.99,8.27,3.14,4.84,4.8,13,2
SB001977,STU00198,2026-05-14,1.12,6.97,4.49,5.95,2.6,44,8
SB001978,STU00198,2026-06-15,5.48,4.6,3.15,3.44,0.66,50,9
SB001979,STU00198,2026-04-15,1.22,4.81,1.07,5.41,1.3,23,9
SB001980,STU00198,2026-05-26,2.88,5.09,4.22,3.2,0.41,47,2
SB001981,STU00199,2026-02-11,4.9,7.46,1.21,4.59,2.88,14,8
SB001982,STU00199,2026-04-24,5.1,5.5,4.86,4.46,4.93,8,4
SB001983,STU00199,2026-02-07,0.57,6.89,0.02,3.44,1.66,0,5
SB001984,STU00199,2026-04-22,6.08,5.88,4.34,2.58,1.58,36,10
SB001985,STU00199,2026-03-29,4.52,7.81,3.38,3.36,2.77,28,2
SB001986,STU00199,2026-02-25,5.49,7.53,1.41,2.24,2.36,31,4
SB001987,STU00199,2026-02-23,3.35,7.16,2.3,1.34,0.7,48,6
SB001988,STU00199,2026-02-22,0.82,8.86,2.4,2.24,3.63,2,5
SB001989,STU00199,2026-01-19,6.55,4.98,0.82,2.52,2.84,47,4
SB001990,STU00199,2026-02-18,2.24,5.04,1.28,3.26,0.07,38,8
SB001991,STU00200,2026-02-14,5.44,7.39,3.82,0.85,0.48,11,5
SB001992,STU00200,2026-06-05,6.59,5.1,3.66,4.96,1.88,25,10
SB001993,STU00200,2026-01-03,4.63,6.46,3.53,1.22,3.93,31,9
SB001994,STU00200,2026-06-21,3.05,8.93,3.72,1.91,4.85,18,1
SB001995,STU00200,2026-04-20,0.57,6.29,3.73,2.44,2.04,37,6
SB001996,STU00200,2026-05-23,5.82,6.23,4.3,0.88,0.66,41,2
SB001997,STU00200,2026-02-18,4.66,6.96,1.58,2.44,4.05,42,6
SB001998,STU00200,2026-05-02,1.89,8.23,3.11,2.7,3.88,1,1
SB001999,STU00200,2026-04-02,7.95,7.29,4.93,2.99,3.22,32,3
SB002000,STU00200,2026-03-03,7.93,8.52,2.06,3.71,1.55,24,4
SB002001,STU00201,2026-01-17,1.1,5.16,1.79,3.17,4.58,6,10
SB002002,STU00201,2026-06-05,2.99,8.05,0.47,0.61,1.43,15,5
SB002003,STU00201,2026-03-19,4.17,6.99,4.55,4.5,3.09,49,10
SB002004,STU00201,2026-03-25,0.56,5.81,4.1,4.83,0.45,22,4
SB002005,STU00201,2026-06-04,2.97,5.38,0.68,2.02,0.71,30,6
SB002006,STU00201,2026-04-17,5.98,8.24,0.19,4.27,2.89,10,5
SB002007,STU00201,2026-03-20,2.07,8.91,4.49,4.93,2.03,48,9
SB002008,STU00201,2026-03-10,3.07,5.54,0.44,0.51,4.47,5,8
SB002009,STU00201,2026-02-05,5.78,4.77,2.64,2.04,3.26,19,1
SB002010,STU00201,2026-03-05,1.98,6.4,2.65,3.3,4.5,24,2
SB002011,STU00202,2026-03-15,2.97,7.73,3.8,3.09,1.39,26,7
SB002012,STU00202,2026-01-31,4.06,6.01,0.48,1.83,0.84,28,6
SB002013,STU00202,2026-03-18,3.02,6.48,4.82,0.7,4.6,9,8
SB002014,STU00202,2026-02-07,3.74,6.17,2.53,1.4,0.39,27,6
SB002015,STU00202,2026-03-06,2.88,8.4,0.35,1.46,2.83,41,3
SB002016,STU00202,2026-05-25,3.33,6.58,0.34,4.88,2.37,18,9
SB002017,STU00202,2026-05-18,4.36,5.63,1.44,0.52,0.19,13,4
SB002018,STU00202,2026-03-07,5.23,4.95,0.51,5.84,4.92,48,5
SB002019,STU00202,2026-04-30,5.44,5.51,0.1,2.92,1.84,45,9
SB002020,STU00202,2026-04-03,1.68,6.97,3.75,3.94,1.82,17,6
SB002021,STU00203,2026-02-20,3.86,7.72,4.05,2.64,1.9,31,5
SB002022,STU00203,2026-03-09,5.36,4.7,0.64,3.09,3.71,21,1
SB002023,STU00203,2026-03-09,6.47,5.28,3.54,4.15,2.56,27,9
SB002024,STU00203,2026-01-05,7.1,5.83,4.73,0.65,4.87,40,5
SB002025,STU00203,2026-01-06,4.18,6.0,1.12,2.49,0.85,38,1
SB002026,STU00203,2026-01-22,1.15,6.42,3.56,0.73,3.96,27,5
SB002027,STU00203,2026-02-20,3.49,6.18,3.98,2.45,3.09,8,10
SB002028,STU00203,2026-02-03,7.55,4.98,1.86,3.93,2.96,17,4
SB002029,STU00203,2026-05-12,2.47,5.89,3.13,0.85,1.7,7,1
SB002030,STU00203,2026-06-30,7.78,6.9,4.53,0.71,3.75,5,7
SB002031,STU00204,2026-03-18,4.26,5.42,2.92,3.06,2.51,22,5
SB002032,STU00204,2026-02-06,1.55,8.35,3.25,0.72,1.12,40,7
SB002033,STU00204,2026-03-27,2.58,4.56,0.96,5.13,2.62,37,4
SB002034,STU00204,2026-02-01,7.05,6.23,4.94,3.49,4.22,29,5
SB002035,STU00204,2026-03-29,1.07,6.07,4.14,2.28,3.59,2,7
SB002036,STU00204,2026-03-05,5.76,8.48,4.2,5.77,3.23,14,10
SB002037,STU00204,2026-06-26,7.42,7.74,0.25,1.84,4.21,18,10
SB002038,STU00204,2026-06-25,3.03,8.58,2.53,0.89,4.93,32,3
SB002039,STU00204,2026-03-29,6.54,7.18,3.9,3.93,0.07,48,2
SB002040,STU00204,2026-01-28,3.35,8.36,2.86,2.96,4.29,33,9
SB002041,STU00205,2026-01-12,1.64,7.72,0.26,1.71,1.18,36,3
SB002042,STU00205,2026-02-17,6.89,7.46,0.65,3.66,0.91,15,1
SB002043,STU00205,2026-03-03,1.67,8.74,1.39,4.29,1.47,12,5
SB002044,STU00205,2026-01-29,4.19,4.9,4.34,4.33,0.38,17,6
SB002045,STU00205,2026-03-13,5.15,8.45,3.67,4.75,0.64,49,5
SB002046,STU00205,2026-01-13,6.65,7.74,3.59,3.63,0.52,19,1
SB002047,STU00205,2026-02-06,0.57,5.82,1.0,2.43,3.01,7,3
SB002048,STU00205,2026-06-08,2.32,8.69,1.53,4.67,0.51,5,1
SB002049,STU00205,2026-01-28,1.23,6.93,3.63,4.4,4.9,10,5
SB002050,STU00205,2026-04-24,3.64,8.2,4.78,4.98,0.55,39,9
SB002051,STU00206,2026-06-12,7.53,6.83,4.98,1.2,2.41,6,8
SB002052,STU00206,2026-03-29,7.37,4.72,0.68,2.85,3.57,20,2
SB002053,STU00206,2026-01-23,5.6,6.15,1.01,3.79,4.77,29,4
SB002054,STU00206,2026-02-10,4.2,8.18,4.26,4.71,0.79,17,5
SB002055,STU00206,2026-04-09,5.21,5.57,3.24,3.03,1.4,6,4
SB002056,STU00206,2026-04-07,3.15,6.85,4.05,2.25,4.9,25,7
SB002057,STU00206,2026-05-06,5.17,7.42,2.54,5.69,2.71,43,3
SB002058,STU00206,2026-02-13,6.68,5.82,3.28,1.49,1.61,30,10
SB002059,STU00206,2026-03-16,6.73,6.05,2.06,2.46,0.54,0,3
SB002060,STU00206,2026-05-24,2.88,8.33,1.23,4.13,0.7,2,5
SB002061,STU00207,2026-04-13,5.21,8.35,2.88,3.5,3.02,20,10
SB002062,STU00207,2026-01-19,0.74,8.92,1.4,2.58,4.46,40,3
SB002063,STU00207,2026-02-24,4.81,8.93,1.18,2.27,1.55,50,7
SB002064,STU00207,2026-05-28,2.36,5.04,1.96,2.48,0.89,11,2
SB002065,STU00207,2026-02-20,5.87,6.65,2.9,1.68,2.63,39,8
SB002066,STU00207,2026-01-25,1.45,7.38,3.6,0.76,1.63,18,3
SB002067,STU00207,2026-04-01,6.98,6.64,3.98,5.75,3.15,11,10
SB002068,STU00207,2026-05-19,7.33,5.96,2.7,3.42,0.3,23,1
SB002069,STU00207,2026-04-20,4.54,8.37,3.96,4.67,1.46,10,10
SB002070,STU00207,2026-01-14,2.87,5.14,0.8,1.75,2.16,9,3
SB002071,STU00208,2026-01-23,7.1,6.62,2.8,1.29,4.46,41,9
SB002072,STU00208,2026-05-03,4.54,7.2,0.76,3.27,3.74,31,10
SB002073,STU00208,2026-02-22,7.56,5.18,4.65,3.12,4.65,27,2
SB002074,STU00208,2026-03-24,1.52,5.38,3.7,5.55,3.76,25,4
SB002075,STU00208,2026-01-30,5.26,5.71,0.98,0.95,3.27,3,6
SB002076,STU00208,2026-05-09,2.82,8.19,0.28,5.02,3.87,0,10
SB002077,STU00208,2026-05-22,0.53,6.43,1.33,3.94,1.46,46,7
SB002078,STU00208,2026-04-15,0.94,5.68,0.67,1.06,2.04,33,9
SB002079,STU00208,2026-03-28,1.56,5.69,2.82,4.17,0.97,31,10
SB002080,STU00208,2026-04-08,5.91,5.62,2.56,5.54,4.4,6,7
SB002081,STU00209,2026-04-18,1.78,4.99,2.76,1.16,1.46,37,5
SB002082,STU00209,2026-01-23,1.09,8.94,1.01,4.81,2.95,27,3
SB002083,STU00209,2026-05-01,2.14,8.43,3.72,1.87,0.84,34,5
SB002084,STU00209,2026-06-18,4.73,4.65,3.74,0.57,1.73,16,1
SB002085,STU00209,2026-03-28,5.24,6.54,1.75,4.16,1.95,16,3
SB002086,STU00209,2026-06-21,4.54,8.29,0.92,0.93,4.04,26,2
SB002087,STU00209,2026-02-22,4.68,5.96,0.62,1.44,2.08,8,4
SB002088,STU00209,2026-06-30,2.39,7.08,1.59,3.99,1.78,31,8
SB002089,STU00209,2026-01-14,3.19,6.17,3.9,3.73,0.02,31,7
SB002090,STU00209,2026-03-12,2.61,5.1,4.27,2.33,1.0,20,6
SB002091,STU00210,2026-04-12,3.64,8.95,1.39,1.11,0.94,50,7
SB002092,STU00210,2026-04-23,5.37,6.3,2.38,4.07,3.21,6,6
SB002093,STU00210,2026-01-20,5.55,4.81,2.98,4.83,4.31,18,7
SB002094,STU00210,2026-02-04,7.3,4.63,4.46,2.53,4.27,35,2
SB002095,STU00210,2026-03-24,5.47,4.58,3.15,4.38,2.66,9,1
SB002096,STU00210,2026-03-22,0.62,7.28,2.25,0.55,4.74,17,3
SB002097,STU00210,2026-03-26,5.37,5.52,0.4,5.89,4.97,33,1
SB002098,STU00210,2026-04-17,2.32,6.83,3.09,5.94,1.7,21,5
SB002099,STU00210,2026-01-13,3.22,6.46,2.17,2.66,3.25,34,5
SB002100,STU00210,2026-04-24,6.04,6.81,4.94,4.61,2.05,6,4
SB002101,STU00211,2026-04-24,5.25,7.26,2.61,3.37,3.32,36,1
SB002102,STU00211,2026-02-09,1.08,6.72,4.12,5.16,1.71,17,1
SB002103,STU00211,2026-04-02,3.97,6.41,4.8,2.57,0.62,36,5
SB002104,STU00211,2026-04-06,3.2,6.19,1.53,4.56,1.51,8,10
SB002105,STU00211,2026-03-11,3.17,8.28,0.18,4.13,2.09,28,4
SB002106,STU00211,2026-05-11,7.85,7.26,4.89,0.62,4.45,43,7
SB002107,STU00211,2026-03-26,3.09,8.99,2.52,1.75,1.3,3,5
SB002108,STU00211,2026-06-11,5.52,7.17,0.59,0.68,4.91,34,4
SB002109,STU00211,2026-04-09,7.57,7.35,4.47,2.39,1.7,36,5
SB002110,STU00211,2026-01-09,5.95,7.81,1.07,2.27,1.95,37,6
SB002111,STU00212,2026-01-09,1.39,7.77,1.46,5.15,3.08,38,9
SB002112,STU00212,2026-05-26,1.68,7.12,4.4,3.81,3.72,46,2
SB002113,STU00212,2026-05-25,4.68,7.01,4.81,1.0,3.76,13,8
SB002114,STU00212,2026-01-05,4.97,8.87,0.91,1.52,1.5,10,4
SB002115,STU00212,2026-04-12,0.8,8.31,1.34,1.59,2.97,27,3
SB002116,STU00212,2026-04-28,2.0,6.08,4.49,2.02,2.75,16,7
SB002117,STU00212,2026-04-18,5.37,6.35,0.96,0.8,1.66,12,6
SB002118,STU00212,2026-02-10,4.04,7.8,1.72,1.79,2.74,37,8
SB002119,STU00212,2026-02-16,6.6,7.73,4.65,3.84,4.67,6,3
SB002120,STU00212,2026-05-15,3.34,6.07,4.99,2.11,1.95,19,8
SB002121,STU00213,2026-06-12,3.5,8.01,2.26,3.15,3.09,18,7
SB002122,STU00213,2026-02-09,7.86,6.32,0.03,5.03,2.54,47,9
SB002123,STU00213,2026-01-05,1.91,7.69,2.11,3.27,0.58,21,3
SB002124,STU00213,2026-01-28,3.97,5.42,3.61,2.39,0.23,13,2
SB002125,STU00213,2026-04-25,5.73,8.53,2.5,2.18,3.69,13,8
SB002126,STU00213,2026-04-28,5.31,6.17,0.18,4.82,3.73,7,6
SB002127,STU00213,2026-02-06,1.47,5.85,1.02,3.12,0.52,21,4
SB002128,STU00213,2026-04-28,1.29,8.1,0.6,2.78,3.92,6,6
SB002129,STU00213,2026-06-17,6.86,8.67,4.54,2.45,3.33,15,10
SB002130,STU00213,2026-06-27,6.78,8.7,2.1,0.98,3.45,11,6
SB002131,STU00214,2026-04-08,7.96,8.15,3.15,5.64,3.83,49,9
SB002132,STU00214,2026-06-15,0.53,4.55,0.98,5.12,3.82,32,5
SB002133,STU00214,2026-06-09,1.11,5.41,2.32,5.05,0.36,2,9
SB002134,STU00214,2026-02-19,7.18,6.39,2.62,1.05,4.23,19,8
SB002135,STU00214,2026-06-25,5.91,6.18,1.76,1.72,2.49,17,4
SB002136,STU00214,2026-02-13,6.04,8.16,2.43,1.09,3.72,33,5
SB002137,STU00214,2026-04-16,4.92,7.61,0.36,4.61,1.97,35,6
SB002138,STU00214,2026-05-17,6.68,8.51,0.38,4.5,2.93,40,2
SB002139,STU00214,2026-03-28,5.25,7.96,1.0,3.77,1.87,32,5
SB002140,STU00214,2026-05-30,3.18,5.85,3.6,2.42,4.69,34,7
SB002141,STU00215,2026-04-30,1.74,7.7,3.49,2.06,2.87,27,5
SB002142,STU00215,2026-01-16,3.79,8.83,1.38,5.76,3.62,5,6
SB002143,STU00215,2026-06-17,1.47,8.7,3.33,3.57,4.06,39,1
SB002144,STU00215,2026-03-10,4.82,6.56,3.35,1.68,3.61,49,10
SB002145,STU00215,2026-05-17,4.8,7.81,2.5,2.65,4.78,43,10
SB002146,STU00215,2026-04-17,5.26,7.58,1.86,5.33,2.74,24,3
SB002147,STU00215,2026-02-06,2.55,5.76,0.79,5.26,4.22,4,1
SB002148,STU00215,2026-06-05,3.15,8.27,0.74,4.46,0.45,35,7
SB002149,STU00215,2026-01-28,4.33,6.06,2.09,3.54,1.18,36,4
SB002150,STU00215,2026-03-20,3.85,5.42,0.24,4.55,4.49,45,1
SB002151,STU00216,2026-04-24,0.92,8.67,0.22,3.15,2.91,32,8
SB002152,STU00216,2026-04-18,2.26,5.49,0.21,4.01,3.97,12,2
SB002153,STU00216,2026-01-04,2.78,6.88,1.98,3.34,4.72,12,4
SB002154,STU00216,2026-05-28,1.19,7.47,4.83,5.83,1.99,25,4
SB002155,STU00216,2026-01-30,2.42,4.5,2.08,1.36,4.85,10,4
SB002156,STU00216,2026-06-16,2.47,8.22,2.05,2.55,0.61,39,2
SB002157,STU00216,2026-04-24,3.08,8.06,4.3,5.51,3.82,29,2
SB002158,STU00216,2026-03-06,2.57,6.22,4.12,3.78,3.64,3,7
SB002159,STU00216,2026-03-28,4.22,6.49,3.35,5.2,0.45,20,5
SB002160,STU00216,2026-04-26,0.69,8.16,0.96,4.01,3.56,8,10
SB002161,STU00217,2026-04-22,6.31,8.1,0.91,4.97,3.76,34,2
SB002162,STU00217,2026-02-01,1.91,8.15,2.9,3.79,3.68,23,3
SB002163,STU00217,2026-06-26,3.72,8.35,2.26,1.15,1.8,12,1
SB002164,STU00217,2026-06-08,2.93,5.3,3.12,4.68,0.57,35,5
SB002165,STU00217,2026-05-11,2.75,7.72,1.27,4.31,4.28,38,5
SB002166,STU00217,2026-06-17,5.55,5.54,3.27,3.94,2.93,50,10
SB002167,STU00217,2026-04-20,6.65,7.63,0.81,5.64,3.06,46,2
SB002168,STU00217,2026-04-15,1.14,5.97,3.76,2.13,2.83,31,7
SB002169,STU00217,2026-01-16,1.27,5.42,3.76,5.01,1.07,38,9
SB002170,STU00217,2026-01-19,6.6,6.57,4.2,1.21,2.5,11,2
SB002171,STU00218,2026-02-07,4.93,4.74,4.37,5.36,0.27,9,9
SB002172,STU00218,2026-06-24,5.29,4.6,0.8,2.01,4.52,45,2
SB002173,STU00218,2026-01-16,3.6,7.66,2.7,4.94,3.25,21,4
SB002174,STU00218,2026-01-29,5.43,7.37,3.96,0.92,3.92,37,9
SB002175,STU00218,2026-03-26,6.17,8.85,0.38,2.31,2.87,30,3
SB002176,STU00218,2026-05-06,7.52,6.67,4.76,2.55,0.56,1,2
SB002177,STU00218,2026-06-07,4.06,8.46,4.75,3.37,0.3,38,3
SB002178,STU00218,2026-01-25,1.35,7.99,2.47,0.93,0.28,36,3
SB002179,STU00218,2026-05-20,7.95,5.7,4.24,4.22,4.93,27,2
SB002180,STU00218,2026-04-13,2.51,8.2,2.98,5.46,0.24,37,9
SB002181,STU00219,2026-04-09,7.02,5.57,3.2,3.55,1.06,28,6
SB002182,STU00219,2026-04-04,5.69,8.2,0.79,1.23,0.4,45,4
SB002183,STU00219,2026-04-16,3.02,6.66,0.55,4.38,4.21,36,10
SB002184,STU00219,2026-03-21,4.37,8.65,1.39,0.68,0.66,28,4
SB002185,STU00219,2026-05-05,4.51,6.99,0.77,2.05,4.86,2,7
SB002186,STU00219,2026-01-19,6.07,6.62,3.97,3.91,0.14,38,2
SB002187,STU00219,2026-04-20,4.07,5.44,3.17,1.63,1.62,2,10
SB002188,STU00219,2026-02-06,6.79,6.48,0.8,4.49,0.7,18,6
SB002189,STU00219,2026-03-09,5.79,8.06,1.85,5.26,1.11,3,2
SB002190,STU00219,2026-03-09,4.8,6.7,3.15,5.36,2.61,7,6
SB002191,STU00220,2026-03-25,5.85,8.09,2.47,5.38,4.46,41,6
SB002192,STU00220,2026-01-28,7.16,7.64,1.51,3.6,3.54,34,10
SB002193,STU00220,2026-03-26,5.76,8.72,3.78,4.31,0.04,20,1
SB002194,STU00220,2026-02-09,2.25,7.86,3.14,3.95,0.08,13,4
SB002195,STU00220,2026-04-24,2.01,5.5,0.23,4.38,2.91,25,2
SB002196,STU00220,2026-04-22,2.0,5.7,0.25,0.58,3.77,5,9
SB002197,STU00220,2026-04-12,4.76,6.25,3.01,5.85,0.92,33,9
SB002198,STU00220,2026-03-06,3.17,6.74,4.5,3.29,1.82,19,6
SB002199,STU00220,2026-06-18,7.91,7.58,0.96,4.16,3.69,43,7
SB002200,STU00220,2026-04-24,7.32,7.08,0.14,0.66,1.47,45,9
SB002201,STU00221,2026-05-01,4.48,8.56,2.18,4.03,4.06,16,6
SB002202,STU00221,2026-01-12,4.02,6.84,1.98,4.72,1.53,48,8
SB002203,STU00221,2026-02-08,2.47,4.75,3.43,2.81,2.04,42,3
SB002204,STU00221,2026-04-23,5.31,6.46,2.67,1.4,1.98,41,7
SB002205,STU00221,2026-04-30,5.79,5.97,0.8,1.97,0.21,45,7
SB002206,STU00221,2026-04-19,7.74,5.26,0.81,1.86,2.82,37,3
SB002207,STU00221,2026-02-15,6.7,5.22,1.22,4.15,2.17,31,8
SB002208,STU00221,2026-01-17,1.12,5.23,3.0,3.01,4.64,41,5
SB002209,STU00221,2026-05-31,6.15,8.11,2.65,3.66,4.84,8,1
SB002210,STU00221,2026-04-13,3.46,5.73,0.73,2.43,3.34,23,10
SB002211,STU00222,2026-01-16,1.36,5.2,1.05,2.39,4.97,38,9
SB002212,STU00222,2026-01-08,3.35,5.46,4.07,5.77,1.8,41,9
SB002213,STU00222,2026-05-22,2.11,7.08,4.1,5.37,4.46,24,3
SB002214,STU00222,2026-03-25,6.39,5.76,3.43,4.99,0.23,3,4
SB002215,STU00222,2026-02-28,7.08,5.43,4.65,3.67,1.21,45,5
SB002216,STU00222,2026-01-08,2.94,5.31,1.99,0.74,0.26,50,6
SB002217,STU00222,2026-04-11,6.78,5.64,2.34,5.95,4.06,25,4
SB002218,STU00222,2026-01-21,5.8,4.91,3.6,2.31,2.47,6,9
SB002219,STU00222,2026-01-12,7.9,8.91,4.79,4.79,1.37,38,9
SB002220,STU00222,2026-02-20,1.06,4.51,3.68,1.6,0.54,5,10
SB002221,STU00223,2026-03-20,3.98,8.22,3.31,3.63,0.14,3,7
SB002222,STU00223,2026-05-06,2.74,5.46,1.58,0.88,2.96,24,1
SB002223,STU00223,2026-02-12,7.01,5.89,2.31,4.69,2.77,27,7
SB002224,STU00223,2026-02-14,4.05,4.65,4.9,4.74,1.19,0,3
SB002225,STU00223,2026-06-15,3.02,8.73,2.95,5.44,0.71,18,7
SB002226,STU00223,2026-02-25,3.91,6.15,3.55,3.75,0.55,2,6
SB002227,STU00223,2026-02-25,6.18,5.49,1.66,4.91,1.49,4,10
SB002228,STU00223,2026-05-16,7.11,6.73,0.69,5.44,2.79,26,10
SB002229,STU00223,2026-05-30,7.18,5.97,4.12,1.94,0.36,48,9
SB002230,STU00223,2026-03-11,3.77,5.19,2.34,0.55,3.14,0,2
SB002231,STU00224,2026-02-19,5.55,5.38,3.48,4.54,4.38,15,7
SB002232,STU00224,2026-06-10,3.58,4.67,0.03,2.03,2.88,37,7
SB002233,STU00224,2026-05-08,3.75,8.45,3.54,1.02,3.23,18,1
SB002234,STU00224,2026-04-04,3.33,7.61,3.59,3.95,2.8,11,8
SB002235,STU00224,2026-03-05,1.3,7.48,0.76,0.62,2.28,31,2
SB002236,STU00224,2026-02-06,3.41,8.78,1.71,2.96,0.22,1,7
SB002237,STU00224,2026-05-04,7.64,4.71,1.21,5.03,3.31,8,7
SB002238,STU00224,2026-01-09,4.5,7.98,4.43,5.92,3.17,18,5
SB002239,STU00224,2026-06-06,7.49,5.43,1.44,2.83,2.39,46,7
SB002240,STU00224,2026-03-03,7.42,5.33,3.59,5.67,4.32,3,1
SB002241,STU00225,2026-06-08,4.35,7.41,0.66,2.01,0.92,0,2
SB002242,STU00225,2026-01-15,7.07,8.85,3.58,0.81,3.6,2,4
SB002243,STU00225,2026-05-21,2.86,5.05,1.4,1.75,1.39,2,10
SB002244,STU00225,2026-02-07,4.83,6.74,3.75,5.76,4.75,48,7
SB002245,STU00225,2026-06-18,3.64,5.6,4.34,2.53,3.62,36,3
SB002246,STU00225,2026-06-26,2.16,8.86,4.21,4.66,4.38,14,3
SB002247,STU00225,2026-02-04,6.24,4.59,4.67,2.58,2.98,8,7
SB002248,STU00225,2026-02-19,6.04,7.58,2.39,1.24,2.91,15,1
SB002249,STU00225,2026-01-02,6.52,5.32,3.87,2.8,3.43,32,5
SB002250,STU00225,2026-06-17,1.99,8.24,1.53,1.75,0.88,25,10
SB002251,STU00226,2026-01-09,6.67,8.43,4.58,4.11,4.71,41,5
SB002252,STU00226,2026-06-13,3.67,7.43,2.88,1.38,2.97,35,1
SB002253,STU00226,2026-04-22,2.35,6.53,0.32,4.68,4.58,18,3
SB002254,STU00226,2026-01-07,3.26,8.29,2.91,0.59,0.92,14,6
SB002255,STU00226,2026-04-22,7.26,5.63,0.24,5.63,0.02,10,2
SB002256,STU00226,2026-03-14,6.14,6.19,3.87,3.1,1.24,5,5
SB002257,STU00226,2026-05-08,3.29,8.97,0.29,1.76,2.16,8,10
SB002258,STU00226,2026-04-13,6.57,7.12,0.48,3.81,4.67,17,1
SB002259,STU00226,2026-06-22,7.88,7.61,1.32,0.71,0.82,13,4
SB002260,STU00226,2026-05-03,1.33,5.38,4.62,2.4,4.9,6,2
SB002261,STU00227,2026-06-13,0.79,7.64,0.63,2.78,0.65,49,2
SB002262,STU00227,2026-02-19,3.75,4.81,2.2,3.87,0.58,39,6
SB002263,STU00227,2026-04-03,6.17,8.76,2.24,1.71,4.08,35,10
SB002264,STU00227,2026-04-10,0.98,7.57,0.71,2.22,1.73,12,6
SB002265,STU00227,2026-05-01,3.09,6.89,4.31,2.43,3.95,20,9
SB002266,STU00227,2026-03-14,7.22,5.29,0.19,0.92,3.19,14,3
SB002267,STU00227,2026-05-08,1.69,8.09,0.25,1.58,3.22,15,4
SB002268,STU00227,2026-05-21,4.58,8.63,4.26,3.3,2.52,45,6
SB002269,STU00227,2026-05-16,2.52,8.44,1.9,2.63,4.82,8,2
SB002270,STU00227,2026-05-01,5.98,8.09,4.62,5.57,1.6,33,6
SB002271,STU00228,2026-06-03,4.68,5.45,3.84,4.09,3.6,10,8
SB002272,STU00228,2026-01-13,7.98,4.95,4.67,5.65,4.86,39,3
SB002273,STU00228,2026-04-22,1.85,8.89,2.85,3.09,4.89,36,7
SB002274,STU00228,2026-01-19,0.86,6.71,4.97,4.84,0.02,6,1
SB002275,STU00228,2026-03-31,5.85,7.61,4.05,1.41,2.11,16,6
SB002276,STU00228,2026-01-13,1.39,5.35,0.52,3.2,0.34,44,2
SB002277,STU00228,2026-01-14,2.46,5.06,3.81,4.0,2.52,33,4
SB002278,STU00228,2026-03-27,4.06,5.86,0.44,4.3,3.13,46,2
SB002279,STU00228,2026-05-29,3.61,6.15,4.11,5.33,1.51,41,6
SB002280,STU00228,2026-04-15,1.29,8.41,0.96,2.91,2.02,20,4
SB002281,STU00229,2026-02-27,0.86,6.87,2.4,3.11,2.06,34,1
SB002282,STU00229,2026-04-20,5.63,7.08,1.14,5.14,4.29,6,7
SB002283,STU00229,2026-06-20,1.05,7.62,0.3,2.56,1.97,17,7
SB002284,STU00229,2026-03-03,6.86,8.08,3.94,5.69,4.58,22,3
SB002285,STU00229,2026-04-14,6.83,4.81,2.16,2.3,1.44,21,8
SB002286,STU00229,2026-01-15,5.4,6.77,4.04,1.27,4.48,37,2
SB002287,STU00229,2026-03-22,1.25,4.93,3.37,2.97,3.08,4,9
SB002288,STU00229,2026-02-05,6.33,8.74,3.63,5.74,1.23,49,9
SB002289,STU00229,2026-02-02,4.07,7.25,0.53,1.68,3.58,0,1
SB002290,STU00229,2026-04-02,2.11,4.73,2.55,2.56,3.64,43,1
SB002291,STU00230,2026-04-16,2.19,7.77,1.29,4.92,1.49,38,5
SB002292,STU00230,2026-06-06,4.19,8.28,0.9,4.37,3.87,36,4
SB002293,STU00230,2026-05-25,6.07,8.75,2.48,1.05,1.64,12,1
SB002294,STU00230,2026-03-21,5.06,5.23,0.48,0.67,0.39,29,6
SB002295,STU00230,2026-05-18,6.52,7.35,0.87,5.17,3.99,8,6
SB002296,STU00230,2026-02-03,7.07,8.44,1.51,4.65,3.62,14,1
SB002297,STU00230,2026-04-06,2.13,5.76,3.46,5.16,0.02,39,9
SB002298,STU00230,2026-06-27,5.66,5.0,1.05,1.59,2.66,37,3
SB002299,STU00230,2026-01-17,6.64,8.61,4.3,2.49,2.12,38,4
SB002300,STU00230,2026-01-20,1.65,7.02,3.89,4.95,0.39,31,7
SB002301,STU00231,2026-03-16,1.76,8.75,0.32,4.9,2.78,9,5
SB002302,STU00231,2026-03-31,4.96,6.27,4.22,3.34,2.57,30,8
SB002303,STU00231,2026-05-21,0.98,7.82,4.85,4.13,1.48,6,3
SB002304,STU00231,2026-04-01,0.8,5.21,0.84,2.46,3.57,11,5
SB002305,STU00231,2026-02-04,4.51,5.27,1.2,5.46,3.65,38,4
SB002306,STU00231,2026-03-17,7.54,7.65,3.55,1.7,2.01,14,2
SB002307,STU00231,2026-02-28,3.47,7.3,1.8,1.22,1.76,4,8
SB002308,STU00231,2026-04-11,2.89,8.12,4.64,4.29,4.55,33,10
SB002309,STU00231,2026-06-15,5.48,8.34,1.44,0.51,3.42,34,7
SB002310,STU00231,2026-04-20,5.25,5.83,0.6,3.55,3.82,48,7
SB002311,STU00232,2026-04-03,0.89,6.14,0.33,3.25,2.39,47,3
SB002312,STU00232,2026-05-21,1.79,8.06,2.35,5.49,1.63,25,5
SB002313,STU00232,2026-01-20,3.62,8.5,2.48,2.54,4.58,40,1
SB002314,STU00232,2026-06-27,6.14,7.96,3.3,4.95,1.37,20,3
SB002315,STU00232,2026-01-14,0.71,6.17,4.63,5.65,4.0,17,8
SB002316,STU00232,2026-06-08,4.59,7.88,4.63,5.78,3.09,50,9
SB002317,STU00232,2026-06-22,3.64,5.97,2.77,3.22,1.83,1,4
SB002318,STU00232,2026-01-10,1.08,8.98,1.55,2.43,3.9,40,8
SB002319,STU00232,2026-02-24,6.18,8.18,2.71,0.56,3.73,18,3
SB002320,STU00232,2026-03-27,3.74,6.02,4.11,5.59,2.61,27,5
SB002321,STU00233,2026-03-10,2.52,6.26,3.82,5.68,3.45,41,7
SB002322,STU00233,2026-05-27,2.31,8.58,4.94,0.54,4.36,2,1
SB002323,STU00233,2026-02-09,5.42,6.36,4.67,4.37,2.74,33,9
SB002324,STU00233,2026-01-17,2.13,4.69,4.51,4.55,0.91,33,6
SB002325,STU00233,2026-03-08,3.58,6.64,1.98,3.37,4.0,12,5
SB002326,STU00233,2026-06-27,1.04,7.35,3.68,4.86,3.15,27,4
SB002327,STU00233,2026-03-08,6.81,4.94,3.2,3.76,1.32,44,4
SB002328,STU00233,2026-04-03,5.24,7.96,2.65,1.21,2.49,3,1
SB002329,STU00233,2026-03-01,4.05,4.71,4.85,5.47,3.93,6,3
SB002330,STU00233,2026-05-26,3.97,8.25,0.4,2.72,2.95,26,5
SB002331,STU00234,2026-03-24,2.74,8.37,3.0,5.13,3.72,35,10
SB002332,STU00234,2026-01-18,0.52,7.43,0.09,1.1,2.33,24,4
SB002333,STU00234,2026-05-30,3.99,7.16,0.65,5.73,0.8,38,10
SB002334,STU00234,2026-05-17,4.49,6.8,1.57,1.25,3.45,38,2
SB002335,STU00234,2026-02-18,2.24,8.36,1.61,0.73,3.8,34,2
SB002336,STU00234,2026-01-23,7.54,8.61,0.98,4.64,4.82,14,9
SB002337,STU00234,2026-03-18,0.86,8.51,3.56,2.88,3.15,8,7
SB002338,STU00234,2026-01-04,6.17,5.58,0.31,5.23,1.2,12,8
SB002339,STU00234,2026-05-12,5.75,5.64,2.47,0.5,4.86,3,5
SB002340,STU00234,2026-01-11,0.94,7.86,3.55,3.77,3.25,50,3
SB002341,STU00235,2026-02-19,3.4,6.79,3.81,1.45,0.09,30,10
SB002342,STU00235,2026-05-08,6.18,5.94,2.44,2.19,0.6,48,7
SB002343,STU00235,2026-03-18,2.98,4.82,0.53,2.56,1.01,47,4
SB002344,STU00235,2026-02-04,4.24,8.11,0.56,3.06,0.01,9,5
SB002345,STU00235,2026-01-15,6.84,5.61,1.75,5.75,0.42,9,6
SB002346,STU00235,2026-04-13,3.0,5.1,2.6,1.53,2.75,43,7
SB002347,STU00235,2026-05-25,3.29,6.94,1.47,3.96,4.83,34,7
SB002348,STU00235,2026-04-15,3.15,5.54,2.74,1.18,3.16,6,5
SB002349,STU00235,2026-06-27,0.74,7.52,3.62,4.9,2.82,34,3
SB002350,STU00235,2026-05-13,7.16,7.22,1.56,4.67,2.32,45,9
SB002351,STU00236,2026-03-30,5.61,7.85,4.39,3.25,0.52,46,1
SB002352,STU00236,2026-01-03,7.71,8.29,3.16,5.76,3.69,11,3
SB002353,STU00236,2026-04-11,3.61,6.17,3.89,4.58,3.86,8,1
SB002354,STU00236,2026-06-20,7.63,6.78,3.9,1.77,1.15,48,3
SB002355,STU00236,2026-06-20,1.73,5.91,4.29,5.99,2.78,15,7
SB002356,STU00236,2026-02-17,6.15,6.59,2.81,5.23,2.28,23,5
SB002357,STU00236,2026-03-31,3.9,5.58,2.2,2.56,4.1,44,9
SB002358,STU00236,2026-03-11,7.59,6.31,4.4,4.55,4.8,15,5
SB002359,STU00236,2026-02-04,2.42,8.62,2.37,2.73,0.14,31,3
SB002360,STU00236,2026-04-23,7.82,7.44,0.33,2.05,0.37,31,4
SB002361,STU00237,2026-01-07,3.92,8.29,3.06,2.74,1.58,11,8
SB002362,STU00237,2026-01-23,3.14,6.26,4.43,3.35,0.55,49,7
SB002363,STU00237,2026-03-18,6.31,4.71,2.53,1.61,3.03,29,2
SB002364,STU00237,2026-01-20,5.53,7.2,1.89,1.15,2.8,26,10
SB002365,STU00237,2026-06-17,5.33,8.3,2.9,4.56,4.2,26,7
SB002366,STU00237,2026-05-19,1.61,8.07,3.51,5.2,4.05,8,3
SB002367,STU00237,2026-03-16,6.78,7.36,3.16,1.94,0.51,39,3
SB002368,STU00237,2026-03-29,2.36,8.54,0.02,1.86,2.7,33,5
SB002369,STU00237,2026-03-27,6.55,7.05,3.07,3.21,1.43,8,5
SB002370,STU00237,2026-06-04,7.21,7.22,1.48,0.51,3.94,32,7
SB002371,STU00238,2026-06-08,1.2,7.78,2.96,4.02,1.2,32,1
SB002372,STU00238,2026-04-20,7.24,8.79,1.29,4.62,0.34,39,4
SB002373,STU00238,2026-03-04,1.53,6.82,0.9,5.25,0.25,11,1
SB002374,STU00238,2026-03-23,2.91,7.89,1.04,3.59,0.29,47,3
SB002375,STU00238,2026-03-18,7.19,8.66,4.25,3.18,4.61,2,10
SB002376,STU00238,2026-03-29,2.41,6.9,4.15,0.91,2.46,46,6
SB002377,STU00238,2026-04-25,7.08,8.54,1.71,1.47,4.68,13,9
SB002378,STU00238,2026-04-15,2.73,6.97,4.78,5.18,0.01,13,3
SB002379,STU00238,2026-01-30,6.76,7.74,0.38,1.6,1.73,1,7
SB002380,STU00238,2026-02-07,3.92,4.54,0.58,5.83,4.03,50,3
SB002381,STU00239,2026-03-15,6.0,7.16,2.77,1.33,0.58,44,1
SB002382,STU00239,2026-03-31,6.38,7.24,2.59,5.28,4.0,24,8
SB002383,STU00239,2026-06-08,6.52,7.81,2.31,1.11,3.13,6,6
SB002384,STU00239,2026-01-21,7.5,5.95,0.23,0.9,2.56,17,1
SB002385,STU00239,2026-06-07,5.93,4.61,1.71,5.24,1.52,36,7
SB002386,STU00239,2026-06-24,6.45,6.94,0.91,0.56,2.97,33,4
SB002387,STU00239,2026-04-29,1.65,4.55,1.95,5.87,1.49,41,6
SB002388,STU00239,2026-02-16,4.99,7.93,4.14,3.93,1.21,9,7
SB002389,STU00239,2026-06-21,0.67,6.17,2.32,4.45,4.25,25,6
SB002390,STU00239,2026-02-22,5.97,5.4,1.86,3.01,2.15,38,10
SB002391,STU00240,2026-02-05,3.15,8.85,3.43,3.34,4.72,18,7
SB002392,STU00240,2026-03-04,2.08,6.41,4.92,2.06,2.45,0,4
SB002393,STU00240,2026-06-16,7.87,7.9,2.54,1.56,4.5,10,2
SB002394,STU00240,2026-03-31,6.91,7.92,3.6,0.98,1.62,24,1
SB002395,STU00240,2026-02-06,6.7,5.21,0.9,1.67,1.53,42,2
SB002396,STU00240,2026-02-27,3.4,8.43,0.0,1.58,2.68,47,10
SB002397,STU00240,2026-01-27,7.68,5.44,4.74,3.02,0.24,50,9
SB002398,STU00240,2026-05-30,7.44,4.53,4.62,5.51,4.94,46,2
SB002399,STU00240,2026-03-13,4.38,6.06,3.83,0.76,1.24,15,7
SB002400,STU00240,2026-05-24,1.25,7.23,0.1,5.96,2.99,5,5
SB002401,STU00241,2026-06-26,6.94,4.72,2.65,3.74,1.98,44,1
SB002402,STU00241,2026-01-13,3.09,8.69,3.56,2.55,4.23,43,2
SB002403,STU00241,2026-06-03,6.08,5.68,2.79,5.09,0.36,28,7
SB002404,STU00241,2026-05-22,7.98,4.72,2.18,2.36,2.87,26,10
SB002405,STU00241,2026-03-31,1.34,4.88,2.51,4.56,0.65,6,9
SB002406,STU00241,2026-02-07,7.99,7.38,2.89,5.82,4.56,5,4
SB002407,STU00241,2026-03-12,2.2,5.09,2.43,2.7,1.66,2,9
SB002408,STU00241,2026-01-09,7.75,7.77,2.01,1.77,2.05,40,5
SB002409,STU00241,2026-05-05,0.65,5.15,0.61,4.71,3.97,17,6
SB002410,STU00241,2026-06-08,7.09,7.42,2.64,5.82,3.02,1,10
SB002411,STU00242,2026-03-04,7.9,6.74,1.82,0.82,1.3,35,7
SB002412,STU00242,2026-04-10,1.82,4.71,3.66,2.22,1.67,2,6
SB002413,STU00242,2026-02-18,2.03,7.65,2.52,2.47,4.26,22,6
SB002414,STU00242,2026-02-24,2.5,7.1,3.11,4.0,3.38,37,1
SB002415,STU00242,2026-04-09,2.52,5.38,4.29,5.17,0.3,16,1
SB002416,STU00242,2026-05-29,3.54,7.28,1.78,4.37,1.85,4,9
SB002417,STU00242,2026-03-31,1.97,8.31,0.06,5.03,4.14,5,7
SB002418,STU00242,2026-01-08,5.47,4.69,3.91,1.4,0.38,40,3
SB002419,STU00242,2026-03-28,3.44,5.5,3.51,3.74,2.37,18,3
SB002420,STU00242,2026-02-01,6.98,6.99,3.35,4.41,2.81,21,4
SB002421,STU00243,2026-02-11,5.19,7.63,0.9,2.64,3.31,36,3
SB002422,STU00243,2026-05-16,7.77,6.17,0.94,0.57,2.8,22,6
SB002423,STU00243,2026-04-10,2.27,5.07,3.26,0.95,0.13,42,5
SB002424,STU00243,2026-02-12,5.34,6.81,4.56,1.81,2.48,19,3
SB002425,STU00243,2026-03-13,3.9,4.99,2.38,3.03,0.06,1,5
SB002426,STU00243,2026-04-26,0.57,8.56,4.73,5.89,0.64,34,10
SB002427,STU00243,2026-02-02,2.59,5.31,3.08,0.89,3.94,7,5
SB002428,STU00243,2026-03-28,6.06,6.9,0.53,2.53,4.31,29,4
SB002429,STU00243,2026-04-27,1.89,6.74,2.37,2.03,2.65,38,10
SB002430,STU00243,2026-03-20,4.13,6.34,1.75,1.8,0.78,25,5
SB002431,STU00244,2026-03-10,6.75,6.49,0.37,3.56,0.35,12,4
SB002432,STU00244,2026-05-31,4.64,7.35,2.44,4.27,1.06,49,5
SB002433,STU00244,2026-04-10,4.19,7.06,4.2,0.59,2.85,13,5
SB002434,STU00244,2026-01-09,4.91,7.32,3.42,0.67,0.15,32,4
SB002435,STU00244,2026-01-13,1.89,8.7,0.98,5.37,2.48,3,5
SB002436,STU00244,2026-04-17,4.21,6.08,1.42,0.61,2.46,10,3
SB002437,STU00244,2026-05-16,4.92,6.48,4.13,4.71,1.25,38,8
SB002438,STU00244,2026-04-11,2.75,5.02,2.73,3.96,4.35,4,3
SB002439,STU00244,2026-03-13,6.37,6.94,0.45,3.8,2.11,40,6
SB002440,STU00244,2026-03-18,4.32,5.04,0.37,1.14,0.03,27,8
SB002441,STU00245,2026-04-22,0.85,6.32,4.6,2.04,0.74,12,5
SB002442,STU00245,2026-06-10,2.61,5.66,0.34,2.74,0.78,47,5
SB002443,STU00245,2026-01-07,4.48,8.15,3.83,1.73,2.67,20,1
SB002444,STU00245,2026-06-17,3.34,4.86,1.17,3.21,3.15,0,2
SB002445,STU00245,2026-06-16,6.8,5.48,0.52,5.61,0.76,29,6
SB002446,STU00245,2026-02-06,0.83,6.74,0.51,3.14,1.92,15,9
SB002447,STU00245,2026-04-23,1.28,4.64,4.96,4.62,0.52,43,6
SB002448,STU00245,2026-03-30,2.89,7.47,0.39,2.72,4.93,45,9
SB002449,STU00245,2026-01-16,6.55,4.58,4.91,1.26,0.65,31,10
SB002450,STU00245,2026-01-21,5.42,7.45,1.22,1.35,4.58,3,6
SB002451,STU00246,2026-04-16,1.86,7.42,2.46,3.02,2.54,50,7
SB002452,STU00246,2026-06-07,6.09,5.9,4.81,0.88,3.3,30,6
SB002453,STU00246,2026-04-29,0.91,7.6,2.44,3.66,3.04,2,8
SB002454,STU00246,2026-06-24,5.24,5.47,1.33,5.18,0.56,9,10
SB002455,STU00246,2026-06-13,6.39,8.95,1.42,5.8,2.66,17,6
SB002456,STU00246,2026-04-22,0.6,6.55,3.08,3.35,1.94,13,6
SB002457,STU00246,2026-04-02,6.22,4.85,1.13,4.44,4.56,49,2
SB002458,STU00246,2026-05-10,0.94,7.07,1.4,1.83,2.15,14,1
SB002459,STU00246,2026-05-15,7.41,5.81,2.38,2.92,4.71,11,6
SB002460,STU00246,2026-05-18,7.57,7.61,4.75,5.33,0.48,3,3
SB002461,STU00247,2026-05-11,3.05,6.6,3.01,4.33,4.48,9,4
SB002462,STU00247,2026-01-01,1.61,5.61,1.22,1.84,2.45,22,6
SB002463,STU00247,2026-03-06,4.72,7.24,4.02,3.03,3.6,13,10
SB002464,STU00247,2026-03-30,3.82,4.66,2.15,2.54,1.5,3,1
SB002465,STU00247,2026-05-17,6.96,5.68,4.57,3.77,0.81,50,2
SB002466,STU00247,2026-05-25,3.7,7.13,0.16,2.74,1.41,1,5
SB002467,STU00247,2026-02-06,1.74,7.02,1.59,1.64,1.2,4,2
SB002468,STU00247,2026-06-14,2.64,7.84,1.29,1.08,1.78,35,5
SB002469,STU00247,2026-04-14,7.85,8.12,4.21,1.31,1.04,40,1
SB002470,STU00247,2026-01-24,7.86,6.39,4.81,5.66,1.63,43,7
SB002471,STU00248,2026-01-20,7.81,7.09,3.64,3.9,3.06,36,7
SB002472,STU00248,2026-03-22,1.15,7.44,2.15,0.58,0.91,18,6
SB002473,STU00248,2026-06-14,5.64,5.82,1.84,2.81,4.44,35,1
SB002474,STU00248,2026-05-19,4.34,8.51,0.24,1.43,2.94,35,2
SB002475,STU00248,2026-03-06,6.39,8.62,4.44,4.8,1.28,39,4
SB002476,STU00248,2026-01-05,4.51,8.23,2.99,3.71,2.4,35,9
SB002477,STU00248,2026-02-14,7.59,5.18,2.32,3.37,3.4,10,2
SB002478,STU00248,2026-03-03,1.64,4.64,1.5,3.51,4.32,21,2
SB002479,STU00248,2026-01-04,5.39,7.61,4.6,4.68,2.46,47,3
SB002480,STU00248,2026-01-11,6.64,7.68,2.96,4.82,1.95,8,10
SB002481,STU00249,2026-06-25,0.7,7.48,1.22,2.97,3.01,34,8
SB002482,STU00249,2026-02-24,4.28,8.76,2.8,2.53,3.32,49,2
SB002483,STU00249,2026-01-14,7.15,7.69,1.67,3.33,4.16,35,1
SB002484,STU00249,2026-06-07,2.27,6.94,3.3,1.46,1.84,38,8
SB002485,STU00249,2026-05-20,2.31,5.58,3.05,4.11,1.54,1,9
SB002486,STU00249,2026-02-21,2.34,8.25,1.18,5.21,1.5,29,1
SB002487,STU00249,2026-05-16,7.41,5.78,0.62,3.91,1.12,48,10
SB002488,STU00249,2026-03-20,4.93,5.44,1.45,1.12,3.48,8,10
SB002489,STU00249,2026-03-23,7.36,4.89,3.5,4.81,4.79,33,2
SB002490,STU00249,2026-06-19,2.66,5.81,2.66,5.85,4.5,13,6
SB002491,STU00250,2026-04-23,1.25,7.79,1.05,5.45,4.43,35,4
SB002492,STU00250,2026-06-19,0.99,7.86,0.76,2.4,4.49,48,7
SB002493,STU00250,2026-03-14,4.7,5.91,0.85,2.81,2.42,22,5
SB002494,STU00250,2026-06-16,4.6,7.64,3.43,4.2,4.49,1,5
SB002495,STU00250,2026-01-24,7.06,8.32,1.35,4.74,1.79,3,7
SB002496,STU00250,2026-01-03,7.92,8.61,3.49,1.04,2.52,12,1
SB002497,STU00250,2026-02-13,3.57,7.14,3.55,2.42,1.69,29,9
SB002498,STU00250,2026-03-20,1.27,8.33,0.69,0.99,2.37,42,6
SB002499,STU00250,2026-06-04,1.49,8.8,2.98,5.98,3.92,4,4
SB002500,STU00250,2026-02-08,0.64,8.13,2.96,1.14,1.07,26,6
SB002501,STU00251,2026-03-07,3.5,6.02,0.38,4.25,4.11,39,2
SB002502,STU00251,2026-03-26,4.97,8.34,2.33,4.14,3.81,20,3
SB002503,STU00251,2026-06-05,2.39,7.15,1.32,4.49,3.34,19,6
SB002504,STU00251,2026-02-09,7.67,7.82,3.68,3.53,0.11,29,9
SB002505,STU00251,2026-01-20,6.17,6.81,2.13,5.54,0.11,9,3
SB002506,STU00251,2026-06-12,3.03,7.86,3.39,3.73,2.1,12,3
SB002507,STU00251,2026-03-10,6.62,7.49,0.52,2.94,1.86,45,3
SB002508,STU00251,2026-01-29,6.48,6.04,3.85,4.8,3.8,27,4
SB002509,STU00251,2026-01-16,4.78,5.39,4.01,3.15,4.49,10,6
SB002510,STU00251,2026-04-17,1.01,7.08,1.36,3.74,2.84,10,4
SB002511,STU00252,2026-02-26,1.32,6.71,2.66,1.2,0.32,29,5
SB002512,STU00252,2026-02-01,6.04,8.27,1.95,5.34,0.46,26,5
SB002513,STU00252,2026-02-01,1.16,7.33,2.58,3.0,0.53,50,10
SB002514,STU00252,2026-02-11,6.4,4.95,0.9,3.44,3.85,46,3
SB002515,STU00252,2026-02-12,5.1,5.53,2.37,0.68,2.93,16,4
SB002516,STU00252,2026-04-06,5.49,7.74,0.49,5.12,0.64,10,2
SB002517,STU00252,2026-01-25,7.82,7.58,2.3,4.46,0.03,8,4
SB002518,STU00252,2026-04-29,6.09,8.31,2.05,5.5,0.13,8,7
SB002519,STU00252,2026-04-26,5.9,8.6,0.93,5.17,3.02,37,4
SB002520,STU00252,2026-05-05,6.94,4.7,4.15,4.0,4.04,17,3
SB002521,STU00253,2026-05-12,5.65,6.85,4.5,2.09,1.18,34,3
SB002522,STU00253,2026-01-09,6.48,5.31,2.8,2.18,4.62,26,5
SB002523,STU00253,2026-01-09,7.95,7.31,1.06,1.71,0.41,22,1
SB002524,STU00253,2026-03-21,7.69,7.35,3.42,2.65,2.83,29,3
SB002525,STU00253,2026-01-14,2.64,7.46,3.58,1.31,0.18,8,5
SB002526,STU00253,2026-04-12,7.54,8.41,3.41,2.8,4.01,38,8
SB002527,STU00253,2026-06-01,1.64,7.54,4.4,5.8,0.2,19,10
SB002528,STU00253,2026-01-30,2.23,5.3,4.08,3.38,3.0,44,5
SB002529,STU00253,2026-04-25,1.58,6.94,0.53,4.39,2.71,41,1
SB002530,STU00253,2026-06-06,6.1,8.1,1.65,1.68,0.5,2,8
SB002531,STU00254,2026-04-26,2.49,7.76,3.48,4.4,4.98,23,1
SB002532,STU00254,2026-05-28,1.67,8.42,3.42,4.19,3.17,29,10
SB002533,STU00254,2026-06-03,1.56,7.32,0.93,5.31,3.77,9,10
SB002534,STU00254,2026-03-06,1.73,8.03,0.96,4.19,0.37,34,5
SB002535,STU00254,2026-02-07,0.63,5.85,2.89,0.98,1.76,45,8
SB002536,STU00254,2026-03-13,3.74,5.2,2.65,4.45,0.33,14,9
SB002537,STU00254,2026-03-12,7.28,5.44,2.73,3.74,0.48,17,2
SB002538,STU00254,2026-01-18,6.04,6.37,3.12,4.24,3.05,9,1
SB002539,STU00254,2026-06-17,5.75,6.09,1.22,4.87,1.39,41,9
SB002540,STU00254,2026-06-22,5.93,7.42,0.38,5.86,2.01,6,6
SB002541,STU00255,2026-04-05,5.45,8.82,2.61,5.74,2.15,46,8
SB002542,STU00255,2026-06-23,0.64,7.01,4.18,3.58,3.17,34,9
SB002543,STU00255,2026-01-05,6.27,5.54,3.58,3.05,1.94,41,4
SB002544,STU00255,2026-05-07,3.23,5.1,2.95,5.7,2.09,4,6
SB002545,STU00255,2026-03-22,7.7,7.31,0.02,4.01,0.17,13,4
SB002546,STU00255,2026-05-27,3.15,6.96,4.29,5.63,2.94,31,7
SB002547,STU00255,2026-04-16,3.16,4.68,4.42,1.26,4.91,50,10
SB002548,STU00255,2026-01-30,0.79,6.5,4.62,2.52,2.83,19,8
SB002549,STU00255,2026-04-13,2.81,5.63,0.77,5.96,1.24,46,10
SB002550,STU00255,2026-01-25,1.56,8.83,3.97,2.34,4.26,19,9
SB002551,STU00256,2026-06-14,7.59,8.17,3.97,5.42,3.05,17,8
SB002552,STU00256,2026-03-02,2.4,8.61,4.48,1.71,3.33,9,4
SB002553,STU00256,2026-03-25,7.74,6.37,1.6,0.6,3.62,23,10
SB002554,STU00256,2026-05-04,2.14,7.43,3.96,2.46,3.35,29,4
SB002555,STU00256,2026-06-28,5.6,4.72,3.97,1.8,3.62,25,8
SB002556,STU00256,2026-03-20,6.77,7.36,3.05,4.67,3.77,50,1
SB002557,STU00256,2026-05-12,6.11,7.94,0.87,3.36,4.4,44,5
SB002558,STU00256,2026-05-29,3.03,4.75,2.2,2.86,2.22,23,3
SB002559,STU00256,2026-04-13,5.24,4.65,0.23,4.82,2.55,42,1
SB002560,STU00256,2026-04-11,3.7,7.28,2.32,3.64,0.08,28,6
SB002561,STU00257,2026-04-29,2.69,8.1,2.19,1.99,1.82,3,7
SB002562,STU00257,2026-01-04,1.68,4.86,2.39,5.86,2.87,6,2
SB002563,STU00257,2026-03-04,4.07,6.38,0.34,1.65,4.22,12,3
SB002564,STU00257,2026-01-06,1.59,8.01,0.5,4.58,2.97,30,2
SB002565,STU00257,2026-05-19,6.89,6.6,3.01,4.86,0.03,22,1
SB002566,STU00257,2026-02-18,3.18,4.79,0.85,4.36,0.2,18,2
SB002567,STU00257,2026-03-24,3.64,7.32,4.71,5.55,4.02,22,5
SB002568,STU00257,2026-03-02,7.54,6.12,1.3,1.81,1.63,9,1
SB002569,STU00257,2026-04-06,4.7,5.93,3.55,1.51,2.54,7,8
SB002570,STU00257,2026-02-17,2.33,8.8,2.33,3.08,0.78,49,7
SB002571,STU00258,2026-01-06,5.76,7.84,0.91,5.45,2.51,42,6
SB002572,STU00258,2026-04-22,3.9,8.9,3.18,2.56,3.74,43,10
SB002573,STU00258,2026-06-09,5.01,6.14,1.35,4.45,0.93,45,6
SB002574,STU00258,2026-01-17,5.97,5.93,3.89,5.04,0.11,21,3
SB002575,STU00258,2026-06-27,3.12,4.99,2.55,2.14,2.34,1,7
SB002576,STU00258,2026-06-18,6.13,5.6,4.46,4.83,1.53,18,9
SB002577,STU00258,2026-06-22,6.7,5.35,1.49,1.05,4.96,34,7
SB002578,STU00258,2026-01-11,3.98,5.55,1.12,2.28,3.49,4,9
SB002579,STU00258,2026-02-14,6.99,5.75,0.63,5.1,0.64,11,5
SB002580,STU00258,2026-05-25,6.05,4.76,0.51,4.19,1.0,9,3
SB002581,STU00259,2026-04-23,7.75,6.51,4.17,3.83,2.98,38,2
SB002582,STU00259,2026-04-30,7.78,8.0,4.14,2.4,0.27,8,4
SB002583,STU00259,2026-05-24,3.23,8.18,4.61,4.12,2.31,4,8
SB002584,STU00259,2026-03-24,6.24,4.75,1.05,5.34,4.46,32,8
SB002585,STU00259,2026-04-13,6.34,5.94,2.9,1.89,0.32,13,1
SB002586,STU00259,2026-04-26,7.1,5.33,3.13,4.51,1.96,4,4
SB002587,STU00259,2026-06-09,4.97,7.7,4.68,1.0,0.78,3,9
SB002588,STU00259,2026-06-28,5.02,7.0,4.21,2.4,0.9,10,1
SB002589,STU00259,2026-06-13,7.1,8.5,0.57,4.59,3.57,5,9
SB002590,STU00259,2026-05-03,2.16,7.48,0.54,2.95,1.98,25,4
SB002591,STU00260,2026-02-01,3.45,6.64,3.88,1.97,0.61,18,4
SB002592,STU00260,2026-02-14,7.47,8.8,3.53,2.72,4.52,37,3
SB002593,STU00260,2026-03-11,4.87,8.88,4.22,2.2,0.14,22,8
SB002594,STU00260,2026-06-21,6.44,8.87,2.03,0.58,3.52,33,7
SB002595,STU00260,2026-04-11,4.45,8.16,2.79,3.69,0.2,16,5
SB002596,STU00260,2026-02-25,4.16,8.62,1.35,2.91,3.04,34,4
SB002597,STU00260,2026-03-20,3.32,7.3,3.98,5.92,4.95,7,7
SB002598,STU00260,2026-04-12,6.09,8.74,1.6,5.15,3.71,13,10
SB002599,STU00260,2026-02-15,2.9,6.91,2.93,0.92,3.08,16,6
SB002600,STU00260,2026-05-26,2.85,6.86,3.26,3.09,3.03,46,4
SB002601,STU00261,2026-04-28,5.53,5.09,2.26,0.88,2.85,10,8
SB002602,STU00261,2026-05-09,5.65,5.08,3.3,5.2,0.95,44,8
SB002603,STU00261,2026-05-28,3.75,4.73,0.64,5.79,3.09,48,5
SB002604,STU00261,2026-02-10,2.35,5.22,3.34,2.25,1.75,27,3
SB002605,STU00261,2026-03-05,5.67,7.16,1.13,4.12,2.87,41,8
SB002606,STU00261,2026-04-19,1.62,4.9,0.03,5.27,1.33,49,7
SB002607,STU00261,2026-05-13,7.86,6.58,2.86,5.05,0.5,31,2
SB002608,STU00261,2026-04-11,6.35,8.57,3.99,3.9,4.63,21,8
SB002609,STU00261,2026-01-19,4.18,8.3,3.61,2.1,4.04,16,5
SB002610,STU00261,2026-02-25,4.16,5.15,3.4,2.58,3.61,11,2
SB002611,STU00262,2026-02-15,4.79,7.16,2.24,2.88,2.42,37,3
SB002612,STU00262,2026-06-06,5.58,7.03,2.05,1.28,0.24,50,5
SB002613,STU00262,2026-04-19,3.63,6.02,0.73,0.8,0.69,14,5
SB002614,STU00262,2026-01-05,6.86,8.19,2.01,4.03,3.7,28,3
SB002615,STU00262,2026-02-11,2.11,7.59,3.96,2.36,4.32,47,5
SB002616,STU00262,2026-04-19,4.65,7.92,1.39,4.46,3.69,27,7
SB002617,STU00262,2026-04-22,3.39,7.57,0.87,4.84,3.88,0,10
SB002618,STU00262,2026-03-20,7.45,5.32,3.95,2.0,4.03,11,10
SB002619,STU00262,2026-05-09,6.39,5.48,1.09,2.14,2.73,45,6
SB002620,STU00262,2026-04-09,0.94,5.45,3.77,4.7,0.19,20,1
SB002621,STU00263,2026-05-03,1.54,7.51,2.72,4.24,4.34,3,3
SB002622,STU00263,2026-03-12,2.76,6.34,0.99,2.03,3.23,37,1
SB002623,STU00263,2026-02-12,2.9,4.57,1.53,3.91,2.06,46,7
SB002624,STU00263,2026-05-26,2.51,7.75,3.43,4.07,3.87,28,1
SB002625,STU00263,2026-03-13,1.66,7.97,3.49,4.15,3.43,36,1
SB002626,STU00263,2026-03-29,6.81,5.12,4.27,4.27,0.42,24,5
SB002627,STU00263,2026-05-10,2.98,5.63,3.23,2.62,0.83,4,7
SB002628,STU00263,2026-05-13,7.63,6.55,3.69,5.11,3.32,36,5
SB002629,STU00263,2026-03-23,3.88,8.56,1.04,5.68,4.39,8,3
SB002630,STU00263,2026-04-23,7.61,5.17,0.26,2.69,0.02,46,10
SB002631,STU00264,2026-05-27,1.58,7.43,1.88,5.55,2.66,36,6
SB002632,STU00264,2026-04-17,5.42,4.82,3.26,4.59,0.96,44,5
SB002633,STU00264,2026-04-18,4.89,4.53,4.77,5.91,4.83,42,10
SB002634,STU00264,2026-05-01,0.91,5.09,0.1,4.95,4.22,4,10
SB002635,STU00264,2026-04-03,3.0,5.99,1.25,1.11,3.48,30,6
SB002636,STU00264,2026-04-29,0.65,5.98,2.99,3.71,0.69,17,8
SB002637,STU00264,2026-02-17,2.39,5.61,4.01,5.81,1.18,42,1
SB002638,STU00264,2026-03-26,1.11,8.77,2.51,5.97,2.38,17,8
SB002639,STU00264,2026-05-11,5.1,6.56,4.03,1.59,0.29,47,6
SB002640,STU00264,2026-06-01,7.71,6.63,0.69,4.16,1.16,45,8
SB002641,STU00265,2026-06-28,0.91,7.24,1.26,5.49,2.54,26,1
SB002642,STU00265,2026-01-29,5.75,8.63,1.47,1.62,0.74,29,9
SB002643,STU00265,2026-01-24,5.33,6.3,3.35,2.49,1.93,10,2
SB002644,STU00265,2026-04-12,5.16,7.41,0.4,2.98,0.17,34,4
SB002645,STU00265,2026-03-12,3.13,5.03,3.73,0.7,2.0,16,1
SB002646,STU00265,2026-01-06,3.4,6.27,1.13,3.29,3.96,0,3
SB002647,STU00265,2026-01-10,2.07,6.38,1.49,4.29,4.98,1,7
SB002648,STU00265,2026-02-01,3.37,5.87,4.62,0.92,2.02,24,7
SB002649,STU00265,2026-06-07,7.59,8.94,3.55,3.59,3.79,50,5
SB002650,STU00265,2026-01-13,2.26,8.99,4.21,2.36,2.39,20,2
SB002651,STU00266,2026-05-04,5.32,6.69,0.93,1.0,2.42,30,4
SB002652,STU00266,2026-03-10,4.67,6.59,3.72,2.54,1.34,20,4
SB002653,STU00266,2026-02-17,4.95,8.32,4.25,5.88,3.03,9,7
SB002654,STU00266,2026-03-17,7.77,7.04,3.62,4.57,1.09,26,5
SB002655,STU00266,2026-02-23,7.34,8.68,4.12,3.72,3.37,2,1
SB002656,STU00266,2026-06-03,2.62,4.65,3.36,4.38,0.3,3,8
SB002657,STU00266,2026-05-01,3.9,5.8,4.25,1.68,2.34,0,9
SB002658,STU00266,2026-04-17,6.98,6.26,1.84,2.83,1.08,50,4
SB002659,STU00266,2026-01-22,5.52,6.02,2.79,3.54,1.55,18,10
SB002660,STU00266,2026-03-25,1.27,4.78,4.04,2.39,1.38,40,8
SB002661,STU00267,2026-06-27,6.2,6.31,2.74,4.29,0.63,12,8
SB002662,STU00267,2026-06-17,7.93,5.37,3.71,4.17,4.44,7,1
SB002663,STU00267,2026-05-20,4.92,5.0,2.67,5.26,4.39,23,9
SB002664,STU00267,2026-03-06,4.22,7.9,4.04,4.32,4.35,1,2
SB002665,STU00267,2026-03-27,3.7,7.98,4.84,0.72,0.81,8,5
SB002666,STU00267,2026-04-30,2.9,8.85,1.01,1.96,2.16,27,9
SB002667,STU00267,2026-04-15,7.26,6.12,0.48,1.42,4.2,22,8
SB002668,STU00267,2026-01-08,2.24,8.93,1.86,5.85,3.62,41,5
SB002669,STU00267,2026-02-12,3.96,6.71,3.85,1.17,2.97,45,5
SB002670,STU00267,2026-01-26,5.76,5.48,2.68,3.56,0.39,4,7
SB002671,STU00268,2026-03-07,7.82,5.24,4.9,2.85,3.53,31,9
SB002672,STU00268,2026-05-31,3.61,8.29,1.47,2.57,3.5,29,2
SB002673,STU00268,2026-02-13,3.97,6.15,4.66,5.54,4.01,20,8
SB002674,STU00268,2026-03-23,6.66,5.92,0.15,1.16,3.82,26,4
SB002675,STU00268,2026-05-05,4.73,7.06,0.37,1.24,2.88,13,6
SB002676,STU00268,2026-03-13,2.76,7.94,2.45,1.02,3.09,6,8
SB002677,STU00268,2026-06-09,5.28,4.9,1.07,3.62,1.9,4,2
SB002678,STU00268,2026-03-03,0.87,4.85,1.04,1.74,4.7,48,7
SB002679,STU00268,2026-06-23,1.09,6.8,3.52,3.95,1.16,33,5
SB002680,STU00268,2026-04-11,7.69,7.55,4.59,4.79,3.11,31,8
SB002681,STU00269,2026-02-09,2.48,7.34,2.53,1.13,2.03,47,1
SB002682,STU00269,2026-06-10,4.24,7.34,0.4,2.62,0.52,47,7
SB002683,STU00269,2026-05-23,7.53,6.38,1.76,2.75,3.08,47,2
SB002684,STU00269,2026-03-12,5.35,6.08,2.3,2.88,4.45,4,4
SB002685,STU00269,2026-02-28,4.27,5.82,1.66,1.06,2.08,22,6
SB002686,STU00269,2026-05-16,5.91,6.19,1.54,2.64,2.58,9,9
SB002687,STU00269,2026-05-17,5.42,8.7,2.28,2.16,4.46,26,10
SB002688,STU00269,2026-02-05,1.99,7.67,1.62,5.63,0.28,10,10
SB002689,STU00269,2026-05-14,0.58,7.41,3.96,2.6,4.83,39,7
SB002690,STU00269,2026-05-25,6.36,6.27,3.07,1.38,4.89,10,2
SB002691,STU00270,2026-05-16,6.04,5.77,0.5,5.23,2.24,23,8
SB002692,STU00270,2026-05-23,6.04,6.54,1.68,0.63,1.84,30,5
SB002693,STU00270,2026-06-02,1.74,8.31,2.31,5.73,1.44,8,9
SB002694,STU00270,2026-02-05,4.71,5.82,3.26,4.96,2.96,29,5
SB002695,STU00270,2026-01-05,3.56,7.22,3.11,2.59,0.97,10,10
SB002696,STU00270,2026-02-12,0.97,8.34,4.93,5.39,1.55,6,2
SB002697,STU00270,2026-01-07,3.15,7.58,4.57,3.16,3.78,19,10
SB002698,STU00270,2026-06-05,2.08,7.19,4.52,2.69,3.49,16,10
SB002699,STU00270,2026-05-08,6.08,7.53,1.02,2.09,3.74,46,4
SB002700,STU00270,2026-06-08,3.48,5.35,1.76,0.79,0.96,32,2
SB002701,STU00271,2026-03-15,2.09,8.78,1.92,2.66,0.68,20,3
SB002702,STU00271,2026-04-13,2.85,8.05,0.98,3.74,4.19,23,5
SB002703,STU00271,2026-04-29,5.17,8.16,0.23,2.39,3.14,14,10
SB002704,STU00271,2026-03-29,0.97,7.77,0.77,0.5,4.1,31,6
SB002705,STU00271,2026-03-04,3.15,7.51,0.13,5.03,4.33,26,1
SB002706,STU00271,2026-02-13,6.98,6.4,1.97,3.73,0.23,32,10
SB002707,STU00271,2026-03-31,3.13,5.01,2.67,3.55,2.71,25,10
SB002708,STU00271,2026-05-15,1.5,4.8,0.31,0.65,0.58,33,4
SB002709,STU00271,2026-04-10,4.58,4.5,1.98,5.26,4.89,21,8
SB002710,STU00271,2026-03-13,6.7,5.64,3.28,4.02,1.97,40,3
SB002711,STU00272,2026-04-13,0.69,7.62,1.97,4.04,4.12,3,7
SB002712,STU00272,2026-04-03,3.07,8.95,1.87,4.15,4.42,9,8
SB002713,STU00272,2026-01-05,7.18,7.38,3.13,1.11,1.17,17,3
SB002714,STU00272,2026-02-06,5.43,6.94,1.43,3.18,1.13,49,2
SB002715,STU00272,2026-06-25,5.08,4.87,3.69,4.27,3.32,17,9
SB002716,STU00272,2026-05-14,7.72,5.18,1.55,2.4,2.11,3,6
SB002717,STU00272,2026-04-30,1.75,5.46,3.36,0.72,3.61,36,9
SB002718,STU00272,2026-05-21,6.18,5.6,2.81,1.55,4.64,5,3
SB002719,STU00272,2026-04-04,2.75,5.42,3.71,1.91,0.12,35,9
SB002720,STU00272,2026-03-25,1.1,6.43,0.42,2.08,2.6,36,5
SB002721,STU00273,2026-03-20,3.6,7.0,2.34,4.31,2.67,2,7
SB002722,STU00273,2026-06-09,6.7,6.86,1.39,0.97,3.64,44,1
SB002723,STU00273,2026-04-22,4.5,7.17,3.75,0.72,2.27,42,2
SB002724,STU00273,2026-02-03,6.65,6.64,4.85,1.05,3.47,18,9
SB002725,STU00273,2026-04-29,6.94,7.42,2.56,0.64,1.7,4,5
SB002726,STU00273,2026-06-11,7.67,5.26,1.8,4.68,4.87,33,5
SB002727,STU00273,2026-01-22,3.8,4.81,4.72,3.54,2.29,24,8
SB002728,STU00273,2026-04-18,5.51,8.18,2.21,1.1,0.94,25,2
SB002729,STU00273,2026-02-04,6.48,7.64,2.68,5.51,2.08,48,10
SB002730,STU00273,2026-01-21,7.39,5.57,4.69,5.75,2.24,14,10
SB002731,STU00274,2026-01-12,2.6,6.09,0.87,2.68,2.58,10,7
SB002732,STU00274,2026-01-24,1.73,8.29,1.29,2.69,2.08,28,5
SB002733,STU00274,2026-05-22,7.65,6.99,1.84,0.97,2.59,36,3
SB002734,STU00274,2026-04-17,7.38,8.2,2.41,4.1,0.52,20,5
SB002735,STU00274,2026-06-04,1.24,5.9,4.96,1.26,2.88,25,5
SB002736,STU00274,2026-03-24,2.65,5.91,3.24,4.97,3.24,49,4
SB002737,STU00274,2026-05-29,1.35,6.93,1.69,5.89,2.53,48,3
SB002738,STU00274,2026-04-21,2.61,5.1,0.94,4.2,0.6,13,6
SB002739,STU00274,2026-04-30,1.94,5.81,2.91,2.6,2.79,12,6
SB002740,STU00274,2026-04-18,4.45,5.53,2.97,3.91,4.96,34,10
SB002741,STU00275,2026-01-27,4.27,5.08,3.1,3.4,2.96,37,9
SB002742,STU00275,2026-02-13,2.32,5.57,4.75,3.53,1.78,12,10
SB002743,STU00275,2026-04-12,5.08,5.0,4.43,0.78,0.21,35,7
SB002744,STU00275,2026-01-29,3.96,6.67,4.93,1.28,2.09,22,5
SB002745,STU00275,2026-01-26,2.68,7.5,0.34,3.07,1.17,30,3
SB002746,STU00275,2026-02-28,0.92,7.44,3.73,3.53,2.78,15,9
SB002747,STU00275,2026-04-23,2.31,6.8,3.54,1.77,4.13,41,4
SB002748,STU00275,2026-02-04,6.3,8.29,2.66,3.9,4.19,2,8
SB002749,STU00275,2026-04-26,4.4,5.63,3.99,5.11,1.61,12,10
SB002750,STU00275,2026-04-19,3.74,6.49,2.08,3.27,4.55,12,3
SB002751,STU00276,2026-02-11,2.08,6.62,4.83,3.08,3.41,48,10
SB002752,STU00276,2026-05-01,7.81,8.85,1.98,4.23,2.84,49,9
SB002753,STU00276,2026-06-24,4.7,7.02,1.06,3.39,1.32,4,1
SB002754,STU00276,2026-01-16,7.35,6.41,4.31,5.45,2.53,5,4
SB002755,STU00276,2026-06-14,1.21,6.85,4.96,0.59,3.24,33,7
SB002756,STU00276,2026-04-24,2.05,6.67,4.64,2.15,0.04,10,2
SB002757,STU00276,2026-03-07,2.78,5.87,3.39,5.97,0.31,9,8
SB002758,STU00276,2026-04-02,4.21,7.74,4.31,2.38,2.44,7,3
SB002759,STU00276,2026-01-24,6.18,8.93,0.15,1.06,1.72,21,7
SB002760,STU00276,2026-02-27,3.42,7.6,3.16,0.59,0.9,15,7
SB002761,STU00277,2026-05-29,0.79,7.33,2.12,5.23,1.25,36,1
SB002762,STU00277,2026-06-16,7.01,6.95,1.93,2.28,0.29,30,7
SB002763,STU00277,2026-06-04,5.29,8.97,0.06,4.34,4.99,36,5
SB002764,STU00277,2026-01-20,0.7,7.06,3.91,2.16,4.98,22,8
SB002765,STU00277,2026-01-09,3.7,8.63,0.35,2.01,4.43,34,1
SB002766,STU00277,2026-05-02,7.98,8.95,0.12,5.92,3.7,34,9
SB002767,STU00277,2026-02-02,0.53,8.8,4.04,4.86,1.02,44,1
SB002768,STU00277,2026-01-22,3.79,7.06,0.75,5.87,1.67,4,1
SB002769,STU00277,2026-05-16,3.32,7.32,0.28,3.41,3.54,15,4
SB002770,STU00277,2026-02-26,5.87,7.47,3.97,3.61,0.33,38,3
SB002771,STU00278,2026-05-19,4.22,6.71,4.22,2.75,3.69,9,3
SB002772,STU00278,2026-03-25,3.06,5.48,0.44,2.72,2.15,3,1
SB002773,STU00278,2026-01-28,3.5,5.84,1.32,5.17,3.43,9,8
SB002774,STU00278,2026-03-01,2.75,4.95,4.64,1.53,0.65,11,10
SB002775,STU00278,2026-04-27,7.06,7.89,1.77,2.05,4.69,27,1
SB002776,STU00278,2026-02-16,1.54,8.01,2.88,1.86,4.7,23,4
SB002777,STU00278,2026-01-24,4.64,4.85,4.98,5.88,0.05,30,9
SB002778,STU00278,2026-06-20,7.38,5.04,1.52,4.9,2.28,8,9
SB002779,STU00278,2026-02-20,6.8,7.37,2.52,2.59,4.78,11,10
SB002780,STU00278,2026-03-06,6.52,8.0,2.78,3.68,2.89,19,5
SB002781,STU00279,2026-02-07,1.32,7.51,3.87,5.11,0.16,41,2
SB002782,STU00279,2026-03-07,5.66,6.32,3.39,0.75,1.25,12,9
SB002783,STU00279,2026-02-21,5.74,8.27,0.73,5.37,4.28,20,9
SB002784,STU00279,2026-01-27,5.21,5.56,0.75,3.36,3.25,29,9
SB002785,STU00279,2026-03-25,5.34,8.04,4.05,3.75,3.83,25,6
SB002786,STU00279,2026-03-30,6.47,6.89,0.63,1.09,4.41,28,5
SB002787,STU00279,2026-04-27,5.25,8.41,1.05,2.46,2.74,28,6
SB002788,STU00279,2026-04-29,6.61,4.93,1.16,3.82,0.29,49,2
SB002789,STU00279,2026-04-28,2.1,4.82,0.81,4.41,0.03,9,2
SB002790,STU00279,2026-01-16,6.28,8.08,0.36,4.75,4.32,50,6
SB002791,STU00280,2026-03-02,1.02,7.8,0.97,3.8,1.87,24,1
SB002792,STU00280,2026-03-28,7.76,6.21,4.9,4.52,3.92,38,8
SB002793,STU00280,2026-01-04,4.39,5.6,3.12,1.11,4.97,2,10
SB002794,STU00280,2026-04-27,5.67,7.61,1.99,3.52,0.83,34,3
SB002795,STU00280,2026-01-01,2.6,6.5,1.56,2.87,0.91,4,2
SB002796,STU00280,2026-01-09,3.55,4.71,0.62,3.93,0.27,36,3
SB002797,STU00280,2026-05-20,1.85,4.54,2.58,2.04,3.68,44,8
SB002798,STU00280,2026-01-13,4.59,7.23,4.84,4.7,3.16,26,1
SB002799,STU00280,2026-05-05,3.56,8.88,3.0,1.38,4.53,41,5
SB002800,STU00280,2026-04-11,7.44,5.1,2.81,4.48,4.54,47,4
SB002801,STU00281,2026-06-08,4.39,5.32,3.64,4.48,1.51,8,3
SB002802,STU00281,2026-01-16,4.36,6.87,3.94,3.84,1.99,13,2
SB002803,STU00281,2026-03-29,0.5,8.93,3.28,0.98,2.33,44,1
SB002804,STU00281,2026-02-04,2.43,8.68,2.05,3.25,3.66,6,5
SB002805,STU00281,2026-05-05,7.95,8.39,3.1,0.56,1.07,14,5
SB002806,STU00281,2026-05-12,6.2,6.75,4.92,4.3,3.06,3,10
SB002807,STU00281,2026-02-13,4.85,8.25,4.87,5.21,4.66,13,10
SB002808,STU00281,2026-04-14,4.82,5.24,1.92,5.43,4.24,49,3
SB002809,STU00281,2026-06-27,2.31,5.93,4.44,4.41,2.81,38,7
SB002810,STU00281,2026-04-27,1.58,5.58,2.91,5.76,2.74,43,6
SB002811,STU00282,2026-01-25,2.9,7.63,0.8,5.79,4.21,3,6
SB002812,STU00282,2026-05-27,4.17,7.01,4.47,1.95,0.36,4,9
SB002813,STU00282,2026-01-26,4.58,4.91,3.86,5.87,2.91,5,4
SB002814,STU00282,2026-05-28,0.52,5.84,0.25,4.02,2.17,4,10
SB002815,STU00282,2026-03-25,1.36,7.04,4.38,3.98,1.3,48,8
SB002816,STU00282,2026-01-12,7.71,5.94,0.51,1.86,2.71,3,8
SB002817,STU00282,2026-06-09,4.95,7.39,2.72,5.95,3.2,34,5
SB002818,STU00282,2026-03-05,6.44,8.48,3.97,4.59,3.34,12,6
SB002819,STU00282,2026-03-01,7.5,8.5,0.99,0.73,0.09,15,6
SB002820,STU00282,2026-03-21,4.46,5.41,0.66,5.75,2.95,10,9
SB002821,STU00283,2026-01-11,2.46,7.99,2.55,0.94,3.95,20,5
SB002822,STU00283,2026-05-16,3.22,6.62,3.84,3.13,1.12,17,7
SB002823,STU00283,2026-06-26,5.36,4.78,4.51,2.04,2.36,0,1
SB002824,STU00283,2026-06-22,1.82,5.81,2.97,1.76,0.15,18,1
SB002825,STU00283,2026-04-27,0.51,6.68,1.2,2.58,2.58,47,1
SB002826,STU00283,2026-03-26,7.68,8.86,0.33,3.76,1.49,8,10
SB002827,STU00283,2026-05-05,1.58,8.9,3.96,0.66,0.3,46,10
SB002828,STU00283,2026-06-03,0.71,5.39,2.39,4.34,3.07,14,9
SB002829,STU00283,2026-04-18,6.66,8.78,4.62,3.88,4.24,19,8
SB002830,STU00283,2026-03-25,1.3,5.03,0.82,5.97,4.72,46,3
SB002831,STU00284,2026-05-07,4.82,7.7,0.53,2.08,0.33,13,2
SB002832,STU00284,2026-06-04,2.85,7.74,0.22,2.96,1.63,46,3
SB002833,STU00284,2026-05-27,0.72,5.62,1.58,4.21,1.42,4,10
SB002834,STU00284,2026-02-19,1.03,6.25,1.83,0.86,4.49,21,5
SB002835,STU00284,2026-04-19,1.83,7.96,3.59,4.1,3.05,49,8
SB002836,STU00284,2026-01-03,1.87,8.28,3.98,4.02,1.93,18,7
SB002837,STU00284,2026-02-11,1.26,5.12,4.1,5.13,0.82,8,8
SB002838,STU00284,2026-06-10,6.27,7.61,3.5,1.66,2.31,24,6
SB002839,STU00284,2026-01-12,3.2,8.95,2.12,5.73,3.89,18,9
SB002840,STU00284,2026-02-26,2.24,6.89,0.74,0.67,1.3,19,3
SB002841,STU00285,2026-03-25,5.3,7.81,4.02,3.2,0.25,17,2
SB002842,STU00285,2026-02-07,2.19,7.97,1.2,2.88,4.37,3,8
SB002843,STU00285,2026-06-08,1.35,7.37,3.37,1.52,4.78,4,9
SB002844,STU00285,2026-03-14,4.95,5.59,4.86,1.16,1.4,43,9
SB002845,STU00285,2026-04-24,1.48,4.55,1.47,0.74,0.78,15,2
SB002846,STU00285,2026-04-28,6.12,6.58,4.15,0.55,4.39,26,4
SB002847,STU00285,2026-02-12,6.78,7.32,1.12,1.23,4.55,5,9
SB002848,STU00285,2026-04-29,0.67,8.41,2.21,2.19,2.36,18,1
SB002849,STU00285,2026-06-18,3.79,7.03,0.97,1.55,1.72,24,5
SB002850,STU00285,2026-03-17,6.08,8.66,3.18,4.32,3.8,41,9
SB002851,STU00286,2026-05-09,1.44,8.96,0.6,3.93,3.55,25,10
SB002852,STU00286,2026-04-21,7.19,5.53,3.59,2.1,2.56,28,9
SB002853,STU00286,2026-05-06,2.59,6.41,2.31,4.08,2.84,31,3
SB002854,STU00286,2026-04-10,2.47,6.28,0.2,1.89,4.02,44,4
SB002855,STU00286,2026-05-14,4.38,4.74,1.54,1.8,2.83,30,1
SB002856,STU00286,2026-04-26,3.57,4.9,0.44,5.57,2.52,28,6
SB002857,STU00286,2026-02-26,5.27,8.45,3.24,2.85,3.85,13,10
SB002858,STU00286,2026-06-21,3.21,6.05,3.29,0.85,4.98,12,6
SB002859,STU00286,2026-05-16,6.04,6.89,2.28,4.61,0.59,33,5
SB002860,STU00286,2026-02-23,1.72,8.55,4.36,5.25,4.55,6,8
SB002861,STU00287,2026-04-08,4.93,6.61,2.01,2.26,0.62,30,2
SB002862,STU00287,2026-01-07,5.07,5.7,1.87,1.17,4.21,8,2
SB002863,STU00287,2026-03-11,6.0,6.06,0.62,5.23,4.53,49,2
SB002864,STU00287,2026-06-11,0.71,5.54,2.0,5.16,2.28,6,5
SB002865,STU00287,2026-01-07,1.21,8.34,1.87,1.68,1.41,43,9
SB002866,STU00287,2026-01-26,1.85,4.54,3.28,3.98,3.68,33,3
SB002867,STU00287,2026-02-07,7.83,4.53,0.47,1.02,3.44,14,7
SB002868,STU00287,2026-01-24,7.01,5.16,2.6,0.62,0.63,49,4
SB002869,STU00287,2026-02-16,5.62,8.2,1.52,1.41,3.96,1,3
SB002870,STU00287,2026-03-02,2.29,7.63,4.89,4.72,2.73,45,10
SB002871,STU00288,2026-06-22,0.71,8.4,4.89,4.49,1.14,14,5
SB002872,STU00288,2026-04-26,6.6,8.88,1.62,5.05,1.79,38,2
SB002873,STU00288,2026-04-21,1.75,8.92,1.1,3.24,0.41,2,10
SB002874,STU00288,2026-01-02,1.69,6.32,1.18,1.82,0.0,23,4
SB002875,STU00288,2026-02-08,2.57,6.08,3.97,4.24,2.49,11,10
SB002876,STU00288,2026-02-22,0.64,4.99,2.85,2.08,2.86,45,3
SB002877,STU00288,2026-04-10,4.14,4.88,2.34,2.71,3.03,12,5
SB002878,STU00288,2026-05-16,1.48,6.36,0.67,1.62,2.7,2,2
SB002879,STU00288,2026-05-19,7.99,6.86,0.52,5.99,2.71,40,2
SB002880,STU00288,2026-04-08,4.36,7.22,3.03,1.71,4.28,43,6
SB002881,STU00289,2026-04-12,4.69,7.32,2.53,4.59,1.21,17,1
SB002882,STU00289,2026-04-25,1.06,6.3,3.83,0.86,1.77,47,7
SB002883,STU00289,2026-04-24,2.56,4.62,3.52,1.42,3.15,47,4
SB002884,STU00289,2026-03-03,5.49,5.8,2.89,3.16,4.35,48,9
SB002885,STU00289,2026-04-02,2.67,7.59,1.99,3.42,0.28,39,6
SB002886,STU00289,2026-03-04,7.17,6.85,0.6,3.34,3.71,9,9
SB002887,STU00289,2026-03-19,6.53,6.56,2.14,2.34,1.65,48,3
SB002888,STU00289,2026-02-21,2.52,5.81,2.83,4.5,3.85,37,7
SB002889,STU00289,2026-06-03,2.19,6.53,0.53,4.59,4.49,31,8
SB002890,STU00289,2026-05-20,6.08,5.43,0.57,5.61,1.72,9,1
SB002891,STU00290,2026-04-17,2.15,5.69,3.29,5.52,2.58,10,2
SB002892,STU00290,2026-04-09,0.71,5.87,1.49,1.25,1.87,26,7
SB002893,STU00290,2026-06-23,4.31,8.91,4.78,2.74,2.29,2,6
SB002894,STU00290,2026-05-12,1.84,6.52,4.3,0.72,3.32,10,6
SB002895,STU00290,2026-02-06,1.22,7.36,2.0,0.75,3.1,7,6
SB002896,STU00290,2026-03-25,2.12,5.07,1.96,3.49,1.67,47,8
SB002897,STU00290,2026-06-26,5.65,6.51,0.91,2.72,3.36,9,4
SB002898,STU00290,2026-05-06,2.0,6.67,0.5,3.98,0.02,50,2
SB002899,STU00290,2026-03-17,5.36,8.55,2.14,1.01,1.83,36,8
SB002900,STU00290,2026-01-05,1.89,6.45,3.04,5.44,2.12,2,4
SB002901,STU00291,2026-06-07,2.72,6.19,1.55,1.92,4.27,18,7
SB002902,STU00291,2026-03-26,6.57,7.54,4.49,2.17,4.58,18,6
SB002903,STU00291,2026-05-14,6.57,5.26,4.47,4.76,2.18,8,9
SB002904,STU00291,2026-01-06,7.21,4.61,3.36,1.71,0.54,10,8
SB002905,STU00291,2026-05-09,7.47,7.78,3.12,4.0,2.58,39,3
SB002906,STU00291,2026-03-05,6.21,6.8,3.83,4.52,1.22,3,5
SB002907,STU00291,2026-05-24,1.29,8.77,1.15,2.08,3.21,35,4
SB002908,STU00291,2026-01-05,2.98,8.06,1.77,0.96,0.99,5,8
SB002909,STU00291,2026-06-26,1.86,6.52,1.4,5.16,2.97,50,5
SB002910,STU00291,2026-05-17,7.88,5.76,4.43,5.44,3.05,47,6
SB002911,STU00292,2026-05-11,4.59,5.69,0.98,3.35,3.79,6,7
SB002912,STU00292,2026-05-07,6.37,6.71,0.15,5.48,4.55,44,9
SB002913,STU00292,2026-02-12,7.82,8.16,2.66,5.48,1.16,36,5
SB002914,STU00292,2026-05-26,6.0,6.6,4.39,1.97,2.75,17,7
SB002915,STU00292,2026-05-14,5.77,6.22,0.26,5.38,4.98,23,6
SB002916,STU00292,2026-01-31,1.93,6.06,3.18,0.92,3.87,34,9
SB002917,STU00292,2026-04-08,4.06,8.29,3.43,3.96,0.22,11,10
SB002918,STU00292,2026-02-06,0.58,4.6,2.12,1.82,3.7,40,4
SB002919,STU00292,2026-03-29,5.63,7.87,1.14,1.44,4.71,10,7
SB002920,STU00292,2026-05-09,4.84,8.49,0.99,3.77,0.35,32,5
SB002921,STU00293,2026-06-29,6.96,6.29,1.07,2.14,1.52,6,1
SB002922,STU00293,2026-05-30,1.59,6.71,2.0,1.16,2.86,12,1
SB002923,STU00293,2026-06-05,7.95,5.83,1.74,5.18,1.8,20,7
SB002924,STU00293,2026-02-28,3.32,5.19,2.97,3.23,3.04,10,3
SB002925,STU00293,2026-06-17,4.27,8.68,4.55,4.76,2.47,42,2
SB002926,STU00293,2026-02-23,7.79,5.53,1.37,3.1,1.62,35,5
SB002927,STU00293,2026-01-23,2.58,5.33,1.69,3.03,1.26,35,4
SB002928,STU00293,2026-06-04,0.65,5.51,2.73,1.56,2.64,41,2
SB002929,STU00293,2026-06-13,6.31,4.98,1.28,2.58,1.97,49,4
SB002930,STU00293,2026-06-02,4.13,8.81,3.82,1.77,3.99,42,9
SB002931,STU00294,2026-02-10,1.54,8.3,1.54,2.29,3.41,24,7
SB002932,STU00294,2026-02-17,1.61,5.17,4.98,2.53,2.93,10,8
SB002933,STU00294,2026-03-27,3.06,5.34,4.33,2.78,3.84,39,2
SB002934,STU00294,2026-06-05,5.63,4.72,4.29,4.35,2.36,18,4
SB002935,STU00294,2026-06-18,6.4,6.37,2.32,0.72,3.85,38,10
SB002936,STU00294,2026-01-26,4.01,5.75,3.02,4.39,2.52,37,10
SB002937,STU00294,2026-03-19,7.14,4.56,0.4,0.66,0.89,19,8
SB002938,STU00294,2026-01-11,0.55,8.86,4.99,2.78,1.56,38,3
SB002939,STU00294,2026-04-05,2.24,6.6,1.52,5.23,3.83,32,9
SB002940,STU00294,2026-01-11,1.15,4.75,3.15,1.63,0.79,17,8
SB002941,STU00295,2026-06-01,6.93,5.49,4.47,0.62,2.58,11,2
SB002942,STU00295,2026-04-24,0.66,7.22,2.46,1.17,2.7,25,8
SB002943,STU00295,2026-04-21,3.95,5.62,0.38,3.61,3.79,17,8
SB002944,STU00295,2026-01-02,4.46,5.15,2.02,3.75,3.57,17,1
SB002945,STU00295,2026-04-25,1.31,6.35,1.03,5.58,2.19,49,3
SB002946,STU00295,2026-05-02,3.94,7.75,0.47,5.55,1.22,37,5
SB002947,STU00295,2026-06-01,5.33,5.44,3.72,2.75,4.88,44,8
SB002948,STU00295,2026-06-16,6.63,8.19,1.25,0.85,0.94,46,5
SB002949,STU00295,2026-01-06,5.14,8.38,2.21,3.87,0.32,12,1
SB002950,STU00295,2026-06-21,3.31,6.76,4.79,4.82,0.66,24,2
SB002951,STU00296,2026-01-22,3.05,5.93,3.21,2.4,0.99,15,10
SB002952,STU00296,2026-05-24,6.95,6.7,4.84,2.6,1.79,9,4
SB002953,STU00296,2026-04-01,6.46,8.96,4.67,2.34,1.78,43,1
SB002954,STU00296,2026-03-22,4.13,8.37,2.44,1.47,3.01,23,8
SB002955,STU00296,2026-03-28,7.84,6.93,2.92,4.12,0.69,47,3
SB002956,STU00296,2026-04-27,0.85,4.63,1.79,4.93,2.3,41,4
SB002957,STU00296,2026-05-31,6.1,5.87,1.11,3.13,4.15,50,8
SB002958,STU00296,2026-03-19,3.78,8.44,3.43,2.92,0.34,49,4
SB002959,STU00296,2026-02-04,3.93,5.71,3.42,4.95,3.13,12,7
SB002960,STU00296,2026-01-17,1.63,4.81,1.01,0.61,2.89,32,5
SB002961,STU00297,2026-03-11,4.55,6.37,3.14,1.35,2.02,4,5
SB002962,STU00297,2026-04-30,6.95,4.8,0.44,3.18,1.43,15,3
SB002963,STU00297,2026-04-19,4.26,8.38,1.16,2.51,4.4,42,8
SB002964,STU00297,2026-01-30,2.72,8.25,3.61,2.87,4.18,29,8
SB002965,STU00297,2026-05-03,1.37,6.53,2.52,1.75,3.65,5,4
SB002966,STU00297,2026-02-13,4.53,8.04,1.39,2.91,3.4,39,7
SB002967,STU00297,2026-02-13,7.69,6.26,0.12,3.52,1.58,34,5
SB002968,STU00297,2026-05-06,5.12,4.72,4.12,5.44,0.17,40,10
SB002969,STU00297,2026-01-16,4.41,8.6,3.76,4.9,0.93,41,6
SB002970,STU00297,2026-04-29,3.91,8.24,3.01,1.29,1.75,37,9
SB002971,STU00298,2026-01-01,7.93,6.88,0.44,1.93,2.29,25,10
SB002972,STU00298,2026-05-12,7.88,4.81,2.69,2.41,3.02,34,1
SB002973,STU00298,2026-03-19,7.85,5.33,0.59,3.79,0.77,20,6
SB002974,STU00298,2026-03-04,7.62,6.14,0.58,5.56,3.94,11,7
SB002975,STU00298,2026-06-05,6.18,5.75,1.69,3.23,0.44,33,9
SB002976,STU00298,2026-02-05,5.59,6.3,4.91,1.41,0.9,1,6
SB002977,STU00298,2026-06-30,2.45,8.41,4.88,0.55,4.8,49,7
SB002978,STU00298,2026-04-02,0.88,8.73,2.82,3.88,4.75,46,1
SB002979,STU00298,2026-02-09,4.53,7.73,1.7,2.07,4.02,40,6
SB002980,STU00298,2026-06-11,3.0,5.56,0.01,5.32,4.06,25,10
SB002981,STU00299,2026-03-11,6.81,6.8,2.17,3.43,3.29,43,4
SB002982,STU00299,2026-05-06,6.74,5.72,1.22,4.98,0.86,13,7
SB002983,STU00299,2026-03-25,5.83,8.96,3.51,0.66,4.94,47,3
SB002984,STU00299,2026-05-13,2.09,7.2,0.82,5.53,0.88,48,10
SB002985,STU00299,2026-03-11,7.69,7.88,1.87,3.75,4.78,40,1
SB002986,STU00299,2026-02-17,1.89,6.05,4.36,4.71,3.91,4,10
SB002987,STU00299,2026-02-06,3.25,6.0,1.23,0.62,4.56,7,2
SB002988,STU00299,2026-05-31,2.21,4.69,3.22,5.07,4.9,35,8
SB002989,STU00299,2026-06-17,7.16,5.31,4.32,1.32,2.96,13,10
SB002990,STU00299,2026-01-26,2.25,6.68,3.1,2.82,1.22,14,10
SB002991,STU00300,2026-05-08,4.87,5.6,1.84,5.98,3.14,21,3
SB002992,STU00300,2026-02-17,4.57,8.17,0.34,1.8,0.04,8,9
SB002993,STU00300,2026-02-08,2.19,8.59,1.2,1.68,2.3,40,3
SB002994,STU00300,2026-01-07,4.41,5.57,4.1,5.41,3.21,35,4
SB002995,STU00300,2026-06-12,6.24,4.89,0.84,4.89,1.74,23,1
SB002996,STU00300,2026-01-08,0.89,7.58,0.76,4.42,4.63,5,3
SB002997,STU00300,2026-04-02,0.79,8.16,0.9,3.0,2.63,33,7
SB002998,STU00300,2026-02-25,3.48,8.91,2.38,0.72,2.87,6,4
SB002999,STU00300,2026-04-26,3.4,7.03,2.33,4.48,2.36,33,3
SB003000,STU00300,2026-03-06,0.51,4.53,3.45,1.56,2.97,26,2
SB003001,STU00301,2026-02-17,5.62,5.43,1.06,5.42,2.9,31,4
SB003002,STU00301,2026-03-28,7.09,7.82,1.9,1.42,2.86,12,1
SB003003,STU00301,2026-05-16,7.35,7.98,3.62,2.19,4.19,26,10
SB003004,STU00301,2026-05-20,5.96,5.26,0.44,3.94,1.59,4,6
SB003005,STU00301,2026-02-09,1.97,8.22,4.88,4.53,2.4,37,9
SB003006,STU00301,2026-01-05,7.47,7.58,2.75,5.06,3.85,9,9
SB003007,STU00301,2026-04-29,5.63,4.86,3.63,0.99,1.17,48,6
SB003008,STU00301,2026-06-20,6.58,6.78,1.87,3.78,1.21,49,2
SB003009,STU00301,2026-05-16,4.23,6.32,4.31,5.05,1.71,40,2
SB003010,STU00301,2026-02-04,6.63,7.02,2.53,2.4,1.89,10,8
SB003011,STU00302,2026-01-03,7.8,4.54,4.85,0.87,4.07,7,1
SB003012,STU00302,2026-04-19,7.45,5.63,3.27,4.74,1.65,44,10
SB003013,STU00302,2026-04-08,7.53,4.57,2.97,5.63,0.28,12,2
SB003014,STU00302,2026-02-17,5.97,8.58,1.87,2.14,1.15,45,6
SB003015,STU00302,2026-01-04,7.31,6.2,1.74,2.41,2.21,22,6
SB003016,STU00302,2026-02-09,2.95,5.13,1.54,5.67,2.53,14,8
SB003017,STU00302,2026-05-08,6.99,6.83,4.19,5.75,0.55,22,9
SB003018,STU00302,2026-01-14,2.11,5.84,1.97,4.24,1.71,16,10
SB003019,STU00302,2026-04-22,3.23,7.52,1.65,5.51,2.2,18,1
SB003020,STU00302,2026-01-14,2.24,6.51,4.6,5.79,2.15,1,1
SB003021,STU00303,2026-06-28,5.66,8.17,2.02,1.69,2.84,20,5
SB003022,STU00303,2026-06-23,1.18,4.85,0.89,2.73,2.7,39,2
SB003023,STU00303,2026-03-11,4.32,5.85,2.69,1.5,2.9,45,5
SB003024,STU00303,2026-01-01,5.51,6.81,3.56,3.52,1.11,12,6
SB003025,STU00303,2026-06-14,4.52,6.2,2.02,5.9,0.51,7,8
SB003026,STU00303,2026-01-28,4.51,7.87,0.89,1.16,0.21,10,3
SB003027,STU00303,2026-06-26,1.78,4.71,2.89,4.8,0.61,25,7
SB003028,STU00303,2026-02-09,5.84,8.8,1.44,2.1,1.59,23,4
SB003029,STU00303,2026-01-09,2.15,8.24,4.94,5.39,0.98,48,9
SB003030,STU00303,2026-02-09,3.68,5.79,0.65,3.41,0.13,36,9
SB003031,STU00304,2026-06-04,7.96,5.1,3.85,1.3,4.69,3,2
SB003032,STU00304,2026-01-06,1.33,6.84,2.74,5.21,2.59,28,5
SB003033,STU00304,2026-04-19,4.82,6.92,3.46,2.54,1.61,38,4
SB003034,STU00304,2026-06-17,2.9,6.73,0.65,1.19,3.35,10,8
SB003035,STU00304,2026-02-10,6.8,7.6,4.45,4.08,3.6,48,1
SB003036,STU00304,2026-05-07,2.15,6.17,0.83,4.83,1.03,32,9
SB003037,STU00304,2026-04-02,2.82,5.7,1.76,4.18,3.9,1,6
SB003038,STU00304,2026-06-22,4.38,6.91,2.87,2.27,2.71,30,2
SB003039,STU00304,2026-05-19,3.63,6.57,0.23,1.23,3.58,41,5
SB003040,STU00304,2026-06-07,2.85,4.87,4.96,3.28,4.52,12,7
SB003041,STU00305,2026-05-11,5.25,5.36,0.84,3.06,1.46,9,8
SB003042,STU00305,2026-02-20,4.49,6.31,2.89,5.42,0.1,18,6
SB003043,STU00305,2026-04-14,1.07,6.76,4.34,2.58,2.89,7,8
SB003044,STU00305,2026-04-03,1.92,8.89,1.88,1.54,3.36,31,3
SB003045,STU00305,2026-06-16,7.48,5.28,1.89,2.16,4.41,11,1
SB003046,STU00305,2026-03-18,3.99,7.3,3.06,3.03,0.51,17,4
SB003047,STU00305,2026-01-06,2.68,4.74,4.48,2.95,1.3,10,7
SB003048,STU00305,2026-02-11,2.3,4.82,4.52,0.79,1.55,30,4
SB003049,STU00305,2026-03-16,2.12,6.39,3.41,0.71,3.8,2,6
SB003050,STU00305,2026-06-12,3.86,5.14,3.0,2.74,1.2,19,4
SB003051,STU00306,2026-01-29,0.8,5.36,0.93,3.41,2.44,4,1
SB003052,STU00306,2026-03-19,3.44,4.93,3.98,2.01,2.24,33,7
SB003053,STU00306,2026-01-12,6.51,8.66,2.58,5.57,1.8,13,3
SB003054,STU00306,2026-03-31,6.79,8.85,3.91,1.06,3.18,36,8
SB003055,STU00306,2026-03-30,2.37,7.78,1.28,5.07,2.37,8,4
SB003056,STU00306,2026-05-02,6.09,5.78,1.58,4.81,2.89,40,1
SB003057,STU00306,2026-01-16,0.78,6.42,4.82,0.62,3.36,1,1
SB003058,STU00306,2026-01-31,1.62,5.8,4.94,5.01,1.57,45,8
SB003059,STU00306,2026-06-20,1.72,7.07,4.57,5.51,4.62,5,2
SB003060,STU00306,2026-04-16,7.69,4.52,3.45,5.6,1.55,28,9
SB003061,STU00307,2026-03-25,2.99,7.28,0.39,3.98,4.98,27,10
SB003062,STU00307,2026-02-02,7.5,6.73,2.94,2.19,1.35,47,3
SB003063,STU00307,2026-02-05,2.11,8.32,4.81,3.82,1.74,28,4
SB003064,STU00307,2026-01-27,2.14,4.57,4.43,2.48,0.58,40,7
SB003065,STU00307,2026-02-06,3.19,5.23,0.92,5.27,3.32,7,3
SB003066,STU00307,2026-01-31,4.72,8.8,3.43,5.64,4.44,45,7
SB003067,STU00307,2026-04-20,5.21,8.95,3.59,2.31,1.65,29,2
SB003068,STU00307,2026-04-02,3.74,7.23,3.55,0.5,2.42,35,3
SB003069,STU00307,2026-04-28,3.83,8.61,0.43,0.89,2.13,40,5
SB003070,STU00307,2026-05-20,6.72,4.6,1.75,3.08,0.85,2,2
SB003071,STU00308,2026-06-25,6.2,4.59,2.33,0.82,4.42,33,10
SB003072,STU00308,2026-05-16,4.14,6.0,4.6,2.64,2.82,44,7
SB003073,STU00308,2026-05-19,4.03,6.96,4.45,3.99,4.84,2,7
SB003074,STU00308,2026-05-06,5.7,4.54,0.99,4.51,2.28,17,8
SB003075,STU00308,2026-05-26,2.06,7.79,2.14,1.2,4.78,19,3
SB003076,STU00308,2026-03-24,1.65,7.04,0.14,5.54,0.84,50,5
SB003077,STU00308,2026-04-06,3.74,5.35,4.08,2.34,3.69,42,8
SB003078,STU00308,2026-04-20,5.25,5.1,3.13,2.7,0.43,3,5
SB003079,STU00308,2026-06-15,5.01,5.35,1.48,4.55,2.14,29,8
SB003080,STU00308,2026-06-10,4.19,5.14,3.35,3.67,0.69,4,5
SB003081,STU00309,2026-04-19,1.47,7.36,4.59,3.77,4.19,31,10
SB003082,STU00309,2026-01-12,2.87,4.54,1.24,4.61,4.03,1,1
SB003083,STU00309,2026-01-08,5.07,7.45,3.42,3.08,3.09,17,2
SB003084,STU00309,2026-05-20,6.11,5.33,4.69,5.06,1.84,39,6
SB003085,STU00309,2026-04-03,6.38,4.6,1.28,0.97,1.87,15,4
SB003086,STU00309,2026-01-07,4.59,7.86,1.49,3.26,4.57,30,10
SB003087,STU00309,2026-02-13,2.58,5.8,3.42,3.6,1.5,25,1
SB003088,STU00309,2026-02-01,2.03,8.41,2.65,0.56,3.87,1,1
SB003089,STU00309,2026-02-19,1.52,7.57,2.4,5.73,0.2,20,1
SB003090,STU00309,2026-04-13,2.89,8.45,0.64,5.38,2.71,35,10
SB003091,STU00310,2026-05-25,4.6,7.73,1.19,3.87,3.88,40,3
SB003092,STU00310,2026-02-13,6.38,6.78,1.22,4.18,1.8,21,3
SB003093,STU00310,2026-03-08,7.4,5.7,3.4,2.19,3.35,32,10
SB003094,STU00310,2026-04-27,1.08,6.6,2.48,1.87,3.0,21,8
SB003095,STU00310,2026-05-30,5.1,7.2,1.1,3.68,4.98,33,4
SB003096,STU00310,2026-02-18,3.67,7.25,1.5,3.67,0.57,50,10
SB003097,STU00310,2026-06-25,3.63,6.72,0.44,4.74,0.99,31,9
SB003098,STU00310,2026-06-27,3.7,8.87,4.29,2.99,3.07,27,10
SB003099,STU00310,2026-04-14,1.56,7.64,4.51,4.4,0.11,28,3
SB003100,STU00310,2026-06-30,6.58,5.84,1.0,3.84,1.63,27,6
SB003101,STU00311,2026-05-16,6.86,8.7,4.1,4.2,2.77,47,2
SB003102,STU00311,2026-05-22,5.72,7.99,1.01,4.69,1.35,33,2
SB003103,STU00311,2026-03-27,3.5,7.07,2.19,1.13,0.79,14,5
SB003104,STU00311,2026-01-20,5.94,6.79,2.25,3.28,0.52,44,5
SB003105,STU00311,2026-02-19,6.13,5.01,1.55,5.17,4.56,28,5
SB003106,STU00311,2026-05-12,4.87,4.78,0.7,2.72,0.39,42,3
SB003107,STU00311,2026-03-26,7.09,7.37,1.53,3.4,1.52,38,9
SB003108,STU00311,2026-03-09,0.61,7.87,1.12,1.42,1.9,33,6
SB003109,STU00311,2026-06-09,3.57,8.94,3.19,5.34,3.33,7,8
SB003110,STU00311,2026-05-26,1.89,7.9,1.92,4.09,0.51,25,8
SB003111,STU00312,2026-05-13,1.52,5.36,2.35,0.62,2.98,14,4
SB003112,STU00312,2026-06-11,4.75,4.75,3.17,3.44,4.57,38,10
SB003113,STU00312,2026-02-23,3.96,6.93,0.22,2.29,4.26,43,5
SB003114,STU00312,2026-06-18,7.21,8.6,4.94,5.29,1.44,26,8
SB003115,STU00312,2026-04-14,7.39,7.72,0.97,5.92,1.42,41,3
SB003116,STU00312,2026-02-21,5.48,5.77,2.11,1.45,0.1,40,2
SB003117,STU00312,2026-05-19,2.49,5.04,4.47,3.23,1.63,38,8
SB003118,STU00312,2026-02-26,5.95,7.49,1.5,5.01,0.15,16,5
SB003119,STU00312,2026-05-12,6.83,5.87,1.94,3.58,1.55,44,6
SB003120,STU00312,2026-03-04,6.95,5.95,0.94,2.49,4.3,17,5
SB003121,STU00313,2026-05-09,5.9,5.82,4.73,2.9,0.45,32,9
SB003122,STU00313,2026-03-05,6.6,7.5,4.53,4.31,0.95,34,3
SB003123,STU00313,2026-05-11,4.85,8.92,4.12,0.93,2.63,19,4
SB003124,STU00313,2026-01-30,7.9,4.55,3.87,1.9,2.55,47,8
SB003125,STU00313,2026-05-10,0.65,4.95,1.01,3.22,3.88,49,9
SB003126,STU00313,2026-02-11,3.43,8.85,1.65,5.3,0.32,49,2
SB003127,STU00313,2026-04-26,7.97,8.94,3.27,3.7,1.18,3,8
SB003128,STU00313,2026-05-24,1.17,7.51,1.99,0.99,3.54,37,10
SB003129,STU00313,2026-04-05,0.85,6.13,4.11,0.68,2.03,39,7
SB003130,STU00313,2026-01-20,5.42,4.73,4.96,5.29,3.14,8,4
SB003131,STU00314,2026-03-10,4.16,7.63,0.48,3.29,2.81,35,10
SB003132,STU00314,2026-06-25,3.13,8.45,0.48,4.25,2.02,48,1
SB003133,STU00314,2026-02-02,4.02,6.98,3.32,3.44,1.48,26,2
SB003134,STU00314,2026-02-07,3.65,7.73,1.75,4.24,1.17,28,5
SB003135,STU00314,2026-05-10,3.26,7.68,1.08,2.54,1.13,29,10
SB003136,STU00314,2026-05-26,6.86,6.35,3.2,3.54,3.58,3,3
SB003137,STU00314,2026-02-07,5.64,7.38,0.24,4.4,0.91,3,6
SB003138,STU00314,2026-04-11,7.08,5.52,2.42,4.14,3.27,31,5
SB003139,STU00314,2026-05-09,1.29,7.75,3.73,4.87,4.97,3,2
SB003140,STU00314,2026-04-23,1.42,7.22,1.36,2.03,2.13,20,1
SB003141,STU00315,2026-04-13,0.91,5.12,0.5,5.55,0.21,38,5
SB003142,STU00315,2026-05-16,7.65,7.17,3.09,3.13,2.98,7,2
SB003143,STU00315,2026-05-31,4.86,4.91,4.44,4.23,2.22,2,2
SB003144,STU00315,2026-04-20,1.47,6.43,2.29,5.9,2.25,16,3
SB003145,STU00315,2026-05-21,4.79,8.29,4.74,4.08,1.37,41,3
SB003146,STU00315,2026-04-16,1.4,6.69,1.81,5.57,1.48,24,3
SB003147,STU00315,2026-01-07,1.45,8.19,4.7,3.06,1.92,24,9
SB003148,STU00315,2026-01-22,5.38,6.92,4.82,4.14,1.82,26,4
SB003149,STU00315,2026-01-03,7.63,5.63,3.19,5.38,1.77,32,10
SB003150,STU00315,2026-05-30,4.76,5.82,1.54,2.39,3.43,38,7
SB003151,STU00316,2026-05-06,4.98,7.99,0.57,4.14,4.57,49,5
SB003152,STU00316,2026-05-02,6.65,6.79,1.52,5.93,1.86,2,7
SB003153,STU00316,2026-06-01,3.22,4.9,2.5,2.6,2.3,5,4
SB003154,STU00316,2026-01-13,6.99,5.39,2.03,4.5,1.5,42,1
SB003155,STU00316,2026-03-28,4.67,8.02,2.98,4.06,3.97,2,9
SB003156,STU00316,2026-01-31,3.2,6.46,4.37,0.83,4.68,44,3
SB003157,STU00316,2026-04-22,4.68,8.12,0.51,5.47,0.17,40,10
SB003158,STU00316,2026-04-03,2.52,7.89,4.97,2.4,4.18,26,1
SB003159,STU00316,2026-04-20,3.67,8.37,1.97,1.77,4.5,38,6
SB003160,STU00316,2026-04-05,2.06,7.06,3.11,5.09,1.28,34,9
SB003161,STU00317,2026-03-17,7.39,7.48,2.8,3.81,1.83,4,4
SB003162,STU00317,2026-02-16,5.3,7.81,4.67,2.18,4.57,46,4
SB003163,STU00317,2026-06-20,0.65,5.71,3.36,2.88,3.52,17,7
SB003164,STU00317,2026-06-11,1.88,7.79,3.56,1.56,3.86,2,2
SB003165,STU00317,2026-01-04,6.35,5.07,0.29,5.96,1.83,43,5
SB003166,STU00317,2026-02-18,0.7,6.37,1.33,5.09,2.32,26,4
SB003167,STU00317,2026-05-04,3.28,6.56,0.96,1.02,0.07,17,9
SB003168,STU00317,2026-04-02,2.06,6.56,3.95,5.87,2.59,4,4
SB003169,STU00317,2026-02-09,0.55,6.86,2.34,0.71,1.84,35,5
SB003170,STU00317,2026-01-17,3.17,8.87,4.51,5.12,2.71,28,4
SB003171,STU00318,2026-05-08,3.28,5.81,1.03,3.58,4.9,50,1
SB003172,STU00318,2026-04-03,3.36,6.37,4.34,5.33,1.28,16,1
SB003173,STU00318,2026-05-28,1.19,6.03,3.7,3.69,1.85,26,6
SB003174,STU00318,2026-06-27,1.51,6.43,2.98,5.19,0.82,44,8
SB003175,STU00318,2026-01-26,3.51,6.12,2.06,3.25,3.77,41,8
SB003176,STU00318,2026-01-09,4.97,8.43,3.21,0.62,2.51,35,8
SB003177,STU00318,2026-02-26,4.71,5.7,4.22,0.88,2.57,33,7
SB003178,STU00318,2026-06-21,1.41,6.6,0.86,5.81,4.95,37,2
SB003179,STU00318,2026-05-23,1.11,6.8,2.49,4.59,3.79,18,2
SB003180,STU00318,2026-03-08,3.57,7.01,1.31,1.82,2.9,35,1
SB003181,STU00319,2026-04-17,2.09,4.62,1.26,5.99,2.01,11,8
SB003182,STU00319,2026-03-15,7.63,4.5,0.67,2.08,2.63,50,3
SB003183,STU00319,2026-02-20,2.97,5.21,2.27,4.19,2.18,4,1
SB003184,STU00319,2026-06-30,4.1,8.11,0.15,3.13,2.85,3,6
SB003185,STU00319,2026-04-18,5.69,8.3,0.64,5.4,4.32,3,3
SB003186,STU00319,2026-01-27,1.18,5.94,3.92,0.57,1.85,4,2
SB003187,STU00319,2026-02-22,3.09,7.75,1.43,3.57,2.94,33,3
SB003188,STU00319,2026-06-20,5.55,6.77,0.54,3.33,3.81,28,2
SB003189,STU00319,2026-02-23,4.48,8.51,1.93,3.54,2.43,15,9
SB003190,STU00319,2026-05-14,2.12,6.31,1.83,3.73,4.93,4,8
SB003191,STU00320,2026-06-23,5.86,4.51,4.8,2.1,4.41,11,8
SB003192,STU00320,2026-02-02,6.91,5.89,1.67,4.91,2.14,33,10
SB003193,STU00320,2026-04-15,6.39,6.99,0.85,5.6,1.17,40,1
SB003194,STU00320,2026-04-04,1.62,4.68,2.44,1.54,4.11,12,9
SB003195,STU00320,2026-04-22,2.39,6.8,4.12,4.79,3.51,7,2
SB003196,STU00320,2026-06-16,7.91,7.02,2.4,1.08,0.7,40,9
SB003197,STU00320,2026-05-25,1.28,4.68,0.89,1.75,0.47,32,8
SB003198,STU00320,2026-03-30,7.96,4.83,3.64,1.09,4.73,10,8
SB003199,STU00320,2026-04-23,6.47,8.82,4.44,3.4,2.0,45,8
SB003200,STU00320,2026-02-13,7.25,8.35,4.13,3.46,0.13,48,10
SB003201,STU00321,2026-03-04,2.25,4.75,2.32,0.53,4.93,3,2
SB003202,STU00321,2026-05-14,0.91,8.61,1.04,5.18,3.09,11,9
SB003203,STU00321,2026-04-08,3.58,6.69,4.19,2.38,0.12,18,6
SB003204,STU00321,2026-06-13,4.62,5.22,0.55,0.51,4.71,24,9
SB003205,STU00321,2026-05-19,1.39,5.62,1.25,3.04,0.67,4,2
SB003206,STU00321,2026-05-16,4.15,5.23,3.12,2.28,2.57,35,4
SB003207,STU00321,2026-03-05,5.58,7.04,1.5,3.82,4.43,6,9
SB003208,STU00321,2026-01-14,5.89,6.22,2.53,5.16,4.26,40,5
SB003209,STU00321,2026-06-27,7.01,6.73,4.29,5.22,4.82,1,4
SB003210,STU00321,2026-04-20,1.13,5.74,3.23,1.68,1.61,42,7
SB003211,STU00322,2026-06-25,1.62,4.68,4.45,4.7,2.1,2,3
SB003212,STU00322,2026-04-07,2.66,5.97,2.99,5.67,1.74,30,1
SB003213,STU00322,2026-03-13,3.05,8.55,0.24,1.76,3.21,26,1
SB003214,STU00322,2026-02-24,5.47,4.53,2.55,5.37,1.91,5,9
SB003215,STU00322,2026-03-31,5.81,6.3,3.68,5.04,0.55,3,5
SB003216,STU00322,2026-01-21,3.15,7.76,2.85,2.74,3.04,46,8
SB003217,STU00322,2026-06-19,4.32,8.95,0.73,2.38,0.31,45,10
SB003218,STU00322,2026-01-17,5.46,4.75,3.44,1.83,1.9,34,7
SB003219,STU00322,2026-01-21,0.64,5.22,4.54,1.48,1.36,39,2
SB003220,STU00322,2026-06-12,3.12,6.4,3.41,2.32,4.8,11,5
SB003221,STU00323,2026-06-20,1.39,8.39,2.16,3.44,0.1,43,6
SB003222,STU00323,2026-02-24,5.29,6.9,0.15,4.47,0.39,27,9
SB003223,STU00323,2026-03-05,2.34,5.74,4.68,2.23,3.25,15,9
SB003224,STU00323,2026-03-19,7.39,5.56,3.18,4.71,3.39,16,10
SB003225,STU00323,2026-02-20,4.51,7.69,4.57,4.82,4.57,43,5
SB003226,STU00323,2026-05-02,5.52,5.83,2.99,0.89,0.93,25,2
SB003227,STU00323,2026-03-30,7.73,6.2,1.68,4.42,2.25,31,7
SB003228,STU00323,2026-04-18,0.73,8.05,2.87,4.37,3.21,18,3
SB003229,STU00323,2026-05-21,3.8,8.48,3.25,2.52,0.05,41,2
SB003230,STU00323,2026-04-29,6.11,7.39,0.43,3.4,2.25,49,4
SB003231,STU00324,2026-03-11,1.8,6.82,4.48,2.17,3.81,45,2
SB003232,STU00324,2026-02-04,7.39,7.31,1.63,4.4,2.94,32,7
SB003233,STU00324,2026-05-06,2.17,8.54,1.59,3.51,4.44,50,8
SB003234,STU00324,2026-04-05,6.91,4.98,4.01,2.52,2.0,40,9
SB003235,STU00324,2026-03-27,2.93,7.33,2.06,4.79,2.14,1,6
SB003236,STU00324,2026-03-10,5.61,6.7,3.01,0.73,2.48,11,1
SB003237,STU00324,2026-01-19,4.47,4.66,4.05,4.93,4.11,48,7
SB003238,STU00324,2026-06-10,2.76,4.6,3.46,5.56,2.06,21,7
SB003239,STU00324,2026-03-03,4.75,6.13,3.73,4.99,3.96,6,8
SB003240,STU00324,2026-02-27,4.52,7.03,3.8,3.01,2.89,2,5
SB003241,STU00325,2026-06-30,4.21,7.44,1.62,1.11,3.01,23,7
SB003242,STU00325,2026-05-19,5.51,6.2,1.85,1.95,0.59,34,1
SB003243,STU00325,2026-04-24,6.05,7.62,0.88,2.26,1.41,42,6
SB003244,STU00325,2026-01-07,1.81,6.07,0.55,2.32,1.69,42,2
SB003245,STU00325,2026-06-23,7.68,8.26,0.13,2.59,1.7,30,10
SB003246,STU00325,2026-05-02,6.89,5.83,3.64,2.82,4.42,12,7
SB003247,STU00325,2026-05-08,5.71,4.7,3.19,3.59,3.92,32,9
SB003248,STU00325,2026-02-13,5.31,8.49,2.65,2.18,1.4,10,3
SB003249,STU00325,2026-01-30,2.52,8.32,3.06,3.73,1.93,26,3
SB003250,STU00325,2026-06-03,7.39,6.27,3.36,4.41,2.8,34,9
SB003251,STU00326,2026-02-24,4.93,7.33,0.55,2.93,0.03,10,5
SB003252,STU00326,2026-02-06,7.33,7.55,1.35,5.28,3.93,46,3
SB003253,STU00326,2026-05-09,0.86,8.3,2.32,4.7,4.83,12,3
SB003254,STU00326,2026-02-09,1.66,7.92,2.25,4.65,3.52,17,4
SB003255,STU00326,2026-02-03,3.57,7.24,3.26,1.25,1.44,4,2
SB003256,STU00326,2026-04-13,2.09,7.28,3.93,1.59,2.97,50,9
SB003257,STU00326,2026-05-11,6.47,6.87,0.78,5.91,4.36,38,3
SB003258,STU00326,2026-01-03,6.74,5.29,1.26,5.58,1.72,16,4
SB003259,STU00326,2026-02-05,7.56,5.93,3.28,0.68,3.29,38,1
SB003260,STU00326,2026-02-20,0.98,6.55,2.93,2.39,4.87,0,9
SB003261,STU00327,2026-02-23,6.72,7.55,4.39,2.06,0.62,50,8
SB003262,STU00327,2026-06-21,5.3,7.8,4.02,3.91,2.96,41,6
SB003263,STU00327,2026-01-02,4.01,5.69,3.54,5.71,4.53,11,3
SB003264,STU00327,2026-05-01,1.55,8.82,1.91,4.1,4.57,42,10
SB003265,STU00327,2026-03-20,6.7,7.67,0.12,5.79,2.03,41,7
SB003266,STU00327,2026-04-07,1.37,6.13,1.15,5.33,3.29,32,7
SB003267,STU00327,2026-03-23,6.11,8.21,1.42,5.4,2.75,22,6
SB003268,STU00327,2026-04-01,6.59,7.26,4.78,5.48,2.88,12,9
SB003269,STU00327,2026-05-12,2.72,8.48,2.02,2.65,3.71,13,7
SB003270,STU00327,2026-02-22,2.6,5.12,1.28,1.57,1.53,24,2
SB003271,STU00328,2026-04-13,3.68,6.41,2.36,5.4,4.41,16,8
SB003272,STU00328,2026-01-19,1.4,7.99,3.88,5.05,1.67,13,2
SB003273,STU00328,2026-05-07,2.76,7.77,2.85,4.26,2.58,25,10
SB003274,STU00328,2026-01-08,6.76,7.18,1.93,3.01,0.3,5,10
SB003275,STU00328,2026-02-08,0.59,5.29,1.15,0.54,1.39,41,3
SB003276,STU00328,2026-01-17,3.82,8.68,0.44,4.04,4.16,46,1
SB003277,STU00328,2026-05-19,3.35,7.05,2.43,1.02,4.63,26,10
SB003278,STU00328,2026-05-03,0.85,8.53,4.28,2.15,3.76,15,2
SB003279,STU00328,2026-04-07,7.16,8.83,0.43,3.09,1.57,33,5
SB003280,STU00328,2026-01-04,5.54,8.27,1.19,2.96,4.28,9,1
SB003281,STU00329,2026-05-14,4.19,6.33,1.85,5.5,0.84,46,6
SB003282,STU00329,2026-01-11,4.82,8.8,1.42,1.37,0.26,14,4
SB003283,STU00329,2026-06-22,2.45,5.98,0.9,2.15,2.33,42,3
SB003284,STU00329,2026-03-17,2.13,7.36,1.55,2.92,4.61,45,3
SB003285,STU00329,2026-06-29,6.94,7.16,0.23,3.59,3.67,37,1
SB003286,STU00329,2026-01-31,5.03,6.66,1.88,3.51,2.63,15,10
SB003287,STU00329,2026-06-03,2.12,5.58,3.55,2.0,2.47,40,8
SB003288,STU00329,2026-02-05,2.3,5.4,4.63,3.91,0.22,33,6
SB003289,STU00329,2026-02-04,3.91,7.24,2.06,2.7,0.95,10,9
SB003290,STU00329,2026-05-23,7.14,6.21,3.56,4.83,1.27,29,2
SB003291,STU00330,2026-04-13,4.69,6.28,2.16,4.2,4.29,32,1
SB003292,STU00330,2026-01-22,5.02,5.91,3.45,2.86,2.46,45,2
SB003293,STU00330,2026-03-28,0.77,7.15,3.46,4.06,3.89,7,9
SB003294,STU00330,2026-01-14,2.46,8.3,3.39,5.7,4.85,3,7
SB003295,STU00330,2026-02-05,0.94,5.61,2.99,0.82,2.36,5,4
SB003296,STU00330,2026-04-18,3.35,4.91,3.66,1.81,4.61,0,7
SB003297,STU00330,2026-04-22,2.76,7.25,0.26,5.68,0.68,10,8
SB003298,STU00330,2026-03-10,4.94,7.22,1.37,3.9,4.41,13,2
SB003299,STU00330,2026-06-16,5.38,7.82,0.27,5.74,2.05,14,1
SB003300,STU00330,2026-05-21,4.67,5.59,2.81,1.31,2.22,22,2
SB003301,STU00331,2026-06-16,6.64,6.72,4.96,1.9,2.72,47,5
SB003302,STU00331,2026-02-23,6.19,7.38,1.78,4.21,1.03,19,8
SB003303,STU00331,2026-02-08,2.3,7.81,3.91,4.84,1.86,32,2
SB003304,STU00331,2026-02-22,5.13,4.51,4.45,2.53,0.88,2,8
SB003305,STU00331,2026-06-28,2.78,7.13,2.13,3.76,3.74,42,2
SB003306,STU00331,2026-05-20,4.73,8.76,4.69,4.46,4.01,33,4
SB003307,STU00331,2026-03-25,5.83,6.45,0.01,2.97,0.77,32,9
SB003308,STU00331,2026-03-05,7.36,4.99,1.64,2.39,2.84,0,4
SB003309,STU00331,2026-01-08,5.76,5.39,1.05,3.55,4.56,43,9
SB003310,STU00331,2026-03-01,7.06,6.88,1.95,3.44,4.73,42,8
SB003311,STU00332,2026-02-02,2.97,7.58,2.98,5.85,4.9,28,10
SB003312,STU00332,2026-06-18,6.59,7.29,2.51,1.37,0.35,29,6
SB003313,STU00332,2026-06-11,4.73,8.89,1.86,1.35,2.15,36,6
SB003314,STU00332,2026-04-15,1.81,5.59,2.89,4.27,4.23,4,1
SB003315,STU00332,2026-05-05,2.86,8.64,2.31,3.37,4.59,31,10
SB003316,STU00332,2026-03-06,0.78,8.48,3.09,4.42,3.17,37,8
SB003317,STU00332,2026-02-21,1.3,5.66,3.12,2.68,1.06,35,7
SB003318,STU00332,2026-04-30,2.21,8.96,1.97,1.26,1.7,49,1
SB003319,STU00332,2026-01-13,6.68,5.62,1.48,5.65,0.83,8,9
SB003320,STU00332,2026-05-09,3.14,7.39,4.37,0.9,3.52,20,5
SB003321,STU00333,2026-04-22,1.15,6.04,3.73,4.59,0.45,9,8
SB003322,STU00333,2026-05-23,6.0,6.26,3.31,4.34,1.59,34,5
SB003323,STU00333,2026-05-23,5.77,7.0,2.83,4.55,0.8,16,3
SB003324,STU00333,2026-02-27,2.68,5.93,1.52,1.48,3.44,10,5
SB003325,STU00333,2026-05-13,4.75,8.06,1.52,5.39,1.2,0,8
SB003326,STU00333,2026-01-30,5.63,6.17,1.59,2.3,4.35,43,2
SB003327,STU00333,2026-02-14,4.8,6.01,1.79,2.36,2.05,0,7
SB003328,STU00333,2026-06-01,3.06,6.68,2.28,2.11,3.89,37,10
SB003329,STU00333,2026-01-06,3.19,4.81,4.05,2.35,0.77,44,3
SB003330,STU00333,2026-06-09,2.46,7.61,0.11,1.06,2.59,27,7
SB003331,STU00334,2026-03-15,7.69,6.83,3.1,4.14,3.78,41,8
SB003332,STU00334,2026-01-24,5.01,4.75,4.57,0.59,4.71,35,1
SB003333,STU00334,2026-01-08,0.74,6.75,1.46,3.4,1.72,50,2
SB003334,STU00334,2026-03-08,7.53,6.73,2.44,4.35,2.42,15,1
SB003335,STU00334,2026-02-22,1.86,5.53,1.21,5.3,2.03,4,4
SB003336,STU00334,2026-02-05,4.91,4.76,3.93,3.41,1.4,40,4
SB003337,STU00334,2026-02-05,4.57,5.08,2.57,4.09,2.48,13,4
SB003338,STU00334,2026-06-10,1.91,5.2,0.94,5.77,1.21,35,7
SB003339,STU00334,2026-06-04,7.06,5.72,3.81,3.07,1.96,32,7
SB003340,STU00334,2026-01-26,6.38,5.66,1.09,1.83,1.32,41,1
SB003341,STU00335,2026-06-29,1.86,8.49,0.04,5.8,2.6,0,6
SB003342,STU00335,2026-06-05,2.89,4.71,1.78,4.59,1.27,43,1
SB003343,STU00335,2026-06-09,7.82,5.43,0.85,4.09,4.01,10,7
SB003344,STU00335,2026-03-07,1.01,7.01,4.94,1.29,2.55,43,6
SB003345,STU00335,2026-03-18,2.75,8.23,4.4,1.05,4.65,15,1
SB003346,STU00335,2026-06-12,7.86,6.7,3.44,1.98,1.39,6,1
SB003347,STU00335,2026-04-13,3.37,4.61,1.29,1.69,2.83,19,6
SB003348,STU00335,2026-03-05,6.67,5.71,1.71,4.05,2.18,33,10
SB003349,STU00335,2026-01-22,2.12,8.77,3.82,4.66,3.47,25,10
SB003350,STU00335,2026-06-07,5.62,5.92,4.05,0.55,0.93,30,4
SB003351,STU00336,2026-03-05,6.12,5.32,2.91,4.49,3.39,15,5
SB003352,STU00336,2026-06-05,1.18,8.54,4.22,2.55,2.58,23,7
SB003353,STU00336,2026-04-08,7.2,5.83,2.35,0.76,3.75,17,6
SB003354,STU00336,2026-06-20,6.9,8.22,1.1,0.58,2.13,4,7
SB003355,STU00336,2026-01-05,3.08,8.49,2.97,3.94,3.72,40,1
SB003356,STU00336,2026-05-30,6.58,5.44,2.48,5.26,1.71,50,2
SB003357,STU00336,2026-01-30,3.92,8.17,0.71,5.55,1.11,43,2
SB003358,STU00336,2026-02-21,7.53,7.23,4.8,2.24,4.99,48,1
SB003359,STU00336,2026-05-31,5.46,5.05,0.62,2.45,1.09,21,10
SB003360,STU00336,2026-05-01,6.69,6.68,0.87,2.01,1.67,3,1
SB003361,STU00337,2026-04-19,6.59,8.34,4.47,4.97,3.24,17,1
SB003362,STU00337,2026-03-19,0.85,4.91,3.21,5.25,0.61,13,7
SB003363,STU00337,2026-02-24,7.32,4.55,3.36,4.17,0.26,41,3
SB003364,STU00337,2026-06-07,3.24,6.05,2.9,3.36,1.66,41,8
SB003365,STU00337,2026-05-07,3.2,8.1,4.84,5.13,3.47,49,9
SB003366,STU00337,2026-02-15,6.42,5.34,0.54,5.1,2.08,50,8
SB003367,STU00337,2026-01-08,6.01,5.42,2.16,1.18,3.71,45,7
SB003368,STU00337,2026-04-02,3.13,6.82,4.85,5.67,3.59,17,7
SB003369,STU00337,2026-03-21,2.83,5.65,2.95,2.45,4.41,40,8
SB003370,STU00337,2026-06-22,0.73,6.88,2.46,3.09,0.45,35,3
SB003371,STU00338,2026-02-19,6.34,7.32,4.54,3.62,1.03,40,10
SB003372,STU00338,2026-01-11,2.6,7.44,2.51,0.57,2.0,28,5
SB003373,STU00338,2026-04-10,2.03,8.82,2.48,1.18,2.99,21,5
SB003374,STU00338,2026-05-30,2.51,6.7,0.42,3.26,2.39,31,8
SB003375,STU00338,2026-05-07,6.29,7.74,2.18,0.63,3.94,17,5
SB003376,STU00338,2026-04-22,3.64,6.92,0.79,2.27,4.24,18,4
SB003377,STU00338,2026-03-21,7.35,6.53,4.73,4.57,1.57,5,3
SB003378,STU00338,2026-05-02,1.14,8.62,4.48,5.65,2.75,19,7
SB003379,STU00338,2026-01-16,6.37,6.7,0.92,0.66,0.75,14,2
SB003380,STU00338,2026-01-16,1.64,8.93,4.98,2.55,3.68,16,10
SB003381,STU00339,2026-02-02,1.73,8.6,1.68,0.58,4.03,13,3
SB003382,STU00339,2026-01-11,4.18,5.0,1.49,1.18,3.58,13,10
SB003383,STU00339,2026-05-11,4.11,8.37,3.02,2.51,3.11,3,9
SB003384,STU00339,2026-02-14,3.07,7.02,4.75,0.87,0.23,39,1
SB003385,STU00339,2026-01-18,4.15,8.6,3.78,0.52,1.82,38,8
SB003386,STU00339,2026-05-28,6.15,8.91,0.31,5.53,4.26,7,3
SB003387,STU00339,2026-04-07,1.3,6.5,2.17,1.83,4.82,45,3
SB003388,STU00339,2026-03-30,0.78,7.1,4.52,5.6,3.08,22,4
SB003389,STU00339,2026-06-10,6.37,5.66,2.26,3.31,2.91,4,9
SB003390,STU00339,2026-02-15,3.39,8.91,3.46,5.65,0.02,48,4
SB003391,STU00340,2026-06-13,3.61,8.91,3.76,1.07,0.01,10,6
SB003392,STU00340,2026-02-01,1.04,6.05,2.18,0.97,4.82,26,10
SB003393,STU00340,2026-04-03,2.81,7.52,2.15,1.98,1.85,20,3
SB003394,STU00340,2026-06-24,6.53,6.92,0.41,2.62,4.34,8,6
SB003395,STU00340,2026-02-16,2.43,8.89,3.79,3.44,3.72,39,2
SB003396,STU00340,2026-04-28,3.31,5.25,3.92,3.72,3.43,47,6
SB003397,STU00340,2026-02-05,2.24,4.98,3.93,5.8,3.27,19,4
SB003398,STU00340,2026-01-16,4.69,7.97,0.33,4.87,0.7,20,7
SB003399,STU00340,2026-01-06,1.51,5.97,2.43,5.71,1.65,34,9
SB003400,STU00340,2026-05-05,1.23,7.58,1.62,0.87,2.49,39,2
SB003401,STU00341,2026-05-31,5.53,8.25,3.45,2.35,0.2,48,7
SB003402,STU00341,2026-03-19,6.9,7.86,2.49,3.76,3.89,23,9
SB003403,STU00341,2026-01-24,3.77,6.2,3.02,0.54,3.0,34,6
SB003404,STU00341,2026-03-04,6.97,5.59,2.8,1.61,3.77,46,5
SB003405,STU00341,2026-04-07,5.73,5.69,4.18,1.84,2.76,47,4
SB003406,STU00341,2026-04-14,7.05,7.47,3.44,2.6,1.63,17,1
SB003407,STU00341,2026-03-09,1.88,7.81,2.39,3.38,0.31,41,9
SB003408,STU00341,2026-06-10,4.29,4.65,2.45,4.93,2.12,7,5
SB003409,STU00341,2026-01-03,4.89,7.39,0.97,4.65,2.25,24,8
SB003410,STU00341,2026-03-12,3.33,7.35,4.63,0.77,2.97,28,6
SB003411,STU00342,2026-02-17,2.55,8.15,3.41,1.0,4.52,7,9
SB003412,STU00342,2026-05-26,1.57,6.08,1.64,3.64,0.03,0,10
SB003413,STU00342,2026-02-08,7.89,8.54,4.33,2.4,1.9,28,10
SB003414,STU00342,2026-04-28,3.98,7.8,4.76,3.55,1.86,24,1
SB003415,STU00342,2026-05-09,1.6,5.8,2.0,2.45,1.27,21,2
SB003416,STU00342,2026-04-08,3.19,7.58,1.64,2.68,0.61,22,4
SB003417,STU00342,2026-02-17,2.51,5.01,0.21,3.32,2.62,34,9
SB003418,STU00342,2026-01-22,3.95,6.66,4.16,2.91,0.59,32,5
SB003419,STU00342,2026-05-07,2.96,5.98,2.16,4.09,4.93,46,4
SB003420,STU00342,2026-05-15,4.16,5.32,3.74,2.41,4.55,43,4
SB003421,STU00343,2026-02-08,4.25,7.8,0.09,3.19,3.9,28,7
SB003422,STU00343,2026-05-11,2.74,7.68,3.43,1.46,2.68,27,10
SB003423,STU00343,2026-03-19,6.81,6.7,2.45,3.9,3.83,8,5
SB003424,STU00343,2026-02-03,7.91,5.09,0.97,1.19,3.84,29,7
SB003425,STU00343,2026-02-10,1.61,8.98,3.18,5.26,2.96,11,10
SB003426,STU00343,2026-06-08,7.15,6.71,0.35,5.88,2.22,17,3
SB003427,STU00343,2026-06-15,6.74,7.16,4.23,3.82,4.51,48,1
SB003428,STU00343,2026-06-25,3.11,5.83,1.33,1.75,1.28,31,10
SB003429,STU00343,2026-03-14,4.15,4.7,0.44,4.73,2.55,8,8
SB003430,STU00343,2026-03-05,4.61,4.91,4.45,4.97,3.87,11,1
SB003431,STU00344,2026-05-15,3.52,5.48,2.7,5.64,4.45,47,4
SB003432,STU00344,2026-03-20,4.78,8.97,1.57,3.09,4.14,5,5
SB003433,STU00344,2026-01-13,6.5,7.72,4.43,1.83,1.36,18,4
SB003434,STU00344,2026-02-25,7.41,6.02,2.07,2.87,2.73,1,9
SB003435,STU00344,2026-02-28,5.87,6.67,4.59,2.79,1.62,30,2
SB003436,STU00344,2026-03-17,1.88,7.78,1.13,4.68,0.94,34,7
SB003437,STU00344,2026-04-21,2.8,8.76,2.61,4.13,1.44,21,6
SB003438,STU00344,2026-06-11,4.31,7.24,3.23,5.67,2.29,10,2
SB003439,STU00344,2026-02-18,3.83,8.03,4.83,5.54,0.42,42,8
SB003440,STU00344,2026-01-14,3.61,6.07,4.41,5.39,0.33,5,7
SB003441,STU00345,2026-02-17,5.13,6.31,1.02,2.78,3.91,30,3
SB003442,STU00345,2026-02-03,7.38,8.0,3.97,3.34,4.44,49,2
SB003443,STU00345,2026-06-11,4.1,7.62,4.62,2.27,1.48,10,8
SB003444,STU00345,2026-05-24,2.09,5.71,0.34,5.7,1.93,33,4
SB003445,STU00345,2026-05-19,0.82,6.06,4.63,1.22,2.32,19,6
SB003446,STU00345,2026-06-23,3.84,7.29,3.34,2.17,0.18,29,7
SB003447,STU00345,2026-03-08,4.02,5.37,2.64,1.37,2.29,38,4
SB003448,STU00345,2026-05-03,3.33,8.49,4.83,0.63,4.27,44,4
SB003449,STU00345,2026-02-20,3.14,5.01,4.3,5.36,0.67,40,5
SB003450,STU00345,2026-05-29,7.69,6.58,2.04,2.2,2.59,7,7
SB003451,STU00346,2026-02-22,0.94,7.69,0.2,5.73,3.52,31,9
SB003452,STU00346,2026-04-28,6.71,6.95,0.33,0.92,3.0,16,4
SB003453,STU00346,2026-05-26,5.56,6.64,2.11,4.86,0.38,23,3
SB003454,STU00346,2026-02-24,3.84,4.85,1.41,3.59,0.88,48,3
SB003455,STU00346,2026-06-25,4.05,4.98,1.22,2.92,3.73,48,5
SB003456,STU00346,2026-04-26,2.26,6.64,1.34,5.27,1.81,44,5
SB003457,STU00346,2026-04-19,2.15,8.26,4.77,3.36,3.44,11,6
SB003458,STU00346,2026-01-18,5.47,5.81,1.03,0.57,1.62,26,3
SB003459,STU00346,2026-04-15,3.39,8.01,0.25,5.01,2.79,3,4
SB003460,STU00346,2026-03-06,0.73,5.49,1.13,4.48,1.04,35,5
SB003461,STU00347,2026-01-19,1.18,4.59,4.0,3.83,3.14,12,2
SB003462,STU00347,2026-05-17,4.93,5.15,1.48,5.25,4.13,5,9
SB003463,STU00347,2026-05-08,2.46,8.38,0.95,4.7,1.96,27,5
SB003464,STU00347,2026-02-04,6.58,8.46,2.26,1.3,1.65,7,10
SB003465,STU00347,2026-02-01,3.23,7.44,4.94,4.71,0.95,1,2
SB003466,STU00347,2026-01-22,4.11,8.67,3.11,3.97,1.93,9,5
SB003467,STU00347,2026-01-04,3.08,7.97,2.29,2.76,2.63,47,9
SB003468,STU00347,2026-03-05,0.85,7.47,3.69,0.6,1.7,48,7
SB003469,STU00347,2026-06-29,3.5,7.32,1.61,1.21,0.88,42,2
SB003470,STU00347,2026-02-04,0.97,8.23,0.78,1.02,0.45,34,6
SB003471,STU00348,2026-03-17,6.21,8.57,2.02,3.4,4.66,36,6
SB003472,STU00348,2026-05-09,7.58,5.88,4.58,2.4,3.98,6,4
SB003473,STU00348,2026-06-14,7.69,7.0,1.52,2.95,1.85,45,9
SB003474,STU00348,2026-05-22,6.36,7.2,4.27,1.44,3.29,10,3
SB003475,STU00348,2026-03-24,0.99,8.26,4.57,0.93,1.88,1,7
SB003476,STU00348,2026-04-17,1.94,5.84,3.75,4.12,4.53,48,6
SB003477,STU00348,2026-03-05,2.74,8.35,1.93,3.71,2.39,1,8
SB003478,STU00348,2026-02-04,2.47,4.73,0.6,1.71,3.67,41,9
SB003479,STU00348,2026-02-06,6.55,5.42,2.0,3.13,2.88,21,10
SB003480,STU00348,2026-06-02,7.63,8.13,4.35,2.11,1.59,32,6
SB003481,STU00349,2026-02-05,2.3,4.55,2.75,5.11,2.1,11,10
SB003482,STU00349,2026-01-02,5.28,8.17,0.26,1.8,2.63,7,5
SB003483,STU00349,2026-05-29,2.67,8.53,4.35,0.79,0.85,44,5
SB003484,STU00349,2026-03-15,0.66,7.71,2.24,4.06,2.86,0,7
SB003485,STU00349,2026-05-08,1.8,6.23,4.37,1.43,1.88,26,7
SB003486,STU00349,2026-02-05,6.68,5.45,2.23,1.88,2.4,2,4
SB003487,STU00349,2026-03-12,7.74,4.96,3.03,5.42,0.65,29,4
SB003488,STU00349,2026-05-23,1.12,5.2,0.02,5.68,4.13,41,10
SB003489,STU00349,2026-05-24,3.28,4.89,3.07,4.13,0.25,46,9
SB003490,STU00349,2026-02-14,3.32,8.42,4.23,4.9,2.89,47,3
SB003491,STU00350,2026-01-01,3.29,6.15,3.15,2.7,4.88,24,8
SB003492,STU00350,2026-04-02,6.6,4.77,1.03,5.69,3.52,28,1
SB003493,STU00350,2026-01-29,6.6,7.17,4.01,1.93,2.34,43,10
SB003494,STU00350,2026-04-14,6.27,4.59,1.93,4.02,4.08,7,1
SB003495,STU00350,2026-01-24,2.78,8.83,1.3,2.13,3.16,6,6
SB003496,STU00350,2026-01-31,4.03,5.27,2.0,5.32,3.54,2,3
SB003497,STU00350,2026-04-05,1.3,4.69,3.45,0.8,3.19,2,3
SB003498,STU00350,2026-05-28,3.52,4.57,0.69,2.0,4.26,42,9
SB003499,STU00350,2026-06-09,7.33,6.88,0.49,3.42,2.76,5,3
SB003500,STU00350,2026-04-22,2.58,5.19,4.66,1.63,0.8,14,10
SB003501,STU00351,2026-01-30,0.87,6.21,2.12,0.54,0.94,6,1
SB003502,STU00351,2026-05-12,3.39,5.73,3.06,0.59,2.26,25,8
SB003503,STU00351,2026-04-22,1.45,5.22,0.4,5.98,0.96,24,1
SB003504,STU00351,2026-05-06,1.28,4.89,0.41,0.97,2.02,3,4
SB003505,STU00351,2026-03-14,6.87,8.28,4.52,1.14,1.09,4,8
SB003506,STU00351,2026-05-29,3.26,5.31,4.91,5.2,0.28,35,2
SB003507,STU00351,2026-02-10,6.86,7.63,3.76,5.21,4.07,23,4
SB003508,STU00351,2026-03-01,2.69,6.58,4.15,1.83,3.16,26,7
SB003509,STU00351,2026-03-23,3.94,6.3,3.33,4.55,3.4,26,10
SB003510,STU00351,2026-06-23,3.98,6.07,4.13,2.1,0.58,28,5
SB003511,STU00352,2026-06-28,3.76,8.39,3.6,0.84,4.78,37,4
SB003512,STU00352,2026-03-17,7.45,8.98,2.05,5.11,1.89,11,3
SB003513,STU00352,2026-06-12,7.44,5.85,4.82,1.37,1.44,20,3
SB003514,STU00352,2026-03-14,3.86,5.39,0.1,4.87,3.74,29,7
SB003515,STU00352,2026-03-10,4.24,7.82,3.68,4.2,0.37,38,9
SB003516,STU00352,2026-04-07,2.97,8.22,0.49,5.27,3.81,38,1
SB003517,STU00352,2026-06-04,6.82,6.96,2.06,5.33,0.08,20,5
SB003518,STU00352,2026-01-20,7.81,5.4,2.31,1.27,4.53,3,9
SB003519,STU00352,2026-05-09,4.39,5.1,3.19,2.13,4.8,26,5
SB003520,STU00352,2026-03-20,2.96,5.33,1.58,3.09,3.58,17,4
SB003521,STU00353,2026-02-18,4.23,8.77,3.93,4.85,3.62,4,1
SB003522,STU00353,2026-01-27,1.13,5.96,2.83,2.7,1.06,11,8
SB003523,STU00353,2026-06-01,2.25,6.16,0.42,2.0,4.29,40,9
SB003524,STU00353,2026-05-22,4.28,4.74,4.15,5.23,4.02,39,7
SB003525,STU00353,2026-03-29,6.66,6.59,0.39,2.31,1.35,41,8
SB003526,STU00353,2026-02-09,1.61,5.56,3.44,3.34,3.9,37,3
SB003527,STU00353,2026-06-19,5.05,4.59,4.36,4.47,0.81,25,4
SB003528,STU00353,2026-06-11,7.07,7.72,1.2,2.53,1.61,12,3
SB003529,STU00353,2026-04-21,6.86,7.47,3.09,5.44,0.99,5,3
SB003530,STU00353,2026-02-28,4.67,8.07,2.26,4.25,1.69,18,5
SB003531,STU00354,2026-04-29,4.1,4.64,3.1,2.65,3.99,0,6
SB003532,STU00354,2026-05-28,3.42,8.34,0.77,0.81,3.78,26,2
SB003533,STU00354,2026-05-02,4.07,5.75,0.54,5.65,1.44,6,3
SB003534,STU00354,2026-03-06,5.07,6.91,1.37,5.25,2.57,5,2
SB003535,STU00354,2026-03-16,5.97,8.29,2.37,4.16,0.27,12,2
SB003536,STU00354,2026-02-18,1.3,7.7,3.33,2.85,0.6,42,4
SB003537,STU00354,2026-04-18,3.74,4.63,1.11,5.18,4.12,12,1
SB003538,STU00354,2026-03-28,1.43,8.83,0.63,4.83,3.94,48,2
SB003539,STU00354,2026-04-01,4.54,6.42,4.03,0.93,4.91,6,2
SB003540,STU00354,2026-04-20,2.11,8.87,0.09,5.08,2.99,42,10
SB003541,STU00355,2026-02-17,7.97,8.9,1.66,2.28,2.35,13,9
SB003542,STU00355,2026-03-29,5.64,7.59,3.54,3.81,2.6,5,8
SB003543,STU00355,2026-04-23,2.75,7.19,1.06,3.74,2.55,39,1
SB003544,STU00355,2026-03-19,5.84,5.32,1.87,5.1,4.06,34,1
SB003545,STU00355,2026-03-23,4.9,7.37,3.18,0.51,0.73,32,3
SB003546,STU00355,2026-02-13,2.13,6.3,2.67,2.23,1.92,5,5
SB003547,STU00355,2026-02-21,4.42,6.9,0.92,0.62,2.75,5,7
SB003548,STU00355,2026-02-03,3.89,8.19,4.59,5.55,4.19,21,5
SB003549,STU00355,2026-04-25,3.07,7.07,1.36,4.83,1.37,47,9
SB003550,STU00355,2026-03-26,5.4,8.59,4.22,3.14,0.71,26,2
SB003551,STU00356,2026-01-23,6.23,6.11,2.5,4.67,3.38,33,6
SB003552,STU00356,2026-01-25,5.84,7.25,1.32,4.77,2.23,45,2
SB003553,STU00356,2026-05-04,1.18,7.1,2.22,0.82,2.84,8,2
SB003554,STU00356,2026-06-16,2.36,7.88,4.45,1.45,3.35,5,1
SB003555,STU00356,2026-04-26,4.84,6.02,3.08,2.86,4.92,10,6
SB003556,STU00356,2026-06-03,1.01,5.66,3.65,4.53,0.78,14,6
SB003557,STU00356,2026-02-14,2.97,8.95,4.51,2.28,1.63,24,1
SB003558,STU00356,2026-02-21,5.49,4.75,1.62,5.64,3.98,47,5
SB003559,STU00356,2026-05-18,0.86,7.88,2.25,3.59,2.68,29,9
SB003560,STU00356,2026-02-27,1.63,6.92,1.58,3.34,0.09,46,1
SB003561,STU00357,2026-05-06,6.44,7.1,0.68,3.09,0.85,14,3
SB003562,STU00357,2026-05-14,2.61,6.21,3.63,1.34,1.31,27,10
SB003563,STU00357,2026-03-31,7.31,6.33,0.7,1.8,3.94,4,3
SB003564,STU00357,2026-05-14,3.63,5.97,0.29,2.95,4.65,38,10
SB003565,STU00357,2026-02-10,7.2,7.1,1.32,1.62,3.76,32,8
SB003566,STU00357,2026-05-08,7.77,7.29,4.37,1.4,3.67,38,9
SB003567,STU00357,2026-01-05,4.36,8.32,3.71,5.77,2.81,23,7
SB003568,STU00357,2026-05-09,1.08,5.94,1.29,1.63,0.28,40,7
SB003569,STU00357,2026-05-22,7.95,5.67,1.92,5.91,2.47,42,9
SB003570,STU00357,2026-03-25,5.22,5.04,2.44,1.85,2.78,19,7
SB003571,STU00358,2026-02-05,7.97,6.69,4.56,5.62,0.05,41,10
SB003572,STU00358,2026-01-08,2.65,6.98,4.87,4.74,2.65,39,10
SB003573,STU00358,2026-06-22,4.2,6.95,1.34,4.53,3.95,20,10
SB003574,STU00358,2026-02-14,5.12,4.64,1.4,2.68,4.11,11,7
SB003575,STU00358,2026-01-26,5.04,7.46,4.92,4.59,0.5,8,7
SB003576,STU00358,2026-03-04,6.11,5.34,0.54,5.13,2.36,9,2
SB003577,STU00358,2026-04-24,0.91,6.57,0.01,3.73,0.06,43,2
SB003578,STU00358,2026-02-04,3.05,7.74,2.23,2.47,3.64,17,9
SB003579,STU00358,2026-01-29,4.23,8.79,0.01,0.72,4.16,32,5
SB003580,STU00358,2026-01-21,3.64,4.59,4.04,5.96,1.34,7,5
SB003581,STU00359,2026-02-07,4.91,8.82,1.23,2.99,4.33,38,2
SB003582,STU00359,2026-01-31,7.6,7.56,3.6,3.91,3.04,41,4
SB003583,STU00359,2026-02-03,5.14,8.12,0.9,1.56,2.61,33,2
SB003584,STU00359,2026-05-30,5.1,8.83,1.92,5.22,1.19,38,5
SB003585,STU00359,2026-04-25,2.66,7.67,3.0,1.41,0.9,48,9
SB003586,STU00359,2026-02-11,5.61,4.92,1.63,1.96,1.93,32,8
SB003587,STU00359,2026-04-22,2.58,6.63,1.06,4.59,2.22,49,4
SB003588,STU00359,2026-01-22,7.18,5.05,2.71,1.69,3.29,39,5
SB003589,STU00359,2026-03-17,3.16,6.34,3.49,1.72,3.85,39,7
SB003590,STU00359,2026-04-27,5.79,5.92,1.85,2.22,3.7,45,4
SB003591,STU00360,2026-04-07,3.26,4.55,3.53,3.77,0.98,4,9
SB003592,STU00360,2026-02-01,3.54,6.7,2.09,5.09,1.72,23,7
SB003593,STU00360,2026-04-13,5.24,7.01,0.17,2.55,0.97,45,7
SB003594,STU00360,2026-01-14,4.94,4.76,3.88,0.82,1.26,48,6
SB003595,STU00360,2026-02-28,1.18,7.2,2.26,4.3,0.09,1,7
SB003596,STU00360,2026-03-11,7.53,7.53,2.38,4.59,3.66,12,3
SB003597,STU00360,2026-03-28,1.99,5.29,1.85,3.11,1.85,32,10
SB003598,STU00360,2026-05-21,6.92,4.99,4.77,0.57,2.12,49,2
SB003599,STU00360,2026-04-22,3.89,6.31,2.31,2.49,3.87,35,8
SB003600,STU00360,2026-06-16,1.72,5.22,0.78,0.76,1.06,35,7
SB003601,STU00361,2026-02-02,2.45,5.01,3.05,4.26,4.37,18,4
SB003602,STU00361,2026-04-01,3.6,8.79,0.82,0.53,4.09,50,10
SB003603,STU00361,2026-02-26,5.51,5.91,3.88,2.7,4.58,4,10
SB003604,STU00361,2026-04-08,4.67,8.89,2.69,1.59,4.12,11,4
SB003605,STU00361,2026-04-23,5.05,6.12,0.4,3.04,3.63,43,3
SB003606,STU00361,2026-02-16,3.77,4.72,0.81,1.37,3.15,16,7
SB003607,STU00361,2026-04-15,4.78,7.34,2.91,4.77,4.45,29,6
SB003608,STU00361,2026-05-19,1.91,4.89,1.79,4.78,2.81,27,5
SB003609,STU00361,2026-02-06,6.17,4.76,0.24,3.52,2.81,43,2
SB003610,STU00361,2026-01-09,6.86,6.87,3.9,5.8,2.23,31,2
SB003611,STU00362,2026-03-24,2.6,7.76,0.45,2.23,4.31,27,7
SB003612,STU00362,2026-02-21,3.1,8.17,2.65,3.76,4.05,7,8
SB003613,STU00362,2026-05-16,2.52,4.99,4.45,5.02,1.41,6,8
SB003614,STU00362,2026-01-16,6.7,5.53,2.66,2.36,2.1,3,7
SB003615,STU00362,2026-03-22,1.16,8.87,5.0,0.86,0.21,28,5
SB003616,STU00362,2026-03-17,4.94,8.38,0.4,2.33,1.89,22,9
SB003617,STU00362,2026-02-24,6.07,7.16,0.14,1.3,1.66,7,5
SB003618,STU00362,2026-05-11,0.77,6.19,1.15,2.21,1.98,21,4
SB003619,STU00362,2026-03-05,7.48,8.95,1.37,5.54,3.67,18,10
SB003620,STU00362,2026-04-07,2.26,5.91,2.34,3.61,4.39,49,10
SB003621,STU00363,2026-05-18,1.96,7.85,4.3,5.56,1.15,43,10
SB003622,STU00363,2026-02-23,7.44,5.45,2.12,5.22,4.64,21,10
SB003623,STU00363,2026-02-02,2.26,7.25,0.31,4.51,2.07,44,3
SB003624,STU00363,2026-04-25,4.29,4.56,2.98,4.04,2.64,19,2
SB003625,STU00363,2026-01-27,5.43,4.68,2.03,1.74,3.46,31,9
SB003626,STU00363,2026-02-26,5.4,8.31,3.06,0.92,0.5,3,4
SB003627,STU00363,2026-04-18,2.05,5.99,3.8,0.8,2.38,16,9
SB003628,STU00363,2026-06-07,1.01,5.77,4.12,2.8,1.88,14,7
SB003629,STU00363,2026-03-19,1.47,5.47,0.11,2.7,3.6,6,10
SB003630,STU00363,2026-01-06,2.62,8.43,4.33,0.74,0.24,47,8
SB003631,STU00364,2026-02-24,6.94,6.12,2.79,5.69,3.94,34,4
SB003632,STU00364,2026-04-10,3.19,6.32,2.09,4.29,3.16,35,9
SB003633,STU00364,2026-06-16,4.77,6.6,4.97,3.9,4.75,6,6
SB003634,STU00364,2026-01-11,4.44,4.93,2.63,1.53,2.92,36,3
SB003635,STU00364,2026-01-17,3.8,7.99,0.31,2.1,4.55,13,7
SB003636,STU00364,2026-02-27,2.97,4.97,3.9,1.9,0.15,25,10
SB003637,STU00364,2026-01-22,7.51,6.36,0.46,2.46,2.6,20,10
SB003638,STU00364,2026-05-20,3.39,5.47,3.19,4.38,0.93,33,6
SB003639,STU00364,2026-06-25,1.45,5.22,3.08,1.8,0.15,35,3
SB003640,STU00364,2026-06-28,1.52,6.55,4.95,4.99,4.15,34,4
SB003641,STU00365,2026-03-28,7.34,5.71,2.68,2.88,3.35,31,4
SB003642,STU00365,2026-02-28,7.68,5.44,2.64,1.21,2.55,44,1
SB003643,STU00365,2026-01-27,7.56,6.47,4.24,5.42,1.85,41,5
SB003644,STU00365,2026-03-17,1.95,6.72,2.31,3.42,1.66,24,7
SB003645,STU00365,2026-02-01,5.59,5.54,4.7,4.31,1.91,32,9
SB003646,STU00365,2026-03-16,4.39,8.11,4.14,1.48,3.81,24,5
SB003647,STU00365,2026-06-29,0.81,4.94,3.64,1.36,0.35,21,5
SB003648,STU00365,2026-03-12,3.76,4.58,2.49,5.4,2.87,39,9
SB003649,STU00365,2026-02-06,4.19,8.86,4.15,3.18,4.76,35,7
SB003650,STU00365,2026-02-23,5.49,7.32,0.34,5.38,0.29,6,7
SB003651,STU00366,2026-04-18,4.23,5.24,3.76,3.2,0.83,46,6
SB003652,STU00366,2026-05-13,5.83,7.15,2.93,5.18,4.04,26,6
SB003653,STU00366,2026-03-31,2.04,7.72,2.39,4.11,2.57,16,6
SB003654,STU00366,2026-03-10,0.82,8.84,4.09,4.32,4.74,15,6
SB003655,STU00366,2026-01-09,1.15,8.75,3.59,0.72,2.97,35,2
SB003656,STU00366,2026-03-30,5.05,7.99,1.97,4.73,2.11,31,3
SB003657,STU00366,2026-04-13,5.02,8.24,1.13,4.12,2.01,31,9
SB003658,STU00366,2026-01-26,3.4,8.61,0.78,1.87,3.36,33,5
SB003659,STU00366,2026-02-23,2.69,7.63,0.87,1.47,1.15,26,2
SB003660,STU00366,2026-01-25,7.55,8.76,4.74,5.75,1.79,41,9
SB003661,STU00367,2026-02-16,5.72,7.2,3.61,1.76,2.58,12,10
SB003662,STU00367,2026-02-06,5.51,7.35,3.82,3.04,3.47,49,5
SB003663,STU00367,2026-05-30,3.12,4.65,2.99,2.22,0.69,7,5
SB003664,STU00367,2026-06-13,5.72,6.11,4.16,3.72,3.24,1,1
SB003665,STU00367,2026-04-14,7.0,4.81,1.84,4.64,0.49,46,4
SB003666,STU00367,2026-02-14,7.61,8.76,2.28,2.75,4.85,29,7
SB003667,STU00367,2026-05-02,7.65,5.55,0.58,5.08,4.87,50,1
SB003668,STU00367,2026-04-15,1.27,5.69,3.87,4.09,0.18,12,2
SB003669,STU00367,2026-04-04,4.96,5.06,2.56,5.07,4.35,16,4
SB003670,STU00367,2026-04-21,2.72,5.28,4.0,1.81,0.33,3,3
SB003671,STU00368,2026-01-30,2.92,7.98,3.44,5.45,0.16,45,3
SB003672,STU00368,2026-05-06,2.83,6.94,2.38,4.56,4.03,37,7
SB003673,STU00368,2026-06-06,5.73,5.16,2.34,4.9,4.81,33,5
SB003674,STU00368,2026-02-28,7.36,6.99,4.36,5.44,3.61,1,7
SB003675,STU00368,2026-04-02,1.82,7.86,2.32,5.09,3.4,45,3
SB003676,STU00368,2026-01-23,2.06,5.47,1.49,2.52,1.46,8,4
SB003677,STU00368,2026-02-02,1.54,8.02,2.08,3.83,0.63,12,3
SB003678,STU00368,2026-04-14,2.69,7.52,3.37,0.76,4.23,38,1
SB003679,STU00368,2026-01-20,4.01,8.58,1.33,2.27,3.76,44,6
SB003680,STU00368,2026-01-08,0.87,5.76,0.37,5.12,2.55,32,4
SB003681,STU00369,2026-06-15,6.05,8.6,0.67,2.76,1.03,34,2
SB003682,STU00369,2026-04-10,2.66,4.76,0.59,1.83,0.97,13,1
SB003683,STU00369,2026-04-01,4.86,5.83,2.09,5.49,1.28,24,4
SB003684,STU00369,2026-05-09,4.4,7.04,2.57,0.54,4.85,14,4
SB003685,STU00369,2026-02-22,4.18,8.53,4.0,4.7,3.32,9,6
SB003686,STU00369,2026-05-20,0.88,7.58,1.7,2.42,0.69,27,10
SB003687,STU00369,2026-01-16,7.27,5.19,2.8,2.99,0.22,20,8
SB003688,STU00369,2026-05-17,3.77,5.43,0.53,1.86,3.74,2,4
SB003689,STU00369,2026-05-28,5.78,5.88,0.94,0.77,0.24,48,9
SB003690,STU00369,2026-03-15,7.71,7.17,4.66,5.38,0.9,14,1
SB003691,STU00370,2026-06-10,1.22,4.97,4.83,0.83,3.95,15,9
SB003692,STU00370,2026-01-06,6.15,7.29,4.56,4.28,2.99,21,4
SB003693,STU00370,2026-04-14,1.57,5.86,2.13,4.98,0.42,42,7
SB003694,STU00370,2026-03-04,2.02,4.92,0.4,2.58,4.07,44,10
SB003695,STU00370,2026-06-24,1.18,5.35,1.83,2.11,1.7,36,6
SB003696,STU00370,2026-02-09,5.7,7.63,0.71,2.28,3.43,38,8
SB003697,STU00370,2026-05-10,1.19,6.04,1.88,3.27,3.54,34,10
SB003698,STU00370,2026-03-29,6.72,7.47,0.63,5.34,0.03,37,4
SB003699,STU00370,2026-04-03,7.48,5.36,3.89,1.67,4.36,14,5
SB003700,STU00370,2026-06-16,3.82,5.59,2.62,4.96,3.48,7,10
SB003701,STU00371,2026-02-22,2.47,8.94,0.26,3.39,1.71,42,7
SB003702,STU00371,2026-05-09,2.67,6.88,2.28,3.89,1.13,24,4
SB003703,STU00371,2026-06-16,5.55,8.32,3.64,5.92,4.53,48,8
SB003704,STU00371,2026-06-17,4.92,8.55,2.04,1.48,2.15,29,7
SB003705,STU00371,2026-06-11,2.95,8.11,1.43,3.32,3.73,37,1
SB003706,STU00371,2026-06-30,1.74,6.55,0.05,1.53,0.52,38,4
SB003707,STU00371,2026-05-25,1.45,7.93,4.33,1.03,4.77,5,5
SB003708,STU00371,2026-05-05,1.65,4.87,0.5,1.46,2.32,7,3
SB003709,STU00371,2026-03-15,5.87,8.85,1.2,3.09,0.26,39,8
SB003710,STU00371,2026-04-01,4.75,5.23,3.26,2.91,1.97,20,7
SB003711,STU00372,2026-05-01,1.65,6.15,3.32,2.56,3.77,48,4
SB003712,STU00372,2026-05-20,7.71,4.8,1.95,5.11,3.32,14,9
SB003713,STU00372,2026-04-29,5.07,6.21,0.15,2.58,2.63,33,1
SB003714,STU00372,2026-02-11,3.97,8.25,1.84,4.95,1.72,21,7
SB003715,STU00372,2026-03-26,5.87,5.69,4.05,4.47,1.59,19,10
SB003716,STU00372,2026-04-05,6.12,5.21,3.3,0.78,0.32,18,9
SB003717,STU00372,2026-03-10,7.68,6.01,1.57,4.38,1.42,35,6
SB003718,STU00372,2026-03-19,6.11,6.35,2.77,3.54,0.46,46,1
SB003719,STU00372,2026-05-17,7.2,7.34,1.51,5.39,3.45,40,1
SB003720,STU00372,2026-01-16,2.52,5.25,2.95,4.25,0.52,7,6
SB003721,STU00373,2026-01-15,2.92,6.15,2.76,2.22,0.51,26,7
SB003722,STU00373,2026-05-11,5.03,5.37,4.01,5.32,4.49,17,7
SB003723,STU00373,2026-03-16,3.22,8.87,4.16,5.02,3.41,9,6
SB003724,STU00373,2026-01-14,1.63,4.56,2.8,3.62,1.64,40,8
SB003725,STU00373,2026-06-24,2.36,4.81,4.37,5.4,1.85,37,2
SB003726,STU00373,2026-01-19,3.01,7.99,0.35,4.05,4.36,21,4
SB003727,STU00373,2026-06-22,2.93,4.64,0.78,4.81,4.57,50,7
SB003728,STU00373,2026-01-31,4.28,5.35,0.23,3.5,3.72,27,4
SB003729,STU00373,2026-02-21,2.14,8.95,2.44,2.99,4.71,45,5
SB003730,STU00373,2026-06-17,2.76,4.55,4.31,3.47,1.74,15,6
SB003731,STU00374,2026-04-21,1.9,5.27,1.79,4.85,3.4,29,5
SB003732,STU00374,2026-03-31,3.32,4.52,2.96,3.98,1.45,34,9
SB003733,STU00374,2026-03-06,4.16,8.57,3.03,5.49,1.04,15,5
SB003734,STU00374,2026-01-06,6.44,7.29,1.22,1.61,2.97,28,4
SB003735,STU00374,2026-01-03,2.55,8.61,1.73,1.69,1.05,49,9
SB003736,STU00374,2026-01-02,2.25,5.91,0.26,1.75,2.4,50,9
SB003737,STU00374,2026-04-18,7.21,8.43,2.23,4.17,3.14,2,3
SB003738,STU00374,2026-05-02,5.94,6.94,1.94,3.05,2.57,11,1
SB003739,STU00374,2026-01-20,2.08,7.26,2.04,2.36,0.88,34,9
SB003740,STU00374,2026-04-25,2.12,6.8,4.52,1.72,4.56,35,4
SB003741,STU00375,2026-04-29,6.27,7.94,0.36,0.55,3.58,43,8
SB003742,STU00375,2026-02-16,5.21,7.43,2.96,3.19,2.36,27,5
SB003743,STU00375,2026-06-29,1.27,4.83,2.04,0.68,2.09,10,7
SB003744,STU00375,2026-02-15,4.3,4.91,1.65,4.66,4.94,20,6
SB003745,STU00375,2026-06-23,2.02,5.54,3.54,1.52,4.17,14,7
SB003746,STU00375,2026-01-08,3.64,5.23,0.61,1.08,4.44,21,5
SB003747,STU00375,2026-04-27,2.75,6.08,1.13,2.76,4.66,9,10
SB003748,STU00375,2026-06-21,0.77,4.51,4.02,1.11,1.13,18,1
SB003749,STU00375,2026-01-29,0.75,4.5,4.13,3.93,4.45,15,7
SB003750,STU00375,2026-04-24,5.19,4.97,4.43,5.47,2.78,45,5
SB003751,STU00376,2026-06-19,2.32,5.39,4.21,3.94,2.91,50,3
SB003752,STU00376,2026-04-08,3.12,8.29,2.23,1.27,3.02,13,6
SB003753,STU00376,2026-04-04,6.25,4.56,4.51,1.13,4.4,15,6
SB003754,STU00376,2026-02-05,2.87,8.76,1.07,1.16,3.87,7,2
SB003755,STU00376,2026-02-25,5.8,8.75,4.16,4.13,0.08,39,6
SB003756,STU00376,2026-06-25,2.9,4.99,0.78,2.9,1.95,14,6
SB003757,STU00376,2026-03-08,6.05,5.83,1.21,1.43,0.05,27,5
SB003758,STU00376,2026-05-06,7.73,7.19,4.94,5.55,0.45,48,4
SB003759,STU00376,2026-06-27,2.96,5.3,4.27,5.7,3.11,44,2
SB003760,STU00376,2026-02-23,5.67,4.59,4.63,5.51,3.51,7,1
SB003761,STU00377,2026-02-17,4.75,7.46,4.45,1.33,3.13,10,6
SB003762,STU00377,2026-01-22,2.47,8.9,0.56,0.76,4.36,31,8
SB003763,STU00377,2026-04-29,5.69,5.31,4.68,2.22,0.16,50,6
SB003764,STU00377,2026-05-12,5.41,5.61,4.96,5.9,2.65,6,6
SB003765,STU00377,2026-06-12,1.07,5.49,2.0,1.37,1.35,49,3
SB003766,STU00377,2026-01-11,1.66,7.7,1.45,5.94,4.8,22,8
SB003767,STU00377,2026-06-16,7.04,8.91,1.67,2.67,2.1,11,2
SB003768,STU00377,2026-05-14,4.38,8.46,1.98,4.75,1.88,32,5
SB003769,STU00377,2026-02-02,5.94,7.37,2.7,4.36,3.53,42,5
SB003770,STU00377,2026-06-11,4.95,8.61,2.97,2.98,3.29,50,10
SB003771,STU00378,2026-06-04,2.6,5.59,3.96,5.53,3.56,35,10
SB003772,STU00378,2026-05-18,4.08,8.24,0.36,3.1,1.34,31,8
SB003773,STU00378,2026-01-01,7.15,6.17,2.96,2.33,2.29,5,5
SB003774,STU00378,2026-03-03,1.63,4.72,0.24,2.23,4.85,11,2
SB003775,STU00378,2026-01-03,4.31,8.56,4.42,4.79,2.91,12,8
SB003776,STU00378,2026-03-16,0.54,5.68,3.22,4.67,1.83,34,8
SB003777,STU00378,2026-04-18,1.37,5.46,4.5,3.37,2.82,15,6
SB003778,STU00378,2026-01-21,0.83,4.69,4.83,4.93,4.08,19,10
SB003779,STU00378,2026-05-10,6.94,6.78,1.52,2.72,0.01,28,5
SB003780,STU00378,2026-03-01,6.91,4.52,2.93,0.56,2.44,8,5
SB003781,STU00379,2026-03-16,3.48,6.01,3.79,5.25,4.55,12,8
SB003782,STU00379,2026-01-20,0.94,7.19,4.04,2.13,2.05,39,8
SB003783,STU00379,2026-05-18,7.91,5.53,0.9,4.27,3.21,45,4
SB003784,STU00379,2026-06-25,2.1,8.74,0.96,3.16,3.84,33,3
SB003785,STU00379,2026-01-23,5.83,5.42,0.75,0.88,1.88,19,3
SB003786,STU00379,2026-05-15,4.2,6.46,4.19,5.96,1.99,34,9
SB003787,STU00379,2026-05-17,2.94,5.9,0.7,2.79,4.28,43,5
SB003788,STU00379,2026-01-30,4.68,8.91,0.23,1.93,0.85,45,1
SB003789,STU00379,2026-02-16,3.0,8.0,4.67,4.63,3.37,29,5
SB003790,STU00379,2026-03-25,3.05,4.78,1.67,4.64,4.97,47,4
SB003791,STU00380,2026-05-03,2.94,7.79,2.73,2.26,2.3,40,2
SB003792,STU00380,2026-01-31,4.99,4.67,1.9,3.84,2.03,7,6
SB003793,STU00380,2026-03-16,2.64,7.9,2.86,1.85,3.46,36,10
SB003794,STU00380,2026-06-23,1.32,8.4,2.62,2.82,3.69,16,1
SB003795,STU00380,2026-04-10,0.75,7.76,4.31,4.56,4.46,41,2
SB003796,STU00380,2026-03-16,6.92,7.82,3.98,5.06,3.24,50,4
SB003797,STU00380,2026-04-09,2.32,7.59,5.0,1.68,2.31,23,5
SB003798,STU00380,2026-05-17,2.41,6.34,1.85,0.75,4.0,0,4
SB003799,STU00380,2026-03-12,7.47,6.07,3.39,0.83,0.91,14,1
SB003800,STU00380,2026-03-31,6.71,5.83,0.57,0.63,4.94,29,7
SB003801,STU00381,2026-01-22,3.41,6.2,1.07,2.23,0.79,18,1
SB003802,STU00381,2026-04-24,3.22,7.06,1.64,2.74,4.82,3,7
SB003803,STU00381,2026-04-11,1.31,7.88,2.8,5.74,4.32,49,10
SB003804,STU00381,2026-03-04,6.57,7.49,2.02,1.88,3.04,15,1
SB003805,STU00381,2026-02-07,6.87,4.7,1.72,1.67,4.63,17,8
SB003806,STU00381,2026-01-13,5.78,7.97,0.85,2.68,0.33,29,6
SB003807,STU00381,2026-06-05,2.84,8.95,0.01,1.09,0.15,5,8
SB003808,STU00381,2026-04-15,1.87,5.72,2.71,5.36,1.36,8,10
SB003809,STU00381,2026-01-29,3.8,6.49,3.65,1.8,3.19,47,7
SB003810,STU00381,2026-03-13,1.47,7.41,3.02,4.83,2.35,42,6
SB003811,STU00382,2026-02-23,3.18,5.58,2.36,5.46,1.72,29,5
SB003812,STU00382,2026-06-06,2.98,8.48,0.38,1.63,4.09,8,10
SB003813,STU00382,2026-02-19,4.17,5.61,3.25,2.56,4.51,36,6
SB003814,STU00382,2026-06-02,1.97,4.58,2.6,4.31,0.99,46,4
SB003815,STU00382,2026-04-05,2.64,7.01,4.14,1.82,3.76,35,4
SB003816,STU00382,2026-02-23,6.31,7.44,3.27,3.46,2.69,43,2
SB003817,STU00382,2026-05-31,6.24,8.15,0.88,5.05,2.3,46,1
SB003818,STU00382,2026-02-20,5.4,8.81,4.11,5.05,3.53,15,9
SB003819,STU00382,2026-02-21,1.34,6.21,4.27,5.35,0.84,15,2
SB003820,STU00382,2026-05-10,6.39,7.87,3.54,1.38,0.67,0,4
SB003821,STU00383,2026-05-29,3.88,4.72,3.4,1.4,3.81,13,1
SB003822,STU00383,2026-02-15,4.83,8.93,2.05,5.8,0.19,19,1
SB003823,STU00383,2026-06-23,3.08,5.39,1.74,4.79,1.74,36,9
SB003824,STU00383,2026-02-24,4.92,8.87,1.4,5.27,2.12,12,7
SB003825,STU00383,2026-04-20,4.1,5.34,0.49,1.76,1.36,42,9
SB003826,STU00383,2026-02-19,1.47,6.2,1.08,5.87,4.93,32,4
SB003827,STU00383,2026-01-12,5.3,8.77,1.04,2.63,2.41,41,5
SB003828,STU00383,2026-03-08,3.43,5.94,0.26,3.87,0.78,8,5
SB003829,STU00383,2026-02-07,5.35,7.03,3.34,3.14,0.02,14,4
SB003830,STU00383,2026-06-09,1.11,7.81,0.05,4.29,3.52,26,2
SB003831,STU00384,2026-06-11,1.25,7.43,4.07,2.26,1.25,20,8
SB003832,STU00384,2026-01-16,5.87,7.81,2.41,2.23,4.32,44,8
SB003833,STU00384,2026-04-22,6.21,5.66,3.79,1.25,0.81,13,2
SB003834,STU00384,2026-04-30,1.71,5.46,4.5,5.12,0.35,48,7
SB003835,STU00384,2026-06-03,4.78,4.71,0.85,3.93,3.63,6,1
SB003836,STU00384,2026-02-19,5.01,8.49,1.18,5.71,3.87,40,7
SB003837,STU00384,2026-04-05,3.21,8.53,1.22,5.36,3.97,44,3
SB003838,STU00384,2026-04-27,7.94,8.7,2.24,2.68,3.33,39,5
SB003839,STU00384,2026-03-29,4.56,6.59,2.69,1.07,1.23,48,8
SB003840,STU00384,2026-04-12,6.88,7.74,2.13,5.69,1.01,23,6
SB003841,STU00385,2026-05-09,7.64,8.55,0.21,5.21,1.59,36,7
SB003842,STU00385,2026-01-21,2.13,7.2,2.39,5.49,0.5,16,8
SB003843,STU00385,2026-02-22,4.11,6.84,2.51,4.27,3.86,6,1
SB003844,STU00385,2026-06-16,6.21,7.0,0.48,4.59,2.24,32,2
SB003845,STU00385,2026-02-27,2.38,8.22,4.38,3.79,0.11,33,4
SB003846,STU00385,2026-02-04,3.34,8.03,1.56,5.19,0.98,5,2
SB003847,STU00385,2026-03-26,7.22,6.78,3.39,1.12,4.01,2,7
SB003848,STU00385,2026-03-06,5.79,5.96,1.76,1.21,1.61,27,6
SB003849,STU00385,2026-05-29,4.46,8.12,4.74,5.26,2.49,37,6
SB003850,STU00385,2026-03-09,4.64,8.44,3.74,3.39,4.12,42,6
SB003851,STU00386,2026-05-16,3.43,6.85,0.11,0.91,3.88,41,10
SB003852,STU00386,2026-01-13,1.29,6.76,0.49,3.28,0.66,20,7
SB003853,STU00386,2026-04-09,5.68,7.83,0.02,4.84,4.92,46,3
SB003854,STU00386,2026-04-21,4.2,4.92,4.95,2.58,3.17,43,4
SB003855,STU00386,2026-03-11,6.99,7.56,0.5,1.2,0.69,25,10
SB003856,STU00386,2026-01-06,7.33,6.21,1.49,3.87,2.11,6,2
SB003857,STU00386,2026-01-31,6.84,5.85,0.79,3.69,3.93,5,4
SB003858,STU00386,2026-04-21,6.93,6.25,0.45,5.61,3.33,13,3
SB003859,STU00386,2026-03-01,6.11,5.78,4.67,2.96,0.89,16,1
SB003860,STU00386,2026-05-19,6.64,5.75,1.04,2.52,1.74,33,4
SB003861,STU00387,2026-05-06,1.22,6.13,1.91,3.74,4.19,3,9
SB003862,STU00387,2026-01-02,4.2,4.85,0.78,0.66,1.54,32,3
SB003863,STU00387,2026-02-24,2.95,6.35,2.13,4.47,2.2,1,1
SB003864,STU00387,2026-02-15,2.3,6.75,4.3,1.08,2.72,10,6
SB003865,STU00387,2026-01-17,7.65,8.82,1.76,3.51,0.91,15,8
SB003866,STU00387,2026-01-13,6.69,6.58,2.02,5.69,4.16,42,9
SB003867,STU00387,2026-01-02,1.13,7.9,2.68,4.33,1.51,42,5
SB003868,STU00387,2026-05-31,1.14,7.71,2.95,1.48,2.05,24,5
SB003869,STU00387,2026-06-23,1.17,4.53,4.3,1.28,2.45,14,3
SB003870,STU00387,2026-05-27,2.04,8.04,2.4,2.95,0.6,34,7
SB003871,STU00388,2026-05-29,2.15,8.63,4.79,2.3,2.71,11,2
SB003872,STU00388,2026-04-28,4.27,7.89,0.47,5.33,4.03,37,6
SB003873,STU00388,2026-06-07,2.8,5.65,2.06,4.57,2.21,41,9
SB003874,STU00388,2026-06-24,7.11,5.32,1.71,1.7,4.57,45,3
SB003875,STU00388,2026-04-25,1.85,6.22,4.04,4.09,0.39,41,5
SB003876,STU00388,2026-02-05,7.41,7.72,1.04,0.54,0.02,41,5
SB003877,STU00388,2026-06-29,5.2,8.78,2.65,0.78,1.09,2,3
SB003878,STU00388,2026-04-30,1.21,6.1,0.57,4.62,3.42,44,10
SB003879,STU00388,2026-02-28,5.94,5.31,1.15,2.57,0.6,48,8
SB003880,STU00388,2026-04-16,1.81,6.98,1.91,4.58,1.04,38,8
SB003881,STU00389,2026-04-30,2.9,7.49,2.76,5.16,3.93,21,9
SB003882,STU00389,2026-03-15,1.85,6.97,0.74,0.81,2.82,27,8
SB003883,STU00389,2026-03-24,6.43,7.65,0.3,2.96,1.23,1,3
SB003884,STU00389,2026-05-16,3.46,6.39,3.14,3.84,4.7,24,10
SB003885,STU00389,2026-06-25,1.34,8.89,0.66,5.17,3.05,15,5
SB003886,STU00389,2026-03-29,5.49,6.99,0.62,4.77,3.37,10,3
SB003887,STU00389,2026-06-06,1.27,5.63,3.43,1.86,1.62,42,8
SB003888,STU00389,2026-01-09,1.9,7.34,0.79,2.86,2.37,7,5
SB003889,STU00389,2026-03-11,4.32,6.35,2.03,3.42,4.16,37,4
SB003890,STU00389,2026-04-26,7.04,8.05,4.52,2.9,5.0,33,10
SB003891,STU00390,2026-02-23,6.77,8.46,4.8,1.18,4.32,28,2
SB003892,STU00390,2026-01-06,4.77,5.63,1.36,3.24,0.21,49,7
SB003893,STU00390,2026-03-16,7.08,8.53,1.55,1.97,3.65,45,3
SB003894,STU00390,2026-03-09,7.24,8.29,3.0,3.91,0.03,32,2
SB003895,STU00390,2026-03-18,7.51,5.12,1.97,1.38,3.76,12,7
SB003896,STU00390,2026-06-26,4.97,8.2,2.0,2.19,1.58,6,8
SB003897,STU00390,2026-06-01,3.97,7.03,1.76,5.31,2.75,50,7
SB003898,STU00390,2026-04-05,1.78,5.54,3.64,1.06,0.31,48,8
SB003899,STU00390,2026-05-05,1.71,5.85,2.04,3.77,4.04,50,10
SB003900,STU00390,2026-06-21,5.05,8.92,1.64,2.49,3.02,9,4
SB003901,STU00391,2026-04-13,1.42,7.08,4.8,2.05,4.49,47,9
SB003902,STU00391,2026-06-12,3.15,7.66,0.4,2.69,3.13,49,9
SB003903,STU00391,2026-01-24,1.06,6.56,4.4,2.64,1.62,31,10
SB003904,STU00391,2026-06-09,6.46,5.86,3.01,5.23,4.47,46,6
SB003905,STU00391,2026-03-08,3.07,5.68,1.61,4.77,2.73,38,3
SB003906,STU00391,2026-03-26,0.54,8.37,4.31,1.98,4.2,10,6
SB003907,STU00391,2026-06-18,2.44,7.13,1.61,1.74,2.87,49,10
SB003908,STU00391,2026-01-23,4.99,8.27,2.41,3.86,1.91,34,4
SB003909,STU00391,2026-06-19,3.5,5.87,0.79,2.05,2.83,41,9
SB003910,STU00391,2026-04-05,4.67,5.62,0.97,5.89,2.44,15,2
SB003911,STU00392,2026-03-23,1.59,6.81,2.72,0.63,1.09,17,2
SB003912,STU00392,2026-03-02,1.6,6.72,3.71,1.72,4.4,37,2
SB003913,STU00392,2026-01-22,3.04,8.31,1.33,1.85,2.62,22,9
SB003914,STU00392,2026-02-19,3.15,4.68,2.89,1.3,1.37,4,6
SB003915,STU00392,2026-05-13,3.67,5.05,3.61,4.49,3.92,33,3
SB003916,STU00392,2026-05-05,2.62,5.63,0.12,1.69,3.11,8,6
SB003917,STU00392,2026-03-18,4.29,6.83,4.07,4.67,4.35,11,4
SB003918,STU00392,2026-01-03,4.2,6.85,4.71,3.05,2.12,24,3
SB003919,STU00392,2026-01-06,1.0,4.83,0.19,2.18,4.89,13,9
SB003920,STU00392,2026-04-04,3.62,7.71,2.2,2.63,2.32,23,10
SB003921,STU00393,2026-05-23,6.88,7.77,3.24,3.63,1.99,26,5
SB003922,STU00393,2026-06-11,4.1,7.58,0.92,4.54,2.64,28,2
SB003923,STU00393,2026-04-21,0.6,5.6,3.3,5.55,2.34,9,2
SB003924,STU00393,2026-06-13,5.31,7.33,1.05,0.77,0.26,16,8
SB003925,STU00393,2026-06-15,0.7,7.86,1.12,3.2,4.48,41,7
SB003926,STU00393,2026-04-29,1.34,6.56,2.26,5.7,4.37,16,10
SB003927,STU00393,2026-05-15,4.61,8.74,4.21,1.22,1.59,7,10
SB003928,STU00393,2026-01-03,1.69,7.8,0.24,5.34,0.85,46,2
SB003929,STU00393,2026-04-15,6.81,8.37,3.71,3.08,2.69,16,4
SB003930,STU00393,2026-03-01,1.71,7.09,2.54,0.5,0.0,36,5
SB003931,STU00394,2026-04-13,2.23,5.05,2.34,5.95,4.79,18,3
SB003932,STU00394,2026-01-09,5.52,7.65,2.62,1.6,1.79,9,2
SB003933,STU00394,2026-05-17,7.05,7.3,3.79,3.35,2.57,34,4
SB003934,STU00394,2026-05-11,7.21,7.66,2.05,2.59,1.96,9,3
SB003935,STU00394,2026-02-20,3.98,6.59,2.97,3.45,4.71,6,9
SB003936,STU00394,2026-05-27,1.52,8.54,0.16,3.55,2.66,1,3
SB003937,STU00394,2026-06-18,0.65,7.04,2.13,4.13,2.13,44,1
SB003938,STU00394,2026-02-04,2.04,5.52,0.76,1.07,0.66,32,8
SB003939,STU00394,2026-05-23,5.75,5.97,2.68,3.03,4.54,37,1
SB003940,STU00394,2026-01-11,2.24,5.99,2.66,1.37,0.97,1,7
SB003941,STU00395,2026-03-23,3.82,5.23,0.35,5.75,0.25,23,3
SB003942,STU00395,2026-04-06,3.23,7.29,4.62,3.93,4.46,14,6
SB003943,STU00395,2026-02-14,2.52,4.84,2.2,3.66,1.91,26,1
SB003944,STU00395,2026-06-24,6.91,5.77,0.79,2.05,0.04,21,3
SB003945,STU00395,2026-02-01,3.27,8.09,4.94,4.62,2.14,36,6
SB003946,STU00395,2026-06-21,0.53,5.97,4.82,4.6,4.05,18,10
SB003947,STU00395,2026-01-21,0.97,8.44,0.76,3.15,2.0,35,6
SB003948,STU00395,2026-06-04,2.46,5.26,4.43,4.7,0.79,18,9
SB003949,STU00395,2026-05-23,5.91,4.55,0.24,3.25,3.16,20,4
SB003950,STU00395,2026-03-15,4.81,4.66,2.53,5.63,1.85,8,3
SB003951,STU00396,2026-05-16,6.85,8.31,1.72,3.78,4.38,25,9
SB003952,STU00396,2026-04-06,3.02,4.7,1.58,1.81,3.14,9,6
SB003953,STU00396,2026-05-24,0.55,8.75,2.76,5.25,3.14,0,9
SB003954,STU00396,2026-04-27,2.84,5.43,2.62,4.59,4.4,28,7
SB003955,STU00396,2026-01-09,4.57,5.09,4.7,4.77,2.3,17,8
SB003956,STU00396,2026-03-09,5.05,4.62,4.2,3.35,4.39,5,6
SB003957,STU00396,2026-05-21,2.03,7.53,0.7,2.68,4.91,33,5
SB003958,STU00396,2026-03-05,7.16,6.48,0.68,4.14,2.75,18,1
SB003959,STU00396,2026-04-20,2.0,4.81,0.76,5.07,4.33,42,8
SB003960,STU00396,2026-03-30,5.89,4.66,2.14,2.37,2.6,7,9
SB003961,STU00397,2026-04-03,3.8,8.71,2.75,3.07,2.92,16,5
SB003962,STU00397,2026-01-01,2.71,6.63,0.88,3.68,1.99,44,9
SB003963,STU00397,2026-05-25,3.6,6.02,1.92,5.18,1.29,12,9
SB003964,STU00397,2026-05-16,1.98,5.46,1.59,1.92,1.85,18,1
SB003965,STU00397,2026-03-18,2.26,6.88,4.64,5.8,0.85,34,5
SB003966,STU00397,2026-02-13,1.18,6.52,3.7,1.12,4.43,23,9
SB003967,STU00397,2026-06-19,3.64,5.78,2.14,4.54,1.56,29,7
SB003968,STU00397,2026-06-18,5.03,5.98,3.47,2.46,2.76,3,7
SB003969,STU00397,2026-01-16,7.29,6.61,4.53,5.87,1.61,46,10
SB003970,STU00397,2026-06-26,6.66,5.03,0.28,1.75,0.37,25,3
SB003971,STU00398,2026-03-29,1.29,6.65,1.92,4.44,1.56,39,5
SB003972,STU00398,2026-06-06,3.22,6.35,0.81,2.83,2.16,29,6
SB003973,STU00398,2026-01-04,6.63,6.84,4.18,1.84,4.17,19,9
SB003974,STU00398,2026-01-06,5.03,5.2,0.27,5.66,0.54,15,9
SB003975,STU00398,2026-02-24,3.82,5.4,4.54,5.84,2.45,2,10
SB003976,STU00398,2026-05-05,0.51,6.37,1.94,5.32,3.05,45,8
SB003977,STU00398,2026-03-21,6.82,6.38,1.37,1.56,4.25,48,6
SB003978,STU00398,2026-01-14,1.49,6.12,1.81,4.72,0.5,31,5
SB003979,STU00398,2026-01-24,3.65,4.67,4.45,3.84,1.92,48,6
SB003980,STU00398,2026-02-12,2.29,7.13,2.37,3.83,1.36,30,1
SB003981,STU00399,2026-04-04,5.54,8.2,2.38,3.15,2.9,40,4
SB003982,STU00399,2026-06-18,7.6,5.12,1.61,4.02,0.83,43,9
SB003983,STU00399,2026-04-01,6.91,7.15,1.91,1.23,1.08,41,4
SB003984,STU00399,2026-01-15,3.79,5.83,3.8,1.07,2.33,40,5
SB003985,STU00399,2026-03-07,7.46,8.68,3.16,2.43,0.43,25,3
SB003986,STU00399,2026-01-25,4.44,8.08,4.4,4.8,0.61,43,9
SB003987,STU00399,2026-04-09,3.6,5.92,3.14,5.41,0.41,48,6
SB003988,STU00399,2026-06-12,2.5,7.98,1.42,2.79,4.74,47,1
SB003989,STU00399,2026-02-15,2.27,7.41,1.28,1.44,3.2,41,8
SB003990,STU00399,2026-01-20,1.78,7.49,4.07,4.37,4.45,44,8
SB003991,STU00400,2026-03-16,1.71,4.92,3.32,5.79,4.89,27,4
SB003992,STU00400,2026-03-27,2.67,7.75,0.41,2.17,4.29,34,10
SB003993,STU00400,2026-04-12,3.97,7.87,4.38,3.01,2.31,48,2
SB003994,STU00400,2026-05-19,1.35,8.35,1.05,1.53,2.62,42,6
SB003995,STU00400,2026-06-21,2.2,4.95,4.67,4.69,2.19,5,7
SB003996,STU00400,2026-03-12,1.35,8.25,3.51,4.79,1.78,3,9
SB003997,STU00400,2026-03-02,6.72,7.61,3.94,2.9,2.02,10,7
SB003998,STU00400,2026-03-09,3.41,8.74,0.56,1.36,0.51,10,4
SB003999,STU00400,2026-06-03,5.36,4.54,2.01,0.65,2.83,23,9
SB004000,STU00400,2026-01-25,2.82,8.2,0.01,4.37,2.22,43,2
SB004001,STU00401,2026-04-21,7.72,4.74,4.84,3.25,0.19,12,1
SB004002,STU00401,2026-02-06,4.31,7.57,4.46,4.1,3.91,50,8
SB004003,STU00401,2026-05-19,0.68,6.21,0.22,4.67,1.32,41,3
SB004004,STU00401,2026-04-22,6.63,7.68,0.39,4.26,4.49,45,8
SB004005,STU00401,2026-03-09,6.59,7.25,1.93,0.91,4.21,29,5
SB004006,STU00401,2026-02-13,6.28,5.72,1.06,4.96,0.5,24,3
SB004007,STU00401,2026-01-15,6.55,5.13,4.34,5.26,3.23,24,1
SB004008,STU00401,2026-06-05,2.21,6.15,0.54,4.43,1.19,25,3
SB004009,STU00401,2026-03-29,2.92,4.7,0.01,4.17,2.47,22,3
SB004010,STU00401,2026-04-18,7.29,5.85,1.11,0.84,4.85,34,4
SB004011,STU00402,2026-04-26,6.12,8.68,4.94,0.93,0.66,5,7
SB004012,STU00402,2026-03-04,1.17,8.83,4.82,2.49,3.04,4,1
SB004013,STU00402,2026-03-10,5.94,8.05,1.24,0.73,3.4,42,9
SB004014,STU00402,2026-04-11,2.4,6.48,3.28,3.17,4.0,19,5
SB004015,STU00402,2026-01-09,5.37,8.89,0.87,1.74,1.78,29,6
SB004016,STU00402,2026-01-01,2.92,8.69,4.59,4.85,2.95,4,7
SB004017,STU00402,2026-01-07,5.89,8.89,4.97,1.39,3.69,29,6
SB004018,STU00402,2026-04-13,7.6,8.6,1.85,4.16,2.91,23,10
SB004019,STU00402,2026-06-21,7.37,5.62,1.71,5.9,4.7,24,5
SB004020,STU00402,2026-03-13,7.07,6.33,2.52,3.33,1.01,25,1
SB004021,STU00403,2026-05-06,7.31,8.17,3.77,3.95,1.88,32,6
SB004022,STU00403,2026-03-16,5.36,5.47,0.36,2.55,0.2,6,9
SB004023,STU00403,2026-06-11,1.07,8.87,1.18,1.85,4.19,10,7
SB004024,STU00403,2026-04-25,1.16,4.75,2.82,4.94,1.05,31,6
SB004025,STU00403,2026-03-18,6.3,8.67,4.36,4.92,1.96,19,6
SB004026,STU00403,2026-02-17,3.69,8.29,0.15,5.06,3.68,16,10
SB004027,STU00403,2026-06-21,6.34,8.96,0.06,3.53,0.78,9,10
SB004028,STU00403,2026-05-18,2.75,4.54,0.09,5.17,1.28,49,9
SB004029,STU00403,2026-02-01,5.31,8.33,3.42,1.07,1.49,27,9
SB004030,STU00403,2026-01-06,6.75,6.66,4.67,4.64,0.18,32,1
SB004031,STU00404,2026-03-20,2.86,4.6,4.38,2.99,2.18,20,6
SB004032,STU00404,2026-06-02,2.36,7.16,2.38,1.62,2.2,46,10
SB004033,STU00404,2026-01-21,6.91,5.79,1.73,4.98,1.66,1,2
SB004034,STU00404,2026-03-04,5.64,7.29,0.38,1.56,0.77,2,2
SB004035,STU00404,2026-04-11,5.36,6.89,4.02,3.31,2.2,45,9
SB004036,STU00404,2026-04-24,6.57,8.75,4.91,5.97,1.4,32,7
SB004037,STU00404,2026-05-23,4.54,5.15,3.22,4.54,2.09,43,8
SB004038,STU00404,2026-06-29,5.92,5.01,3.77,3.98,4.19,40,9
SB004039,STU00404,2026-02-04,3.13,7.15,1.6,3.71,2.24,21,3
SB004040,STU00404,2026-04-03,7.02,7.81,4.17,3.76,2.47,12,2
SB004041,STU00405,2026-06-10,3.27,4.8,1.38,2.57,1.19,1,4
SB004042,STU00405,2026-01-24,5.24,7.79,4.5,5.75,1.02,11,1
SB004043,STU00405,2026-01-12,6.09,6.91,2.82,5.41,0.39,19,4
SB004044,STU00405,2026-01-20,5.58,7.83,3.97,1.49,0.36,50,6
SB004045,STU00405,2026-04-30,6.13,7.55,0.9,5.13,2.16,24,7
SB004046,STU00405,2026-03-10,3.68,8.5,3.87,0.76,2.49,29,5
SB004047,STU00405,2026-06-13,7.19,8.22,2.12,3.63,3.68,37,6
SB004048,STU00405,2026-06-26,5.88,5.72,0.98,4.45,2.29,15,3
SB004049,STU00405,2026-04-17,4.33,7.83,1.67,3.62,4.24,39,5
SB004050,STU00405,2026-02-22,4.07,4.82,0.68,4.79,3.34,46,3
SB004051,STU00406,2026-04-21,4.91,4.97,2.81,5.3,3.22,49,10
SB004052,STU00406,2026-03-31,4.09,8.61,4.56,2.39,0.29,35,2
SB004053,STU00406,2026-03-06,5.69,6.47,3.17,4.77,4.62,42,6
SB004054,STU00406,2026-02-10,3.22,8.67,0.07,1.01,0.4,47,5
SB004055,STU00406,2026-03-09,6.49,6.16,4.87,1.52,4.34,22,3
SB004056,STU00406,2026-01-20,1.02,6.98,1.34,5.4,4.54,41,5
SB004057,STU00406,2026-01-04,6.25,7.55,1.76,3.83,3.84,28,5
SB004058,STU00406,2026-03-12,3.35,6.23,4.25,2.5,2.48,44,10
SB004059,STU00406,2026-06-15,2.25,6.26,2.33,1.03,0.87,48,4
SB004060,STU00406,2026-01-31,3.06,5.69,2.05,1.56,4.13,37,1
SB004061,STU00407,2026-05-18,1.89,7.11,2.91,0.78,0.98,10,9
SB004062,STU00407,2026-06-11,6.66,6.23,4.32,3.44,2.19,29,9
SB004063,STU00407,2026-03-14,3.27,6.95,2.82,2.4,3.62,48,2
SB004064,STU00407,2026-05-16,6.39,6.69,1.81,3.37,2.66,48,1
SB004065,STU00407,2026-06-12,3.65,6.02,1.38,5.47,2.21,34,9
SB004066,STU00407,2026-03-26,5.32,5.04,3.7,5.65,4.31,19,6
SB004067,STU00407,2026-06-21,3.61,4.89,2.51,2.34,2.27,28,6
SB004068,STU00407,2026-03-25,1.41,5.2,3.85,0.92,0.37,38,10
SB004069,STU00407,2026-03-23,5.15,6.56,0.76,3.68,3.39,11,10
SB004070,STU00407,2026-06-11,7.95,5.44,2.62,3.34,1.58,23,1
SB004071,STU00408,2026-02-10,4.26,7.72,2.81,2.7,2.74,25,8
SB004072,STU00408,2026-02-18,5.11,4.64,2.44,1.62,3.35,5,7
SB004073,STU00408,2026-05-15,0.62,7.78,0.11,3.4,3.29,40,10
SB004074,STU00408,2026-05-03,1.49,5.04,2.47,1.14,4.95,3,4
SB004075,STU00408,2026-05-31,5.24,7.26,4.04,3.4,0.36,18,10
SB004076,STU00408,2026-04-13,1.35,8.7,2.51,3.81,0.38,19,8
SB004077,STU00408,2026-04-30,2.34,5.18,4.38,5.53,2.15,8,3
SB004078,STU00408,2026-04-28,1.52,8.4,3.32,4.22,1.34,41,1
SB004079,STU00408,2026-01-22,4.37,6.98,0.16,4.06,2.35,24,5
SB004080,STU00408,2026-02-11,1.8,6.66,0.03,1.38,3.72,13,1
SB004081,STU00409,2026-01-09,6.9,4.67,3.37,5.69,2.64,9,6
SB004082,STU00409,2026-06-11,1.42,5.68,1.87,5.07,2.96,45,10
SB004083,STU00409,2026-01-17,5.0,7.15,0.14,3.61,3.43,27,10
SB004084,STU00409,2026-04-13,4.66,5.78,2.41,4.64,4.07,28,6
SB004085,STU00409,2026-02-20,6.67,6.18,1.08,3.99,4.63,43,2
SB004086,STU00409,2026-02-16,1.0,8.06,1.78,3.59,1.55,3,6
SB004087,STU00409,2026-01-08,2.1,7.28,2.82,2.13,4.84,49,6
SB004088,STU00409,2026-04-20,7.38,8.84,3.01,4.84,2.92,11,9
SB004089,STU00409,2026-04-10,2.94,8.49,1.0,5.34,2.49,41,5
SB004090,STU00409,2026-06-28,2.11,4.58,4.33,3.6,3.69,48,9
SB004091,STU00410,2026-03-04,7.73,5.68,4.18,3.98,1.61,33,8
SB004092,STU00410,2026-01-08,4.4,6.73,2.83,2.29,3.63,30,10
SB004093,STU00410,2026-03-09,3.2,8.49,4.81,4.33,2.65,23,10
SB004094,STU00410,2026-04-15,1.26,6.63,4.28,4.61,0.21,46,7
SB004095,STU00410,2026-01-22,5.11,6.52,1.81,3.9,0.72,50,9
SB004096,STU00410,2026-02-09,1.38,7.82,0.59,2.57,0.45,3,4
SB004097,STU00410,2026-03-19,2.01,8.19,0.53,4.84,3.96,21,3
SB004098,STU00410,2026-02-17,2.18,8.63,0.93,3.3,0.87,4,10
SB004099,STU00410,2026-04-13,1.53,7.24,2.21,2.53,4.86,3,5
SB004100,STU00410,2026-01-21,3.0,8.87,2.46,1.76,1.33,11,7
SB004101,STU00411,2026-01-29,0.89,6.02,1.96,2.93,0.67,15,7
SB004102,STU00411,2026-04-27,1.92,5.71,0.29,4.25,2.43,16,9
SB004103,STU00411,2026-04-24,5.69,6.19,4.24,0.65,4.06,32,2
SB004104,STU00411,2026-01-29,3.43,8.5,4.65,2.96,2.91,42,2
SB004105,STU00411,2026-03-06,1.9,5.2,0.1,1.16,2.1,46,10
SB004106,STU00411,2026-02-26,0.5,7.69,2.56,4.79,2.25,28,2
SB004107,STU00411,2026-05-01,6.68,5.44,4.11,1.46,3.23,20,5
SB004108,STU00411,2026-05-10,2.48,7.72,1.3,1.48,1.02,2,8
SB004109,STU00411,2026-03-24,2.65,5.29,3.39,0.53,2.4,30,7
SB004110,STU00411,2026-01-06,3.1,6.41,4.52,5.49,3.69,0,4
SB004111,STU00412,2026-01-28,5.36,6.79,4.25,5.55,0.68,3,9
SB004112,STU00412,2026-03-22,5.42,8.05,1.75,4.45,1.91,6,4
SB004113,STU00412,2026-03-12,0.91,5.5,2.75,4.78,1.43,47,1
SB004114,STU00412,2026-06-15,2.13,5.29,4.84,2.65,4.91,2,4
SB004115,STU00412,2026-06-04,7.59,6.13,1.25,1.73,0.31,38,3
SB004116,STU00412,2026-03-16,1.54,6.49,0.86,5.14,3.63,31,10
SB004117,STU00412,2026-06-18,0.56,4.74,0.24,5.75,4.51,4,3
SB004118,STU00412,2026-04-30,7.91,7.31,3.54,1.81,2.18,8,5
SB004119,STU00412,2026-01-20,7.48,5.59,4.2,3.09,1.62,28,7
SB004120,STU00412,2026-01-16,7.79,6.22,4.7,2.65,4.48,12,3
SB004121,STU00413,2026-06-11,7.99,8.5,4.89,2.62,2.13,37,4
SB004122,STU00413,2026-03-19,3.99,5.15,3.12,1.05,0.42,38,2
SB004123,STU00413,2026-06-23,6.69,5.48,2.16,4.31,1.65,30,5
SB004124,STU00413,2026-03-23,4.55,5.71,1.14,2.84,4.0,41,1
SB004125,STU00413,2026-01-27,4.49,5.49,2.66,5.7,4.14,26,3
SB004126,STU00413,2026-05-06,4.11,7.25,4.16,3.58,0.65,38,8
SB004127,STU00413,2026-04-02,5.1,7.24,2.07,1.15,4.75,41,6
SB004128,STU00413,2026-03-18,5.59,7.99,4.23,5.4,1.4,37,4
SB004129,STU00413,2026-03-14,4.22,8.55,4.74,0.71,2.94,3,10
SB004130,STU00413,2026-04-27,1.62,5.72,1.29,4.23,2.31,6,1
SB004131,STU00414,2026-02-23,7.24,7.66,3.73,3.8,3.81,41,9
SB004132,STU00414,2026-04-18,1.51,7.86,0.62,1.26,2.83,33,5
SB004133,STU00414,2026-01-16,3.63,6.78,4.38,3.79,0.64,31,4
SB004134,STU00414,2026-02-19,7.1,7.03,4.63,4.37,0.54,16,4
SB004135,STU00414,2026-03-06,7.3,7.16,3.68,5.17,1.06,25,8
SB004136,STU00414,2026-03-26,1.6,8.37,1.83,1.21,1.85,49,10
SB004137,STU00414,2026-02-07,1.72,4.66,0.2,2.78,1.03,22,10
SB004138,STU00414,2026-02-12,6.29,6.71,4.64,1.44,4.59,10,9
SB004139,STU00414,2026-06-29,3.92,5.07,3.55,4.13,4.51,23,8
SB004140,STU00414,2026-06-05,3.18,6.43,4.64,5.92,4.3,19,7
SB004141,STU00415,2026-03-20,7.87,5.05,0.46,1.28,1.19,48,3
SB004142,STU00415,2026-03-30,2.83,7.11,0.76,4.89,0.68,24,7
SB004143,STU00415,2026-03-06,4.02,6.43,1.52,0.66,1.63,19,7
SB004144,STU00415,2026-02-17,5.7,6.59,3.93,2.89,1.65,4,10
SB004145,STU00415,2026-01-01,6.14,4.54,2.31,2.87,3.56,19,3
SB004146,STU00415,2026-03-01,4.74,4.56,4.12,5.66,0.51,0,1
SB004147,STU00415,2026-05-03,4.9,8.56,2.77,1.07,3.65,48,1
SB004148,STU00415,2026-01-09,3.82,7.97,3.23,3.52,2.37,29,1
SB004149,STU00415,2026-06-29,4.17,6.7,4.91,1.11,5.0,35,10
SB004150,STU00415,2026-06-05,7.58,8.31,4.78,3.22,2.82,11,7
SB004151,STU00416,2026-01-16,2.29,4.53,0.87,2.32,4.88,39,4
SB004152,STU00416,2026-03-19,3.94,4.61,0.26,5.14,0.47,48,3
SB004153,STU00416,2026-03-23,1.41,5.27,4.89,5.53,1.14,32,6
SB004154,STU00416,2026-04-17,1.96,8.26,3.26,3.11,1.48,49,7
SB004155,STU00416,2026-03-02,1.18,6.47,2.97,1.5,4.31,12,10
SB004156,STU00416,2026-03-18,7.25,6.66,1.84,0.76,1.78,38,8
SB004157,STU00416,2026-04-17,1.91,5.23,3.11,4.45,4.72,47,4
SB004158,STU00416,2026-06-08,6.1,5.01,1.48,2.07,3.41,43,3
SB004159,STU00416,2026-01-22,5.98,8.52,3.61,5.43,0.11,0,8
SB004160,STU00416,2026-03-30,3.17,4.68,4.45,2.54,3.13,38,6
SB004161,STU00417,2026-01-22,5.09,6.01,2.65,3.83,2.7,9,5
SB004162,STU00417,2026-02-15,2.46,8.7,1.56,2.65,4.08,25,3
SB004163,STU00417,2026-06-07,6.7,5.65,0.81,2.48,4.67,23,7
SB004164,STU00417,2026-04-25,4.9,7.32,4.5,5.69,1.36,27,8
SB004165,STU00417,2026-04-12,7.71,5.45,3.08,2.73,2.78,4,8
SB004166,STU00417,2026-06-02,3.74,6.87,2.87,5.07,4.76,20,7
SB004167,STU00417,2026-05-04,4.16,6.18,2.95,5.44,2.04,17,5
SB004168,STU00417,2026-01-16,2.44,6.7,2.5,1.8,3.58,9,6
SB004169,STU00417,2026-06-07,3.8,6.3,1.46,2.02,4.54,49,10
SB004170,STU00417,2026-05-05,4.86,7.61,2.53,2.13,3.41,42,9
SB004171,STU00418,2026-02-05,2.45,6.11,1.3,5.73,2.52,14,8
SB004172,STU00418,2026-04-14,3.47,7.4,3.87,4.67,0.82,6,9
SB004173,STU00418,2026-02-04,7.89,6.96,4.42,2.87,2.22,27,3
SB004174,STU00418,2026-03-27,0.8,7.68,2.11,2.4,2.85,44,8
SB004175,STU00418,2026-06-16,1.52,4.95,0.93,3.54,2.66,34,7
SB004176,STU00418,2026-03-13,0.81,6.3,4.9,3.63,2.61,19,1
SB004177,STU00418,2026-01-05,1.49,7.95,4.42,1.38,1.94,35,7
SB004178,STU00418,2026-01-08,1.6,8.0,4.62,1.02,1.54,49,8
SB004179,STU00418,2026-03-26,5.11,8.7,1.71,4.63,2.97,15,6
SB004180,STU00418,2026-06-21,4.03,5.49,2.71,1.94,3.09,36,2
SB004181,STU00419,2026-06-19,4.87,6.93,3.92,2.67,0.99,34,4
SB004182,STU00419,2026-02-10,6.37,5.8,4.58,2.68,3.32,15,3
SB004183,STU00419,2026-05-10,0.58,7.41,4.07,3.12,4.5,20,7
SB004184,STU00419,2026-01-06,3.91,6.59,2.47,4.96,2.69,12,3
SB004185,STU00419,2026-01-08,1.31,4.92,3.94,2.79,1.44,10,5
SB004186,STU00419,2026-03-29,2.44,6.23,1.6,1.18,2.31,24,3
SB004187,STU00419,2026-06-30,5.12,6.39,2.43,3.57,0.62,4,6
SB004188,STU00419,2026-06-05,7.18,8.35,0.45,1.09,3.81,23,10
SB004189,STU00419,2026-05-11,6.8,5.5,1.11,3.6,4.46,10,10
SB004190,STU00419,2026-06-25,3.66,8.24,3.65,4.01,4.11,37,7
SB004191,STU00420,2026-06-24,3.23,7.45,0.85,4.4,1.28,41,6
SB004192,STU00420,2026-05-09,0.65,7.29,3.4,1.43,0.11,46,6
SB004193,STU00420,2026-04-09,4.49,6.61,1.48,0.87,0.64,30,8
SB004194,STU00420,2026-04-12,5.52,6.21,2.51,5.59,0.8,24,2
SB004195,STU00420,2026-05-13,7.58,6.43,2.27,2.84,4.26,35,1
SB004196,STU00420,2026-02-12,3.24,7.4,1.88,1.68,1.13,37,7
SB004197,STU00420,2026-03-06,3.39,6.32,2.51,5.13,4.85,39,8
SB004198,STU00420,2026-04-20,3.79,6.62,0.66,5.26,1.08,39,9
SB004199,STU00420,2026-04-29,7.33,7.84,3.11,3.64,1.22,49,2
SB004200,STU00420,2026-01-21,0.78,5.53,0.39,3.55,0.69,30,3
SB004201,STU00421,2026-01-24,4.27,8.16,1.09,1.31,2.33,23,2
SB004202,STU00421,2026-01-21,3.72,4.77,3.35,3.07,4.82,37,8
SB004203,STU00421,2026-01-21,7.73,7.32,1.27,5.84,4.31,34,10
SB004204,STU00421,2026-03-19,1.48,5.24,3.23,1.54,1.2,19,2
SB004205,STU00421,2026-06-19,7.87,5.53,2.37,5.4,3.64,11,2
SB004206,STU00421,2026-02-12,2.41,6.56,0.42,1.36,4.95,41,5
SB004207,STU00421,2026-06-14,1.25,5.95,4.24,2.06,1.06,26,1
SB004208,STU00421,2026-06-19,2.29,4.94,0.11,1.69,0.76,32,5
SB004209,STU00421,2026-01-16,3.68,8.31,4.67,0.96,3.79,31,4
SB004210,STU00421,2026-01-13,3.86,6.02,1.73,3.1,1.97,46,5
SB004211,STU00422,2026-06-03,1.97,5.61,0.33,4.48,4.75,3,7
SB004212,STU00422,2026-03-12,6.78,5.85,2.29,3.34,3.72,26,7
SB004213,STU00422,2026-03-21,4.45,6.81,0.96,2.79,4.34,39,6
SB004214,STU00422,2026-01-22,5.06,7.15,2.46,5.57,0.88,16,9
SB004215,STU00422,2026-05-18,4.46,5.97,1.17,0.7,2.19,30,6
SB004216,STU00422,2026-06-04,3.33,4.94,2.24,4.51,4.74,35,7
SB004217,STU00422,2026-04-18,0.61,8.63,3.93,3.67,2.95,1,7
SB004218,STU00422,2026-06-29,2.34,4.64,0.85,5.38,3.63,29,4
SB004219,STU00422,2026-02-12,7.21,7.18,1.11,3.19,2.56,2,4
SB004220,STU00422,2026-05-19,7.11,8.41,3.68,5.31,4.04,5,7
SB004221,STU00423,2026-02-27,7.99,5.25,2.14,4.39,2.68,20,8
SB004222,STU00423,2026-06-06,5.76,5.19,0.54,2.87,3.19,20,7
SB004223,STU00423,2026-02-12,3.31,4.82,3.44,3.6,4.88,50,6
SB004224,STU00423,2026-03-06,2.45,5.91,0.76,5.2,2.33,38,9
SB004225,STU00423,2026-04-08,1.93,5.05,4.63,2.25,1.61,5,2
SB004226,STU00423,2026-04-17,4.41,7.29,3.12,1.44,2.8,5,1
SB004227,STU00423,2026-03-01,2.32,4.57,3.75,5.08,1.78,30,2
SB004228,STU00423,2026-04-25,2.37,8.86,1.99,4.56,4.61,25,7
SB004229,STU00423,2026-05-27,4.69,6.54,1.72,0.75,4.99,39,6
SB004230,STU00423,2026-06-09,4.67,8.34,0.28,4.96,3.86,11,7
SB004231,STU00424,2026-04-21,7.74,5.28,2.32,4.22,1.98,33,1
SB004232,STU00424,2026-02-18,7.82,5.75,1.57,1.93,3.23,5,6
SB004233,STU00424,2026-06-23,6.58,8.06,4.18,3.53,0.77,33,6
SB004234,STU00424,2026-02-13,3.65,7.18,2.83,3.11,4.41,37,5
SB004235,STU00424,2026-02-12,3.94,8.19,1.51,1.54,2.85,2,3
SB004236,STU00424,2026-06-28,6.9,8.27,4.39,2.63,2.01,40,2
SB004237,STU00424,2026-03-19,4.34,8.84,0.58,4.92,3.59,14,6
SB004238,STU00424,2026-03-12,4.62,5.36,0.51,5.47,4.17,22,9
SB004239,STU00424,2026-05-29,4.88,4.8,1.56,2.17,3.34,2,6
SB004240,STU00424,2026-05-01,7.71,5.08,4.14,3.08,4.38,25,2
SB004241,STU00425,2026-06-30,7.7,5.49,4.66,5.15,4.16,40,8
SB004242,STU00425,2026-06-08,6.43,5.95,4.36,2.86,0.8,2,8
SB004243,STU00425,2026-01-14,1.37,8.05,3.15,0.84,1.97,5,8
SB004244,STU00425,2026-04-17,6.82,4.95,1.98,1.93,3.02,32,9
SB004245,STU00425,2026-02-18,7.05,6.1,3.09,5.3,4.82,28,4
SB004246,STU00425,2026-06-14,1.97,8.93,4.85,3.68,4.18,44,7
SB004247,STU00425,2026-02-14,1.16,5.65,1.68,0.79,1.58,32,8
SB004248,STU00425,2026-01-11,5.82,5.92,0.02,5.48,2.99,2,10
SB004249,STU00425,2026-05-21,1.61,8.34,1.23,5.2,1.4,48,1
SB004250,STU00425,2026-03-15,3.01,4.53,1.42,5.91,2.97,12,8
SB004251,STU00426,2026-04-30,6.94,7.69,3.15,1.01,2.18,44,6
SB004252,STU00426,2026-01-17,1.6,6.99,1.05,2.1,3.15,10,4
SB004253,STU00426,2026-01-11,3.34,4.55,1.0,5.17,0.71,20,10
SB004254,STU00426,2026-03-23,3.3,5.93,0.07,5.17,2.59,35,8
SB004255,STU00426,2026-06-02,5.63,7.56,1.08,3.51,0.55,42,7
SB004256,STU00426,2026-06-11,2.97,8.12,3.43,5.32,3.07,38,10
SB004257,STU00426,2026-05-25,2.15,7.6,0.36,2.84,1.65,38,9
SB004258,STU00426,2026-04-07,2.74,6.22,2.77,4.51,2.28,19,2
SB004259,STU00426,2026-04-12,3.64,5.94,0.83,2.14,1.83,22,3
SB004260,STU00426,2026-02-21,3.01,6.67,1.4,5.38,1.82,23,2
SB004261,STU00427,2026-06-19,5.61,8.21,3.17,4.87,2.38,38,2
SB004262,STU00427,2026-01-26,5.11,5.44,4.41,5.48,1.82,17,8
SB004263,STU00427,2026-02-12,0.99,5.91,2.02,2.28,0.16,45,2
SB004264,STU00427,2026-03-27,6.36,6.64,2.61,2.14,1.2,43,10
SB004265,STU00427,2026-04-16,4.81,8.48,3.23,0.8,0.45,28,4
SB004266,STU00427,2026-01-02,5.56,7.51,4.95,4.95,2.65,0,7
SB004267,STU00427,2026-05-19,2.06,6.77,0.0,1.7,2.47,0,9
SB004268,STU00427,2026-02-15,4.47,4.94,1.73,4.68,2.65,31,5
SB004269,STU00427,2026-03-28,7.79,7.23,0.64,2.1,1.32,47,7
SB004270,STU00427,2026-04-03,2.4,8.36,1.22,5.85,0.79,8,3
SB004271,STU00428,2026-03-16,3.93,5.51,3.18,5.6,4.89,9,2
SB004272,STU00428,2026-04-12,5.05,5.37,4.26,2.06,4.35,19,10
SB004273,STU00428,2026-04-16,0.92,8.8,1.34,1.28,1.49,43,2
SB004274,STU00428,2026-05-18,6.23,5.8,2.35,0.74,3.39,32,7
SB004275,STU00428,2026-06-02,1.36,8.34,1.99,2.14,3.8,49,9
SB004276,STU00428,2026-04-14,5.79,7.82,4.94,5.55,2.33,48,7
SB004277,STU00428,2026-02-23,3.4,7.74,3.94,3.59,4.0,50,8
SB004278,STU00428,2026-02-08,0.81,6.11,4.05,4.24,1.96,48,7
SB004279,STU00428,2026-06-03,6.99,7.68,4.06,3.77,0.07,17,5
SB004280,STU00428,2026-05-21,1.69,7.88,1.49,5.49,4.47,0,1
SB004281,STU00429,2026-05-11,0.95,6.47,1.39,5.64,2.34,9,10
SB004282,STU00429,2026-05-27,7.65,6.54,0.64,3.86,0.29,39,8
SB004283,STU00429,2026-01-30,3.55,8.75,2.88,3.22,4.01,11,10
SB004284,STU00429,2026-04-22,1.22,6.4,3.7,5.8,0.32,34,8
SB004285,STU00429,2026-06-30,5.02,5.97,0.84,4.21,1.38,15,7
SB004286,STU00429,2026-04-21,3.25,8.87,4.46,2.65,0.43,12,4
SB004287,STU00429,2026-02-12,1.69,4.74,4.81,1.64,2.19,6,7
SB004288,STU00429,2026-05-12,2.26,8.27,3.31,3.5,0.29,19,10
SB004289,STU00429,2026-03-16,5.85,8.27,0.39,4.59,0.26,49,4
SB004290,STU00429,2026-06-24,5.34,5.73,3.07,0.76,0.97,32,7
SB004291,STU00430,2026-06-15,3.1,4.51,2.53,5.34,2.53,35,6
SB004292,STU00430,2026-05-29,4.89,5.49,3.81,1.31,2.46,28,10
SB004293,STU00430,2026-06-07,2.2,5.41,4.5,2.57,4.68,44,7
SB004294,STU00430,2026-03-22,4.12,7.72,2.04,0.66,4.72,38,8
SB004295,STU00430,2026-04-21,3.8,6.21,4.62,4.03,0.52,0,10
SB004296,STU00430,2026-06-04,4.59,7.23,4.79,4.73,1.61,25,3
SB004297,STU00430,2026-04-23,6.07,5.34,1.17,1.36,2.93,45,5
SB004298,STU00430,2026-05-22,4.37,5.81,1.14,0.76,3.13,37,9
SB004299,STU00430,2026-02-11,6.64,6.89,0.63,4.69,3.26,46,3
SB004300,STU00430,2026-06-07,6.6,7.63,1.05,0.87,3.78,47,10
SB004301,STU00431,2026-06-16,7.72,6.84,4.65,1.52,4.77,25,6
SB004302,STU00431,2026-01-22,1.72,6.18,0.56,3.84,4.02,38,5
SB004303,STU00431,2026-02-17,4.48,6.48,4.0,5.1,4.18,48,8
SB004304,STU00431,2026-01-07,7.51,7.92,0.43,5.28,0.62,3,7
SB004305,STU00431,2026-04-23,3.05,8.49,0.61,4.69,1.73,25,10
SB004306,STU00431,2026-04-08,2.91,7.21,3.35,2.63,2.7,16,2
SB004307,STU00431,2026-01-15,2.55,5.89,3.24,1.64,1.17,20,6
SB004308,STU00431,2026-05-12,6.97,8.09,1.26,5.93,0.09,18,3
SB004309,STU00431,2026-03-17,2.68,4.65,1.41,1.52,4.33,2,1
SB004310,STU00431,2026-05-25,4.71,6.5,1.73,2.13,0.44,19,7
SB004311,STU00432,2026-02-15,6.3,6.31,1.87,1.62,4.99,32,8
SB004312,STU00432,2026-06-17,6.32,7.91,2.98,4.38,2.8,44,2
SB004313,STU00432,2026-01-15,1.88,5.16,4.2,5.97,0.21,25,10
SB004314,STU00432,2026-06-29,7.53,8.95,0.53,3.64,0.58,41,8
SB004315,STU00432,2026-04-27,1.99,4.57,0.72,2.11,1.5,45,5
SB004316,STU00432,2026-06-11,7.79,8.53,1.49,5.18,1.74,46,6
SB004317,STU00432,2026-04-03,2.33,6.76,3.39,4.66,3.0,24,2
SB004318,STU00432,2026-04-13,1.34,4.69,0.6,3.17,0.53,36,4
SB004319,STU00432,2026-06-12,1.32,4.99,1.87,5.47,3.44,26,10
SB004320,STU00432,2026-02-11,0.81,5.67,1.51,1.68,3.93,31,7
SB004321,STU00433,2026-04-01,1.45,6.88,0.58,0.51,4.16,27,6
SB004322,STU00433,2026-04-21,5.18,5.32,2.52,1.32,4.08,21,7
SB004323,STU00433,2026-04-16,4.35,7.87,4.25,4.53,1.66,33,4
SB004324,STU00433,2026-04-06,5.32,7.26,3.12,5.41,2.79,9,8
SB004325,STU00433,2026-03-22,3.07,8.41,4.77,2.29,0.62,5,8
SB004326,STU00433,2026-06-13,3.02,8.4,3.61,5.0,0.69,23,2
SB004327,STU00433,2026-06-22,4.61,6.16,0.05,1.77,1.77,18,6
SB004328,STU00433,2026-01-10,3.68,5.18,2.28,1.73,1.99,3,7
SB004329,STU00433,2026-03-19,7.91,7.04,1.41,1.25,3.91,29,4
SB004330,STU00433,2026-06-21,3.24,6.07,2.04,0.63,1.39,33,3
SB004331,STU00434,2026-06-06,6.09,5.04,3.22,1.69,3.5,21,5
SB004332,STU00434,2026-02-16,2.07,7.94,0.74,5.34,2.42,41,9
SB004333,STU00434,2026-04-30,6.46,6.72,0.19,4.49,1.08,34,2
SB004334,STU00434,2026-02-11,7.26,6.44,4.3,0.5,4.44,20,2
SB004335,STU00434,2026-04-23,2.3,5.96,3.74,1.04,2.95,32,6
SB004336,STU00434,2026-03-14,7.8,7.78,4.89,1.48,2.94,49,7
SB004337,STU00434,2026-02-13,4.94,8.5,4.47,3.57,0.05,39,6
SB004338,STU00434,2026-03-04,7.72,8.94,0.7,5.78,1.61,24,4
SB004339,STU00434,2026-05-22,1.41,4.9,2.79,4.39,0.04,32,7
SB004340,STU00434,2026-02-04,2.68,5.02,1.19,4.12,3.68,39,4
SB004341,STU00435,2026-01-20,0.71,7.89,1.44,1.74,3.97,14,2
SB004342,STU00435,2026-06-30,5.79,4.77,0.7,4.36,4.72,25,1
SB004343,STU00435,2026-05-14,5.35,6.19,4.54,5.09,4.23,4,3
SB004344,STU00435,2026-01-08,2.7,6.9,1.55,1.34,3.52,6,8
SB004345,STU00435,2026-02-13,3.08,5.36,2.71,1.11,4.69,32,6
SB004346,STU00435,2026-06-05,7.73,8.12,4.61,3.44,1.55,46,9
SB004347,STU00435,2026-04-13,2.86,5.4,3.59,3.16,0.79,47,7
SB004348,STU00435,2026-02-02,3.24,5.15,3.14,1.14,0.9,7,7
SB004349,STU00435,2026-02-16,7.77,5.37,3.69,4.26,2.48,19,2
SB004350,STU00435,2026-02-03,2.89,6.59,4.35,4.87,1.62,25,3
SB004351,STU00436,2026-06-01,1.51,7.85,0.92,2.75,4.51,30,4
SB004352,STU00436,2026-04-07,1.65,5.47,3.08,3.45,1.61,2,9
SB004353,STU00436,2026-01-29,5.38,6.21,3.59,1.48,1.79,23,7
SB004354,STU00436,2026-05-22,4.08,8.35,1.98,2.38,0.36,46,10
SB004355,STU00436,2026-06-24,6.01,8.55,3.39,3.26,0.8,50,6
SB004356,STU00436,2026-05-20,6.5,7.41,1.57,5.92,2.85,32,2
SB004357,STU00436,2026-06-17,6.23,4.86,3.67,5.42,1.86,17,8
SB004358,STU00436,2026-03-27,7.18,5.33,3.23,4.28,2.44,31,10
SB004359,STU00436,2026-05-09,3.32,6.25,3.3,3.29,0.76,40,6
SB004360,STU00436,2026-03-14,7.28,4.64,2.24,1.9,4.75,44,1
SB004361,STU00437,2026-06-10,6.02,8.19,4.28,4.75,1.71,32,4
SB004362,STU00437,2026-06-07,5.56,4.51,0.67,1.33,4.66,48,6
SB004363,STU00437,2026-04-03,3.92,5.82,2.84,3.58,2.53,15,7
SB004364,STU00437,2026-04-29,1.36,8.38,2.09,1.14,2.96,37,1
SB004365,STU00437,2026-04-09,7.95,6.14,1.47,1.44,4.85,8,8
SB004366,STU00437,2026-03-17,2.18,5.08,0.07,2.05,0.84,38,9
SB004367,STU00437,2026-06-25,7.01,6.4,2.36,2.93,1.04,38,1
SB004368,STU00437,2026-04-11,5.98,8.46,1.6,3.56,0.26,43,3
SB004369,STU00437,2026-03-03,1.19,7.87,1.35,4.27,2.1,4,10
SB004370,STU00437,2026-03-16,2.3,7.83,4.47,3.66,2.84,9,10
SB004371,STU00438,2026-05-24,2.97,8.69,1.42,0.83,4.64,13,9
SB004372,STU00438,2026-05-21,1.91,7.78,3.69,4.83,1.99,20,6
SB004373,STU00438,2026-04-10,5.18,6.53,0.31,5.91,4.9,27,9
SB004374,STU00438,2026-03-05,1.74,4.61,2.18,3.42,2.85,37,8
SB004375,STU00438,2026-05-29,0.83,6.95,4.85,1.96,0.88,46,9
SB004376,STU00438,2026-06-27,3.47,8.17,4.95,2.12,2.56,44,9
SB004377,STU00438,2026-04-16,4.76,6.27,1.3,2.39,4.54,38,8
SB004378,STU00438,2026-04-06,7.65,8.49,1.75,1.78,3.92,28,5
SB004379,STU00438,2026-05-28,4.57,6.4,2.62,1.8,3.79,0,6
SB004380,STU00438,2026-02-25,3.07,7.54,1.54,5.87,3.42,7,4
SB004381,STU00439,2026-02-20,6.03,7.89,4.97,4.56,0.47,12,7
SB004382,STU00439,2026-03-19,7.47,5.31,3.0,5.53,4.48,26,2
SB004383,STU00439,2026-01-11,7.97,6.48,0.97,0.64,4.3,30,1
SB004384,STU00439,2026-03-18,2.49,5.49,3.03,5.21,3.82,6,4
SB004385,STU00439,2026-03-10,4.51,5.23,0.41,1.69,1.22,35,5
SB004386,STU00439,2026-06-13,1.14,6.26,2.02,5.13,1.12,5,8
SB004387,STU00439,2026-06-28,5.17,6.46,3.69,3.35,1.91,10,6
SB004388,STU00439,2026-05-13,7.63,7.8,0.63,3.18,1.99,13,2
SB004389,STU00439,2026-03-10,1.24,8.17,0.31,3.33,4.22,23,9
SB004390,STU00439,2026-05-28,0.79,5.29,2.64,3.42,0.48,14,1
SB004391,STU00440,2026-06-21,5.63,6.07,1.96,5.56,3.27,49,1
SB004392,STU00440,2026-03-19,3.35,4.78,0.28,2.11,4.5,19,9
SB004393,STU00440,2026-05-23,6.33,7.37,0.49,4.86,4.67,43,7
SB004394,STU00440,2026-01-30,1.78,7.25,1.89,3.39,0.88,39,4
SB004395,STU00440,2026-01-11,0.93,5.33,3.62,0.67,3.4,45,9
SB004396,STU00440,2026-03-02,5.11,5.74,0.43,5.65,3.97,22,7
SB004397,STU00440,2026-05-03,5.95,5.35,1.35,5.0,2.53,43,5
SB004398,STU00440,2026-03-19,3.86,7.47,2.11,5.44,1.79,48,10
SB004399,STU00440,2026-01-25,3.21,6.74,4.48,5.21,2.58,39,3
SB004400,STU00440,2026-03-04,2.2,5.6,4.78,3.43,0.81,18,9
SB004401,STU00441,2026-05-20,3.24,6.86,4.7,1.27,4.76,14,8
SB004402,STU00441,2026-06-15,3.75,5.65,2.38,5.07,0.9,18,5
SB004403,STU00441,2026-06-08,7.12,7.76,2.59,2.27,3.99,44,10
SB004404,STU00441,2026-02-19,4.87,8.17,2.83,2.92,1.46,17,4
SB004405,STU00441,2026-05-25,2.34,8.97,3.86,1.28,4.7,4,7
SB004406,STU00441,2026-04-18,5.27,8.83,2.44,4.97,1.99,15,4
SB004407,STU00441,2026-03-31,7.52,5.84,3.29,3.2,4.95,44,10
SB004408,STU00441,2026-05-09,5.63,8.58,3.91,3.87,1.31,38,3
SB004409,STU00441,2026-05-29,7.71,6.36,3.2,5.74,4.17,28,8
SB004410,STU00441,2026-06-21,4.09,4.53,1.55,3.55,4.53,12,4
SB004411,STU00442,2026-06-28,2.62,5.01,2.49,2.25,3.8,1,4
SB004412,STU00442,2026-04-10,2.12,5.77,0.45,1.13,2.56,32,10
SB004413,STU00442,2026-04-12,1.17,6.08,4.23,3.45,0.56,10,4
SB004414,STU00442,2026-02-23,7.12,8.75,4.64,2.38,0.12,29,6
SB004415,STU00442,2026-04-26,7.34,7.94,3.14,3.43,4.39,47,10
SB004416,STU00442,2026-05-14,7.31,8.62,2.71,5.35,2.2,37,2
SB004417,STU00442,2026-05-05,7.07,4.77,2.8,0.96,0.03,29,7
SB004418,STU00442,2026-02-14,6.3,5.07,1.49,4.39,4.8,50,6
SB004419,STU00442,2026-06-09,5.31,6.11,0.19,0.74,0.16,5,10
SB004420,STU00442,2026-04-21,3.24,8.94,4.17,3.24,1.94,32,1
SB004421,STU00443,2026-02-18,4.26,6.32,0.87,4.8,3.43,5,7
SB004422,STU00443,2026-02-05,7.92,5.88,1.05,5.76,2.55,7,2
SB004423,STU00443,2026-03-05,7.09,7.68,3.45,3.56,2.17,20,8
SB004424,STU00443,2026-02-22,7.82,6.81,0.56,3.42,1.41,32,10
SB004425,STU00443,2026-05-21,7.8,7.61,1.21,1.95,4.65,21,7
SB004426,STU00443,2026-05-25,0.97,7.42,1.97,4.92,2.33,12,4
SB004427,STU00443,2026-03-11,7.04,5.47,1.29,5.3,4.89,18,3
SB004428,STU00443,2026-03-03,1.75,6.9,3.34,3.4,1.17,34,9
SB004429,STU00443,2026-06-15,1.1,7.63,4.76,0.79,0.4,35,3
SB004430,STU00443,2026-05-28,7.05,7.29,2.43,5.39,3.03,40,8
SB004431,STU00444,2026-05-01,5.69,5.71,2.52,4.97,3.31,5,10
SB004432,STU00444,2026-05-25,0.54,5.9,0.32,0.83,0.2,49,7
SB004433,STU00444,2026-03-24,2.54,8.93,1.06,1.97,2.22,4,3
SB004434,STU00444,2026-04-25,5.85,5.86,0.59,3.58,0.7,1,4
SB004435,STU00444,2026-04-20,6.67,4.53,3.96,5.33,3.01,1,7
SB004436,STU00444,2026-01-16,6.19,5.16,4.02,1.45,0.98,44,3
SB004437,STU00444,2026-05-26,2.35,7.69,3.03,5.31,4.72,32,2
SB004438,STU00444,2026-03-14,7.14,8.72,1.18,3.04,2.42,19,7
SB004439,STU00444,2026-02-22,6.62,6.25,0.3,2.04,0.27,28,6
SB004440,STU00444,2026-03-23,2.99,5.76,2.63,5.38,2.7,29,5
SB004441,STU00445,2026-03-07,2.98,6.91,4.52,4.9,1.01,29,5
SB004442,STU00445,2026-03-17,7.08,5.42,0.14,4.22,1.37,44,4
SB004443,STU00445,2026-02-24,0.86,7.22,0.51,1.49,3.89,11,2
SB004444,STU00445,2026-01-03,5.59,6.11,1.56,0.78,3.44,2,4
SB004445,STU00445,2026-01-01,4.53,5.98,4.14,4.26,4.05,6,5
SB004446,STU00445,2026-05-14,7.75,5.74,4.28,4.56,4.03,5,10
SB004447,STU00445,2026-01-24,2.15,5.9,2.48,5.3,2.4,27,8
SB004448,STU00445,2026-05-15,2.04,4.58,2.04,3.9,3.23,50,6
SB004449,STU00445,2026-01-09,3.96,6.15,4.34,1.32,1.93,16,9
SB004450,STU00445,2026-02-07,5.32,6.6,2.57,1.8,1.19,4,9
SB004451,STU00446,2026-01-13,2.69,7.46,2.49,1.06,3.89,22,7
SB004452,STU00446,2026-04-22,2.19,5.36,2.19,2.14,1.0,20,6
SB004453,STU00446,2026-05-30,1.32,5.79,4.89,1.01,4.99,33,5
SB004454,STU00446,2026-05-20,6.15,8.69,2.9,1.84,3.37,29,9
SB004455,STU00446,2026-04-10,3.45,7.51,4.82,2.87,4.53,7,7
SB004456,STU00446,2026-05-19,5.22,6.48,0.44,1.03,2.97,9,10
SB004457,STU00446,2026-06-11,2.23,6.38,1.72,2.89,3.33,33,1
SB004458,STU00446,2026-04-21,6.95,7.54,0.05,2.67,1.16,17,7
SB004459,STU00446,2026-03-19,7.46,7.14,3.66,2.43,4.26,6,10
SB004460,STU00446,2026-05-22,4.45,6.49,0.2,1.1,1.91,38,5
SB004461,STU00447,2026-06-19,4.54,7.37,1.69,5.75,4.86,5,5
SB004462,STU00447,2026-06-04,7.32,5.61,3.76,1.07,1.83,20,5
SB004463,STU00447,2026-04-05,5.05,8.26,0.09,3.02,3.98,7,6
SB004464,STU00447,2026-03-31,0.93,5.73,1.16,0.52,2.68,40,9
SB004465,STU00447,2026-05-28,2.54,5.41,4.79,2.99,1.44,1,2
SB004466,STU00447,2026-03-01,2.86,5.11,3.3,5.5,4.82,24,7
SB004467,STU00447,2026-05-05,7.96,7.36,3.29,0.67,3.57,5,3
SB004468,STU00447,2026-02-19,1.66,7.73,4.18,3.11,0.72,16,4
SB004469,STU00447,2026-01-11,4.18,8.39,2.26,2.56,1.12,29,1
SB004470,STU00447,2026-02-24,2.85,8.25,4.29,5.04,4.96,10,6
SB004471,STU00448,2026-02-12,7.87,6.9,0.32,3.66,2.29,17,2
SB004472,STU00448,2026-03-04,2.76,4.68,2.97,0.86,0.74,42,4
SB004473,STU00448,2026-02-23,1.94,4.9,4.77,2.54,1.05,15,3
SB004474,STU00448,2026-03-30,3.31,7.71,1.95,4.02,3.34,6,2
SB004475,STU00448,2026-04-28,1.22,5.82,0.34,3.95,3.14,34,6
SB004476,STU00448,2026-05-15,6.88,5.45,3.96,1.89,4.32,22,5
SB004477,STU00448,2026-01-17,7.04,8.41,3.22,3.36,1.1,43,2
SB004478,STU00448,2026-02-14,3.45,6.67,0.98,1.64,1.69,7,9
SB004479,STU00448,2026-03-23,2.79,6.96,3.69,4.72,4.17,49,5
SB004480,STU00448,2026-02-24,3.36,8.72,1.4,2.82,2.35,5,9
SB004481,STU00449,2026-06-21,5.17,8.88,1.38,3.13,1.99,40,7
SB004482,STU00449,2026-02-19,7.5,5.7,2.39,1.39,4.3,33,7
SB004483,STU00449,2026-04-24,7.78,6.79,0.18,3.17,4.79,31,8
SB004484,STU00449,2026-05-20,6.03,6.62,3.77,5.96,0.31,22,4
SB004485,STU00449,2026-06-23,4.48,4.7,0.78,2.57,0.12,29,3
SB004486,STU00449,2026-02-06,4.42,4.83,0.05,2.6,0.82,28,3
SB004487,STU00449,2026-05-15,2.85,4.57,1.43,3.72,2.64,49,7
SB004488,STU00449,2026-03-07,2.13,6.53,3.19,0.63,3.13,22,5
SB004489,STU00449,2026-05-21,7.31,8.52,1.16,2.57,2.14,50,4
SB004490,STU00449,2026-04-01,1.45,6.84,0.11,1.9,1.4,33,5
SB004491,STU00450,2026-06-10,3.56,7.8,0.22,2.64,0.54,13,4
SB004492,STU00450,2026-05-20,6.69,5.47,1.18,1.18,1.48,47,10
SB004493,STU00450,2026-01-02,5.71,7.83,4.31,2.02,1.94,21,1
SB004494,STU00450,2026-05-12,2.09,4.69,0.43,2.59,2.29,29,1
SB004495,STU00450,2026-01-27,7.96,6.33,0.3,3.63,4.83,43,3
SB004496,STU00450,2026-01-08,0.62,7.4,4.17,1.5,0.44,8,7
SB004497,STU00450,2026-04-03,6.32,8.1,2.97,3.6,0.17,16,6
SB004498,STU00450,2026-06-09,5.5,5.42,0.91,4.1,0.52,33,4
SB004499,STU00450,2026-01-15,6.85,8.32,3.46,1.42,0.44,5,5
SB004500,STU00450,2026-03-19,4.73,4.59,3.64,5.68,0.27,44,8
SB004501,STU00451,2026-02-14,7.01,4.64,0.73,5.9,2.99,8,2
SB004502,STU00451,2026-01-04,6.79,6.41,1.2,2.87,2.83,17,7
SB004503,STU00451,2026-01-02,6.59,6.55,2.44,0.92,1.8,33,3
SB004504,STU00451,2026-01-09,6.69,7.72,0.36,2.25,0.25,31,1
SB004505,STU00451,2026-04-09,3.59,6.43,1.84,3.31,3.39,42,8
SB004506,STU00451,2026-06-03,5.06,8.68,1.72,2.33,1.11,23,7
SB004507,STU00451,2026-02-26,2.43,5.55,4.94,1.6,4.11,33,8
SB004508,STU00451,2026-06-23,2.27,9.0,4.75,4.5,3.67,35,1
SB004509,STU00451,2026-03-02,3.2,5.25,3.9,5.52,0.14,6,9
SB004510,STU00451,2026-03-01,1.96,5.83,3.04,3.32,2.53,30,10
SB004511,STU00452,2026-05-09,4.57,6.97,0.14,5.56,2.66,35,5
SB004512,STU00452,2026-04-10,0.98,8.32,3.46,3.12,3.1,22,2
SB004513,STU00452,2026-03-09,6.69,5.42,3.56,1.87,3.5,10,8
SB004514,STU00452,2026-01-15,5.79,7.11,2.77,1.66,2.58,11,3
SB004515,STU00452,2026-03-15,0.67,6.08,3.18,5.25,3.15,45,6
SB004516,STU00452,2026-05-17,6.6,7.75,1.57,2.73,3.36,21,6
SB004517,STU00452,2026-03-01,4.28,7.38,2.51,2.7,3.44,45,4
SB004518,STU00452,2026-02-14,4.48,8.18,3.85,2.07,3.78,25,4
SB004519,STU00452,2026-05-15,5.48,7.94,4.53,5.28,3.32,49,2
SB004520,STU00452,2026-06-27,2.42,6.36,3.57,2.39,4.61,43,2
SB004521,STU00453,2026-03-15,3.15,8.68,3.62,1.83,4.97,32,7
SB004522,STU00453,2026-05-14,4.51,6.46,4.1,1.64,0.39,37,8
SB004523,STU00453,2026-02-14,6.23,5.53,1.66,0.62,3.59,50,6
SB004524,STU00453,2026-02-05,5.18,5.66,0.65,0.62,0.9,50,7
SB004525,STU00453,2026-02-23,1.06,5.63,0.93,2.31,0.77,37,5
SB004526,STU00453,2026-02-26,4.52,7.12,4.73,2.91,3.95,7,1
SB004527,STU00453,2026-02-15,1.21,5.3,0.28,1.21,2.23,24,7
SB004528,STU00453,2026-05-11,4.98,8.56,3.65,5.62,2.99,16,8
SB004529,STU00453,2026-03-04,6.88,8.51,2.44,0.91,4.37,22,1
SB004530,STU00453,2026-03-16,4.62,6.92,2.78,5.11,4.79,40,4
SB004531,STU00454,2026-01-10,7.76,5.72,3.82,2.91,4.71,6,9
SB004532,STU00454,2026-03-28,0.58,8.86,0.33,1.17,0.36,32,4
SB004533,STU00454,2026-03-23,2.59,6.15,0.23,2.83,3.47,16,9
SB004534,STU00454,2026-04-24,4.76,6.31,1.7,4.19,0.66,40,6
SB004535,STU00454,2026-01-24,6.1,8.85,3.01,5.84,2.3,31,5
SB004536,STU00454,2026-02-21,7.23,7.49,3.01,5.0,4.23,38,8
SB004537,STU00454,2026-05-26,1.73,8.44,0.39,5.15,4.93,36,5
SB004538,STU00454,2026-03-09,7.6,7.18,0.89,3.06,0.27,7,1
SB004539,STU00454,2026-04-10,6.55,4.59,4.43,2.64,1.86,34,10
SB004540,STU00454,2026-06-09,4.96,7.59,3.03,5.07,1.52,4,2
SB004541,STU00455,2026-05-21,3.48,7.36,0.33,3.23,4.58,34,3
SB004542,STU00455,2026-06-28,4.04,5.86,0.61,4.1,1.41,36,2
SB004543,STU00455,2026-05-25,0.98,6.55,2.21,2.58,0.38,30,9
SB004544,STU00455,2026-02-09,4.65,6.26,4.43,4.53,1.81,34,1
SB004545,STU00455,2026-02-25,3.67,6.08,1.62,2.54,0.24,27,4
SB004546,STU00455,2026-03-29,3.06,5.66,2.55,5.08,0.48,5,2
SB004547,STU00455,2026-01-16,0.97,4.73,3.61,3.51,4.28,39,9
SB004548,STU00455,2026-01-04,6.44,5.54,3.34,4.35,3.78,38,5
SB004549,STU00455,2026-03-05,3.03,5.07,0.65,1.77,0.7,27,6
SB004550,STU00455,2026-03-19,6.03,7.17,0.82,0.58,4.12,18,4
SB004551,STU00456,2026-06-06,6.24,7.58,2.93,0.71,0.31,8,9
SB004552,STU00456,2026-02-06,1.59,7.04,4.96,4.67,0.3,1,1
SB004553,STU00456,2026-04-26,7.62,6.52,0.25,3.01,1.59,27,4
SB004554,STU00456,2026-06-30,5.91,8.71,2.65,1.65,2.86,34,9
SB004555,STU00456,2026-03-15,1.85,4.78,1.02,2.31,0.58,46,3
SB004556,STU00456,2026-04-06,3.76,7.63,4.34,0.53,3.59,36,3
SB004557,STU00456,2026-03-05,6.12,6.48,3.76,4.05,4.08,15,9
SB004558,STU00456,2026-01-25,3.42,8.04,4.06,2.74,2.46,42,8
SB004559,STU00456,2026-06-12,1.02,5.29,2.7,4.95,1.19,20,4
SB004560,STU00456,2026-06-05,3.49,8.26,2.54,4.28,0.9,46,8
SB004561,STU00457,2026-01-03,5.49,8.25,1.86,4.6,4.87,41,9
SB004562,STU00457,2026-02-02,6.43,5.16,2.47,0.79,2.86,10,8
SB004563,STU00457,2026-04-03,5.03,5.84,2.9,3.39,2.64,19,3
SB004564,STU00457,2026-04-25,2.78,8.1,1.03,1.13,3.27,39,7
SB004565,STU00457,2026-05-22,7.33,7.04,4.73,1.36,1.16,41,5
SB004566,STU00457,2026-02-24,4.4,5.02,0.08,2.59,2.02,47,2
SB004567,STU00457,2026-01-10,3.91,7.76,4.03,2.49,1.72,47,9
SB004568,STU00457,2026-06-18,4.69,5.1,1.65,1.28,0.37,28,5
SB004569,STU00457,2026-06-20,6.47,8.57,1.31,0.63,4.88,29,4
SB004570,STU00457,2026-03-09,3.76,5.78,1.94,1.95,4.0,42,9
SB004571,STU00458,2026-06-25,1.19,5.57,2.92,0.78,2.62,37,2
SB004572,STU00458,2026-02-25,6.67,4.56,1.44,3.09,0.76,5,2
SB004573,STU00458,2026-04-05,2.97,7.94,3.47,5.89,4.26,35,6
SB004574,STU00458,2026-06-19,5.65,8.18,0.44,5.73,0.77,23,6
SB004575,STU00458,2026-05-08,1.53,8.77,3.24,1.47,4.29,25,1
SB004576,STU00458,2026-04-10,3.2,6.73,0.11,3.36,1.16,10,3
SB004577,STU00458,2026-03-06,7.54,6.27,4.68,3.36,4.31,17,7
SB004578,STU00458,2026-06-06,2.17,8.37,3.6,3.21,1.47,36,10
SB004579,STU00458,2026-01-30,2.69,6.47,2.59,4.98,3.05,21,1
SB004580,STU00458,2026-06-04,5.18,7.29,2.9,2.99,3.69,22,7
SB004581,STU00459,2026-06-08,4.29,7.9,2.3,5.11,2.86,46,2
SB004582,STU00459,2026-01-21,0.59,4.67,3.92,2.71,0.93,49,10
SB004583,STU00459,2026-03-15,1.81,6.86,4.44,2.41,2.75,31,7
SB004584,STU00459,2026-06-08,2.65,7.58,1.19,2.22,0.69,12,8
SB004585,STU00459,2026-05-30,2.13,6.68,1.43,4.06,0.6,14,5
SB004586,STU00459,2026-04-05,6.12,6.47,0.66,2.12,0.08,17,3
SB004587,STU00459,2026-02-20,5.81,8.44,4.89,2.03,4.1,42,1
SB004588,STU00459,2026-01-16,0.59,4.7,1.7,5.99,3.45,36,4
SB004589,STU00459,2026-04-01,2.72,7.87,2.63,4.99,0.01,40,3
SB004590,STU00459,2026-03-27,4.57,5.44,1.72,0.76,2.37,17,4
SB004591,STU00460,2026-03-02,1.86,8.49,0.49,4.85,2.88,40,6
SB004592,STU00460,2026-02-20,0.85,6.4,2.8,3.7,1.54,26,10
SB004593,STU00460,2026-05-06,1.91,8.15,4.71,5.03,4.72,37,5
SB004594,STU00460,2026-04-15,4.35,5.35,4.91,4.25,4.79,27,3
SB004595,STU00460,2026-06-29,0.91,6.16,0.25,5.57,1.31,23,2
SB004596,STU00460,2026-01-09,6.71,8.75,3.25,3.86,2.98,0,1
SB004597,STU00460,2026-03-26,0.59,7.58,4.54,2.73,0.13,32,9
SB004598,STU00460,2026-02-17,6.54,8.37,3.22,1.17,0.3,33,5
SB004599,STU00460,2026-01-23,6.47,6.12,3.09,0.77,1.42,20,1
SB004600,STU00460,2026-01-12,5.49,4.79,1.1,5.19,1.39,38,6
SB004601,STU00461,2026-01-11,5.97,7.32,2.38,3.5,4.84,11,1
SB004602,STU00461,2026-06-26,7.04,6.86,2.14,5.96,0.57,30,2
SB004603,STU00461,2026-04-10,2.75,8.24,2.67,4.4,0.34,11,8
SB004604,STU00461,2026-01-03,1.88,7.63,2.34,4.73,3.45,50,5
SB004605,STU00461,2026-03-27,1.2,5.01,1.17,0.79,2.28,24,10
SB004606,STU00461,2026-02-23,2.05,8.21,0.06,2.46,3.45,9,10
SB004607,STU00461,2026-02-19,3.04,5.23,3.04,5.82,0.61,37,10
SB004608,STU00461,2026-05-09,1.73,8.05,3.25,4.83,1.03,41,9
SB004609,STU00461,2026-03-06,5.04,8.63,3.49,2.45,2.94,11,9
SB004610,STU00461,2026-06-23,2.19,7.97,3.52,4.72,4.81,14,1
SB004611,STU00462,2026-06-25,0.99,5.47,3.67,3.54,0.98,42,8
SB004612,STU00462,2026-04-23,3.02,5.33,3.12,1.29,1.37,39,9
SB004613,STU00462,2026-04-15,7.44,6.97,1.37,2.62,4.94,13,6
SB004614,STU00462,2026-02-05,7.91,4.54,3.87,3.48,1.15,12,9
SB004615,STU00462,2026-06-24,6.8,4.63,4.52,2.47,4.63,25,3
SB004616,STU00462,2026-06-27,2.35,7.85,4.73,1.7,3.78,1,3
SB004617,STU00462,2026-04-30,0.89,5.87,2.04,4.5,4.48,44,9
SB004618,STU00462,2026-03-15,3.38,8.96,3.92,1.17,2.11,42,8
SB004619,STU00462,2026-01-13,4.52,6.35,4.8,2.67,1.53,50,10
SB004620,STU00462,2026-06-21,6.58,6.99,1.3,1.54,1.99,36,3
SB004621,STU00463,2026-01-03,6.39,4.66,1.06,5.27,2.13,48,7
SB004622,STU00463,2026-05-03,4.52,8.12,4.62,0.69,2.42,2,9
SB004623,STU00463,2026-04-22,5.21,5.75,3.89,2.78,2.59,29,4
SB004624,STU00463,2026-05-28,5.22,8.62,2.24,5.39,3.19,23,4
SB004625,STU00463,2026-04-11,2.06,4.89,1.81,2.91,1.01,31,6
SB004626,STU00463,2026-05-22,3.85,5.05,0.69,5.74,4.26,31,1
SB004627,STU00463,2026-06-22,1.68,5.72,3.28,0.7,3.11,27,3
SB004628,STU00463,2026-04-30,1.29,8.64,1.29,3.07,2.25,16,4
SB004629,STU00463,2026-04-08,2.19,7.88,3.49,1.43,4.44,50,10
SB004630,STU00463,2026-06-14,0.51,8.12,2.17,2.28,2.1,2,7
SB004631,STU00464,2026-03-15,1.96,6.79,2.61,4.48,4.9,20,1
SB004632,STU00464,2026-03-07,2.52,5.13,4.41,2.78,4.61,7,9
SB004633,STU00464,2026-05-20,5.93,4.59,1.61,3.06,0.17,7,5
SB004634,STU00464,2026-02-15,0.62,5.64,3.1,5.13,2.31,5,5
SB004635,STU00464,2026-05-17,7.75,7.52,2.21,0.68,4.37,45,4
SB004636,STU00464,2026-01-16,2.46,6.72,4.98,2.99,1.51,30,2
SB004637,STU00464,2026-02-06,1.83,8.24,4.18,4.95,3.84,29,10
SB004638,STU00464,2026-02-18,6.84,8.33,1.73,0.57,4.11,25,9
SB004639,STU00464,2026-03-27,7.86,6.95,2.43,1.87,1.93,34,4
SB004640,STU00464,2026-01-09,7.59,8.4,2.06,4.28,1.58,16,8
SB004641,STU00465,2026-02-06,2.05,5.01,4.49,3.95,0.15,6,6
SB004642,STU00465,2026-01-18,4.46,6.99,3.57,0.82,1.97,0,4
SB004643,STU00465,2026-04-30,1.9,5.57,0.72,2.78,4.24,48,5
SB004644,STU00465,2026-05-10,3.34,5.34,1.74,1.91,2.72,30,1
SB004645,STU00465,2026-01-30,3.49,8.93,4.0,5.09,3.81,43,7
SB004646,STU00465,2026-02-12,7.21,6.96,0.87,2.13,0.24,16,8
SB004647,STU00465,2026-05-09,4.2,8.33,1.93,3.06,2.55,12,4
SB004648,STU00465,2026-02-13,4.35,6.57,3.62,2.01,4.74,11,3
SB004649,STU00465,2026-03-02,0.89,6.01,3.04,1.49,3.5,36,1
SB004650,STU00465,2026-03-15,6.46,6.24,2.87,2.91,2.17,7,9
SB004651,STU00466,2026-04-16,2.58,5.14,2.39,1.79,2.54,9,1
SB004652,STU00466,2026-02-25,6.11,5.78,4.81,4.63,1.06,18,8
SB004653,STU00466,2026-02-08,5.01,6.34,1.93,5.61,1.29,15,9
SB004654,STU00466,2026-02-13,3.25,6.49,2.5,1.59,1.51,24,4
SB004655,STU00466,2026-02-08,0.61,8.23,4.69,1.55,3.76,47,2
SB004656,STU00466,2026-03-19,2.86,5.15,1.44,5.26,1.24,38,9
SB004657,STU00466,2026-03-15,5.81,7.16,1.39,5.42,3.11,1,10
SB004658,STU00466,2026-02-23,7.57,4.85,1.87,2.77,1.26,17,6
SB004659,STU00466,2026-05-24,1.22,6.2,4.52,5.63,1.65,2,5
SB004660,STU00466,2026-06-17,1.46,6.92,0.81,2.74,3.97,12,10
SB004661,STU00467,2026-06-30,6.5,5.72,2.46,4.02,3.07,25,9
SB004662,STU00467,2026-05-23,5.82,8.48,3.1,0.93,2.64,32,1
SB004663,STU00467,2026-04-01,4.77,4.71,2.91,4.08,0.37,27,7
SB004664,STU00467,2026-05-31,0.55,8.33,2.24,0.56,4.37,6,1
SB004665,STU00467,2026-02-20,1.5,5.81,4.23,4.76,0.64,0,6
SB004666,STU00467,2026-06-24,6.07,7.36,3.4,5.21,3.73,3,7
SB004667,STU00467,2026-03-02,4.28,6.42,3.15,5.95,4.41,17,8
SB004668,STU00467,2026-04-25,3.52,5.95,1.83,4.33,3.05,29,7
SB004669,STU00467,2026-01-04,0.7,4.87,2.95,3.54,1.47,4,7
SB004670,STU00467,2026-03-20,2.29,7.17,0.14,4.68,4.01,11,6
SB004671,STU00468,2026-03-26,3.27,5.81,4.4,5.13,4.25,14,2
SB004672,STU00468,2026-06-19,2.94,7.68,3.94,4.65,1.5,10,8
SB004673,STU00468,2026-04-11,7.48,8.3,0.75,1.39,4.7,14,7
SB004674,STU00468,2026-06-13,7.72,9.0,4.1,5.88,2.54,44,10
SB004675,STU00468,2026-04-01,4.02,8.16,1.36,5.89,3.37,23,6
SB004676,STU00468,2026-01-20,4.76,5.66,0.63,1.8,0.98,37,6
SB004677,STU00468,2026-06-09,5.04,8.52,1.14,5.12,3.38,44,1
SB004678,STU00468,2026-03-22,6.33,6.09,4.93,3.96,4.36,14,8
SB004679,STU00468,2026-03-13,7.58,7.85,2.64,5.58,1.88,7,5
SB004680,STU00468,2026-01-29,3.56,8.04,3.94,3.54,0.95,19,3
SB004681,STU00469,2026-05-07,1.19,7.79,2.75,0.82,3.86,31,6
SB004682,STU00469,2026-05-27,7.01,6.82,4.34,2.63,2.28,4,6
SB004683,STU00469,2026-02-11,6.9,5.13,1.78,4.25,1.54,27,10
SB004684,STU00469,2026-03-09,3.07,8.79,3.03,4.11,4.24,39,9
SB004685,STU00469,2026-05-09,4.67,8.75,1.77,3.13,0.41,18,3
SB004686,STU00469,2026-02-16,6.25,7.87,2.56,4.88,3.05,24,10
SB004687,STU00469,2026-06-16,4.71,7.23,3.56,0.51,1.56,1,9
SB004688,STU00469,2026-03-13,1.64,5.1,1.62,5.3,2.53,16,2
SB004689,STU00469,2026-06-23,1.68,5.24,2.49,3.1,3.59,49,4
SB004690,STU00469,2026-04-26,3.45,7.23,2.61,1.86,4.83,34,8
SB004691,STU00470,2026-01-22,7.18,4.57,3.61,4.53,2.14,17,6
SB004692,STU00470,2026-03-05,1.53,4.74,2.19,5.92,0.34,17,6
SB004693,STU00470,2026-06-04,6.69,5.72,3.57,0.54,3.67,17,7
SB004694,STU00470,2026-03-14,1.85,4.97,2.53,1.53,3.3,0,7
SB004695,STU00470,2026-05-13,0.53,8.11,2.61,3.14,0.87,50,6
SB004696,STU00470,2026-05-20,2.51,6.45,1.61,5.21,3.29,22,7
SB004697,STU00470,2026-05-02,7.34,6.65,3.84,4.73,4.18,9,1
SB004698,STU00470,2026-05-21,1.39,6.08,0.95,1.19,0.85,4,2
SB004699,STU00470,2026-03-10,6.11,8.45,4.2,2.37,0.97,32,9
SB004700,STU00470,2026-05-20,6.72,5.27,3.25,5.28,1.36,29,10
SB004701,STU00471,2026-01-23,4.54,7.11,2.72,3.2,3.22,23,2
SB004702,STU00471,2026-06-21,1.63,8.18,3.83,1.33,0.43,50,9
SB004703,STU00471,2026-01-10,6.5,8.61,0.98,3.27,2.33,1,3
SB004704,STU00471,2026-02-10,6.73,8.16,3.27,1.21,4.27,30,7
SB004705,STU00471,2026-06-28,1.04,7.86,3.57,0.69,2.79,16,4
SB004706,STU00471,2026-05-21,6.99,6.68,3.69,5.28,4.66,19,3
SB004707,STU00471,2026-03-29,3.13,5.42,4.61,3.99,2.05,42,4
SB004708,STU00471,2026-03-30,6.88,8.13,2.35,5.26,1.7,10,2
SB004709,STU00471,2026-01-19,1.63,8.54,3.14,3.4,3.38,14,6
SB004710,STU00471,2026-06-14,2.55,6.19,0.08,1.45,3.66,27,6
SB004711,STU00472,2026-05-03,7.2,6.21,0.66,3.73,3.25,26,9
SB004712,STU00472,2026-02-25,3.1,5.75,2.98,4.19,1.41,46,9
SB004713,STU00472,2026-06-20,1.46,5.92,2.62,1.74,4.26,6,1
SB004714,STU00472,2026-03-06,2.21,6.72,0.59,5.51,3.39,39,4
SB004715,STU00472,2026-04-24,0.71,8.37,4.25,2.69,4.97,5,2
SB004716,STU00472,2026-05-18,6.35,7.87,4.36,1.65,0.32,19,10
SB004717,STU00472,2026-02-25,4.93,4.86,4.27,2.17,3.45,13,1
SB004718,STU00472,2026-05-20,7.17,8.33,0.26,4.78,3.17,26,5
SB004719,STU00472,2026-02-11,0.97,6.94,3.08,2.29,4.97,43,10
SB004720,STU00472,2026-05-22,2.36,7.85,2.75,3.26,0.5,14,5
SB004721,STU00473,2026-04-25,2.09,7.7,2.86,4.92,1.26,7,4
SB004722,STU00473,2026-04-26,4.95,5.28,2.47,0.83,4.73,22,2
SB004723,STU00473,2026-05-05,6.45,7.3,1.86,3.47,3.47,40,5
SB004724,STU00473,2026-01-10,6.67,5.83,0.34,0.7,0.08,9,3
SB004725,STU00473,2026-02-14,0.94,7.11,1.95,0.6,1.99,36,3
SB004726,STU00473,2026-02-25,4.68,5.33,0.59,5.18,0.43,2,4
SB004727,STU00473,2026-03-27,0.96,8.43,4.35,4.29,2.28,40,9
SB004728,STU00473,2026-05-17,4.82,5.52,1.7,4.08,1.94,17,8
SB004729,STU00473,2026-06-08,2.17,7.31,4.97,1.76,3.68,42,3
SB004730,STU00473,2026-03-05,5.44,5.29,1.86,1.52,2.82,25,2
SB004731,STU00474,2026-04-20,2.39,8.21,3.66,3.38,2.29,7,10
SB004732,STU00474,2026-04-05,5.46,5.0,3.12,2.96,0.57,19,2
SB004733,STU00474,2026-05-20,0.64,8.67,4.37,1.49,1.85,24,5
SB004734,STU00474,2026-01-02,2.22,5.6,0.43,4.89,3.95,24,9
SB004735,STU00474,2026-05-24,4.0,6.53,2.77,3.54,1.27,50,4
SB004736,STU00474,2026-01-22,6.13,4.76,2.39,2.53,0.84,12,5
SB004737,STU00474,2026-05-02,4.05,7.15,0.77,5.89,3.36,32,3
SB004738,STU00474,2026-06-07,2.71,8.89,1.8,5.46,3.85,45,10
SB004739,STU00474,2026-04-13,7.67,7.47,0.31,1.37,4.0,6,7
SB004740,STU00474,2026-01-11,2.65,6.8,1.82,3.16,1.29,22,4
SB004741,STU00475,2026-01-02,5.4,5.25,1.42,1.51,4.2,42,2
SB004742,STU00475,2026-01-22,5.84,8.08,1.96,3.54,2.89,2,2
SB004743,STU00475,2026-02-07,7.29,8.38,1.27,3.39,2.62,37,7
SB004744,STU00475,2026-01-29,4.83,7.39,2.01,0.87,0.47,30,10
SB004745,STU00475,2026-01-05,5.25,8.98,1.28,0.88,2.12,27,8
SB004746,STU00475,2026-05-08,2.61,5.93,0.66,1.4,1.33,41,3
SB004747,STU00475,2026-04-28,4.18,5.78,3.25,1.47,3.33,36,10
SB004748,STU00475,2026-05-18,1.57,7.71,1.1,1.92,0.43,30,7
SB004749,STU00475,2026-02-23,2.32,6.43,4.84,1.72,2.01,35,10
SB004750,STU00475,2026-05-11,4.97,5.47,3.21,5.76,3.87,49,9
SB004751,STU00476,2026-01-11,2.22,5.91,4.28,5.17,0.42,11,6
SB004752,STU00476,2026-01-26,4.02,7.8,3.19,4.41,4.16,33,4
SB004753,STU00476,2026-01-23,3.1,5.35,1.34,2.38,4.14,19,2
SB004754,STU00476,2026-06-09,0.65,6.48,4.49,3.16,0.29,47,7
SB004755,STU00476,2026-01-31,7.46,7.13,4.59,1.97,4.67,41,2
SB004756,STU00476,2026-05-20,5.64,5.9,1.03,2.35,0.74,32,1
SB004757,STU00476,2026-04-07,2.2,7.28,0.25,1.22,1.96,36,5
SB004758,STU00476,2026-01-06,6.37,7.62,1.47,3.31,1.64,17,8
SB004759,STU00476,2026-02-05,2.72,7.61,2.65,4.15,0.35,50,10
SB004760,STU00476,2026-02-24,7.28,7.21,3.1,0.67,1.55,45,3
SB004761,STU00477,2026-03-28,1.36,8.52,2.67,3.14,1.26,32,6
SB004762,STU00477,2026-03-09,7.41,5.52,4.06,5.06,2.36,44,4
SB004763,STU00477,2026-01-25,3.38,5.57,1.34,3.79,3.8,9,2
SB004764,STU00477,2026-01-23,7.4,6.43,1.39,0.63,0.04,15,4
SB004765,STU00477,2026-02-09,4.35,6.56,3.69,0.85,0.83,17,3
SB004766,STU00477,2026-02-27,6.41,8.39,0.6,4.62,0.31,31,10
SB004767,STU00477,2026-06-15,1.79,4.73,4.96,3.13,4.45,50,5
SB004768,STU00477,2026-04-19,2.59,7.56,0.54,3.93,2.88,37,7
SB004769,STU00477,2026-03-23,4.58,5.13,3.25,0.81,4.33,8,1
SB004770,STU00477,2026-03-15,0.65,5.43,1.04,0.96,0.32,26,5
SB004771,STU00478,2026-01-28,5.55,8.54,1.01,4.63,2.41,13,2
SB004772,STU00478,2026-01-10,1.67,6.88,3.81,0.98,2.75,13,4
SB004773,STU00478,2026-03-09,3.06,5.2,1.24,2.91,2.68,31,6
SB004774,STU00478,2026-06-08,2.72,6.67,4.81,3.17,3.77,16,9
SB004775,STU00478,2026-05-02,2.26,7.53,4.42,0.94,0.22,49,3
SB004776,STU00478,2026-02-13,1.99,6.49,4.13,5.59,3.92,29,9
SB004777,STU00478,2026-01-09,7.1,5.02,2.1,5.53,2.28,30,7
SB004778,STU00478,2026-02-14,4.43,6.3,2.34,5.89,1.26,44,9
SB004779,STU00478,2026-03-24,1.69,6.81,2.63,3.41,3.33,50,2
SB004780,STU00478,2026-05-22,2.91,6.04,4.54,5.76,3.6,7,1
SB004781,STU00479,2026-01-18,5.06,6.62,2.43,3.79,4.68,21,9
SB004782,STU00479,2026-02-13,6.93,7.04,3.19,3.19,3.44,5,6
SB004783,STU00479,2026-03-11,0.63,6.9,2.68,4.05,1.13,13,7
SB004784,STU00479,2026-05-17,7.59,5.61,2.84,4.83,3.15,34,4
SB004785,STU00479,2026-05-08,2.97,8.97,0.52,3.29,0.57,43,2
SB004786,STU00479,2026-06-06,3.08,7.93,1.31,3.15,0.09,7,8
SB004787,STU00479,2026-05-15,1.14,6.94,1.3,1.47,0.49,27,1
SB004788,STU00479,2026-01-11,7.31,8.15,2.37,0.88,1.13,39,4
SB004789,STU00479,2026-03-20,1.58,5.39,3.2,4.21,4.18,2,8
SB004790,STU00479,2026-04-19,4.75,5.4,3.6,1.57,2.05,32,6
SB004791,STU00480,2026-03-07,2.67,6.77,4.36,1.9,2.25,42,2
SB004792,STU00480,2026-04-23,2.34,6.11,1.88,2.5,3.39,45,1
SB004793,STU00480,2026-03-29,3.05,6.78,1.23,2.76,4.29,13,5
SB004794,STU00480,2026-05-26,5.85,7.59,2.89,5.59,1.36,4,9
SB004795,STU00480,2026-06-25,2.34,5.45,3.0,3.46,2.75,20,8
SB004796,STU00480,2026-06-24,5.45,5.19,3.02,1.57,4.04,5,10
SB004797,STU00480,2026-04-19,5.51,6.74,0.82,0.97,4.15,16,7
SB004798,STU00480,2026-03-30,2.18,8.3,3.34,5.95,2.41,4,4
SB004799,STU00480,2026-05-08,6.58,7.89,4.44,3.52,0.82,7,4
SB004800,STU00480,2026-04-01,6.73,5.86,0.94,2.87,0.62,12,7
SB004801,STU00481,2026-05-05,2.38,5.38,0.03,1.55,3.07,30,7
SB004802,STU00481,2026-02-08,1.8,8.26,3.82,3.45,3.72,16,7
SB004803,STU00481,2026-06-16,2.03,8.75,1.97,1.4,4.72,22,8
SB004804,STU00481,2026-05-02,0.91,8.03,4.81,2.14,0.95,21,3
SB004805,STU00481,2026-05-23,2.03,4.74,4.8,5.77,3.53,33,9
SB004806,STU00481,2026-03-17,1.82,5.38,2.33,4.29,3.96,15,7
SB004807,STU00481,2026-03-30,1.59,7.55,2.32,0.97,1.59,38,7
SB004808,STU00481,2026-04-13,3.42,6.41,4.14,5.84,3.08,14,3
SB004809,STU00481,2026-05-03,5.61,8.83,0.98,4.24,0.38,14,4
SB004810,STU00481,2026-01-26,7.74,5.2,4.46,2.3,3.38,50,5
SB004811,STU00482,2026-02-27,2.1,8.95,4.23,5.47,0.88,37,5
SB004812,STU00482,2026-03-15,6.03,5.75,0.4,5.8,1.54,16,5
SB004813,STU00482,2026-02-21,3.88,6.44,4.97,0.81,2.74,1,10
SB004814,STU00482,2026-03-25,3.52,8.49,0.84,4.46,2.79,46,4
SB004815,STU00482,2026-04-14,2.91,4.81,1.94,4.18,2.6,19,2
SB004816,STU00482,2026-03-08,5.97,4.5,3.11,3.1,2.06,19,8
SB004817,STU00482,2026-04-29,4.02,5.16,3.62,2.94,4.61,33,2
SB004818,STU00482,2026-01-08,4.17,5.02,0.67,5.51,4.2,44,7
SB004819,STU00482,2026-06-13,0.92,8.02,1.1,3.52,2.01,1,9
SB004820,STU00482,2026-05-05,1.38,6.19,2.97,0.92,3.05,29,5
SB004821,STU00483,2026-06-20,2.33,5.63,1.99,2.82,3.56,13,4
SB004822,STU00483,2026-06-15,6.15,5.81,1.29,4.93,4.33,36,7
SB004823,STU00483,2026-01-15,0.88,8.56,1.02,2.4,3.24,0,4
SB004824,STU00483,2026-06-21,6.83,7.88,0.9,3.58,3.17,44,10
SB004825,STU00483,2026-06-01,6.25,6.51,2.5,0.67,1.52,23,5
SB004826,STU00483,2026-06-01,1.81,5.18,2.57,1.35,1.39,42,1
SB004827,STU00483,2026-02-16,6.34,6.27,3.31,4.17,1.02,8,5
SB004828,STU00483,2026-05-08,3.96,7.24,4.57,5.34,4.49,30,7
SB004829,STU00483,2026-01-14,3.29,7.06,2.36,3.62,2.99,38,2
SB004830,STU00483,2026-01-04,5.08,8.65,2.23,5.54,2.34,26,6
SB004831,STU00484,2026-02-03,3.12,8.83,0.97,5.29,1.77,28,5
SB004832,STU00484,2026-01-22,1.7,5.97,2.39,2.5,0.4,50,6
SB004833,STU00484,2026-06-16,3.41,4.9,4.65,1.26,3.85,5,3
SB004834,STU00484,2026-06-16,6.88,6.28,4.12,1.25,0.47,45,8
SB004835,STU00484,2026-06-26,0.9,8.24,4.44,4.03,4.07,24,3
SB004836,STU00484,2026-01-12,2.38,7.98,3.15,1.35,3.66,33,8
SB004837,STU00484,2026-01-19,0.69,7.68,1.21,1.7,3.87,21,5
SB004838,STU00484,2026-01-15,6.29,4.62,0.19,2.58,0.14,17,6
SB004839,STU00484,2026-04-08,5.35,8.73,0.45,3.9,1.1,37,2
SB004840,STU00484,2026-01-21,2.07,8.91,1.95,1.51,2.19,38,3
SB004841,STU00485,2026-04-18,6.66,4.66,3.43,1.76,3.48,13,7
SB004842,STU00485,2026-03-04,2.52,7.92,2.59,5.27,1.82,37,10
SB004843,STU00485,2026-04-26,3.87,6.22,4.12,2.31,1.96,35,8
SB004844,STU00485,2026-02-22,6.19,4.86,3.28,4.5,1.83,39,1
SB004845,STU00485,2026-05-27,7.61,5.86,3.21,1.09,4.45,9,2
SB004846,STU00485,2026-02-08,3.26,6.36,0.2,1.3,2.97,4,7
SB004847,STU00485,2026-03-10,6.17,6.14,2.02,0.76,2.42,24,1
SB004848,STU00485,2026-01-01,7.31,5.11,1.69,5.68,1.59,13,3
SB004849,STU00485,2026-04-21,3.98,8.08,1.2,2.3,3.12,35,8
SB004850,STU00485,2026-03-05,4.39,7.6,2.75,0.9,2.35,39,8
SB004851,STU00486,2026-06-12,1.12,6.46,1.65,0.55,4.31,28,2
SB004852,STU00486,2026-03-06,7.92,4.94,1.96,0.87,2.32,49,9
SB004853,STU00486,2026-04-21,7.88,5.74,0.7,1.26,4.62,9,5
SB004854,STU00486,2026-06-11,0.72,8.5,1.87,5.45,0.37,18,5
SB004855,STU00486,2026-02-15,4.39,4.79,4.09,3.33,2.96,36,4
SB004856,STU00486,2026-03-17,3.8,5.84,3.34,3.1,1.74,0,4
SB004857,STU00486,2026-05-12,3.13,6.79,3.73,5.92,0.1,14,6
SB004858,STU00486,2026-02-09,2.27,7.98,0.05,2.81,0.78,41,4
SB004859,STU00486,2026-05-12,2.16,7.62,4.97,3.04,2.93,38,7
SB004860,STU00486,2026-03-07,4.11,8.36,0.85,3.97,1.42,41,6
SB004861,STU00487,2026-03-01,4.14,6.1,2.55,3.22,4.51,2,7
SB004862,STU00487,2026-06-29,1.99,6.87,4.39,4.48,1.27,0,9
SB004863,STU00487,2026-06-03,0.75,8.31,2.84,5.87,1.52,47,2
SB004864,STU00487,2026-04-12,0.79,6.76,2.47,4.57,4.69,10,2
SB004865,STU00487,2026-05-25,6.63,6.48,2.77,3.24,0.03,30,6
SB004866,STU00487,2026-04-20,7.93,8.86,4.29,4.1,3.53,47,8
SB004867,STU00487,2026-03-16,1.08,5.4,0.46,0.86,3.4,29,10
SB004868,STU00487,2026-01-23,1.21,5.61,3.45,5.53,3.62,41,1
SB004869,STU00487,2026-04-27,5.97,6.08,4.43,2.03,0.92,13,9
SB004870,STU00487,2026-01-09,5.65,5.23,1.64,3.79,0.05,7,8
SB004871,STU00488,2026-04-23,4.17,6.62,0.38,4.61,2.45,23,7
SB004872,STU00488,2026-04-04,5.63,8.59,4.14,3.83,1.2,4,10
SB004873,STU00488,2026-02-15,1.97,7.73,1.47,3.26,0.13,40,8
SB004874,STU00488,2026-04-24,0.78,8.15,4.85,1.34,2.44,45,9
SB004875,STU00488,2026-01-16,7.03,5.42,2.77,0.88,2.22,48,2
SB004876,STU00488,2026-06-18,0.52,4.99,0.26,5.19,0.64,42,4
SB004877,STU00488,2026-04-06,5.53,8.98,1.85,2.55,2.1,44,1
SB004878,STU00488,2026-04-11,0.58,5.62,1.35,0.53,4.2,45,5
SB004879,STU00488,2026-04-08,4.45,6.7,0.89,2.94,2.39,14,6
SB004880,STU00488,2026-05-25,1.72,5.04,0.05,1.51,1.23,0,1
SB004881,STU00489,2026-04-02,3.75,6.79,3.88,1.43,0.41,1,9
SB004882,STU00489,2026-06-02,1.55,7.76,0.62,4.08,1.4,27,1
SB004883,STU00489,2026-01-19,3.26,7.71,3.53,2.24,0.76,23,2
SB004884,STU00489,2026-05-12,7.31,8.9,0.46,5.46,4.87,31,1
SB004885,STU00489,2026-01-12,5.26,7.92,3.9,1.48,3.65,0,9
SB004886,STU00489,2026-01-05,2.76,7.33,4.36,5.51,3.76,30,3
SB004887,STU00489,2026-04-17,7.7,7.34,0.63,1.75,1.87,41,3
SB004888,STU00489,2026-02-20,6.55,8.8,4.23,4.58,0.64,26,10
SB004889,STU00489,2026-03-20,2.54,8.68,0.58,4.45,4.99,50,8
SB004890,STU00489,2026-05-12,1.66,5.75,4.32,2.89,3.84,23,4
SB004891,STU00490,2026-05-05,3.46,8.54,2.8,3.26,4.12,13,1
SB004892,STU00490,2026-02-26,4.69,7.27,2.85,4.71,1.43,35,10
SB004893,STU00490,2026-01-20,7.54,4.68,0.28,1.45,4.67,43,5
SB004894,STU00490,2026-02-26,1.16,8.82,2.2,0.69,3.02,38,3
SB004895,STU00490,2026-06-20,7.53,7.34,4.92,3.3,2.85,40,8
SB004896,STU00490,2026-05-13,1.07,4.54,0.16,5.21,1.62,8,8
SB004897,STU00490,2026-06-09,6.69,6.08,0.0,0.65,3.65,13,9
SB004898,STU00490,2026-01-27,4.98,7.19,1.09,2.53,1.06,45,5
SB004899,STU00490,2026-05-29,5.79,6.14,2.62,3.49,0.71,19,9
SB004900,STU00490,2026-02-25,6.02,6.67,1.22,4.02,2.33,11,6
SB004901,STU00491,2026-06-07,0.95,8.65,1.46,4.27,0.58,26,6
SB004902,STU00491,2026-02-27,0.81,8.27,4.74,4.99,0.97,29,4
SB004903,STU00491,2026-03-12,5.55,5.05,4.44,2.58,4.43,16,2
SB004904,STU00491,2026-02-20,6.22,4.61,2.87,5.96,4.87,2,10
SB004905,STU00491,2026-03-20,7.86,5.14,3.71,1.02,2.99,5,3
SB004906,STU00491,2026-04-02,5.37,5.17,2.0,0.96,2.96,10,6
SB004907,STU00491,2026-03-06,7.72,5.68,4.75,4.32,0.16,21,7
SB004908,STU00491,2026-04-25,2.0,5.64,0.04,2.83,0.59,49,1
SB004909,STU00491,2026-05-29,1.34,7.56,4.47,0.53,1.0,42,7
SB004910,STU00491,2026-05-28,6.06,8.78,4.06,2.13,2.33,4,8
SB004911,STU00492,2026-02-16,3.03,8.64,0.2,1.64,4.96,29,3
SB004912,STU00492,2026-01-03,4.62,7.15,1.95,0.67,3.55,34,5
SB004913,STU00492,2026-06-29,2.38,6.59,4.63,3.34,1.44,44,3
SB004914,STU00492,2026-03-05,7.63,6.47,4.32,3.61,2.69,39,1
SB004915,STU00492,2026-02-01,6.96,6.14,2.44,4.48,2.2,50,10
SB004916,STU00492,2026-03-10,6.93,7.59,1.75,5.61,0.07,44,3
SB004917,STU00492,2026-01-17,5.56,6.05,4.23,2.05,1.94,22,3
SB004918,STU00492,2026-04-25,6.07,6.97,4.39,1.57,4.15,20,6
SB004919,STU00492,2026-05-29,5.26,7.06,1.68,0.95,3.09,32,5
SB004920,STU00492,2026-02-10,3.28,8.62,3.72,2.61,1.67,38,5
SB004921,STU00493,2026-06-05,2.68,8.73,2.33,1.55,2.94,2,5
SB004922,STU00493,2026-02-21,2.9,6.84,0.36,1.19,4.52,34,1
SB004923,STU00493,2026-01-19,4.54,7.33,3.8,5.31,3.78,4,6
SB004924,STU00493,2026-05-10,2.49,4.63,2.16,5.27,2.75,49,7
SB004925,STU00493,2026-03-13,1.14,8.62,4.25,1.52,4.46,46,6
SB004926,STU00493,2026-06-21,1.22,5.2,3.16,0.99,1.82,26,6
SB004927,STU00493,2026-03-24,0.56,4.98,3.51,5.38,1.83,31,5
SB004928,STU00493,2026-05-11,5.09,7.68,0.78,4.43,3.38,15,7
SB004929,STU00493,2026-03-03,2.61,5.85,4.74,4.73,3.64,5,1
SB004930,STU00493,2026-06-27,6.44,6.31,2.18,4.73,3.73,15,5
SB004931,STU00494,2026-01-03,3.09,5.53,3.65,3.33,3.4,5,4
SB004932,STU00494,2026-06-22,1.73,7.91,1.79,1.85,4.91,21,6
SB004933,STU00494,2026-02-13,5.29,8.32,4.61,0.68,2.86,29,1
SB004934,STU00494,2026-04-29,0.86,8.41,2.08,5.03,0.62,19,8
SB004935,STU00494,2026-06-05,4.57,5.56,3.74,4.38,3.64,36,2
SB004936,STU00494,2026-04-14,1.89,7.19,3.79,1.37,0.81,42,7
SB004937,STU00494,2026-06-12,1.69,6.78,0.2,4.4,2.68,6,4
SB004938,STU00494,2026-06-06,1.58,7.06,0.65,1.37,4.62,16,1
SB004939,STU00494,2026-06-01,2.81,8.67,4.88,5.09,0.85,26,2
SB004940,STU00494,2026-05-04,7.1,5.74,0.44,4.85,1.26,9,7
SB004941,STU00495,2026-03-21,1.44,8.57,0.2,0.83,4.95,37,1
SB004942,STU00495,2026-03-13,5.24,6.89,0.78,4.36,1.5,35,6
SB004943,STU00495,2026-06-04,2.26,6.58,1.34,1.89,1.89,12,6
SB004944,STU00495,2026-01-09,7.64,4.89,0.04,2.75,1.78,30,3
SB004945,STU00495,2026-03-01,6.73,6.27,0.71,4.06,1.13,5,10
SB004946,STU00495,2026-05-28,4.5,5.36,2.5,4.91,4.55,6,5
SB004947,STU00495,2026-06-07,5.74,4.62,1.73,4.14,3.71,10,9
SB004948,STU00495,2026-04-24,4.41,6.46,2.42,2.87,0.53,28,4
SB004949,STU00495,2026-04-11,2.71,5.72,2.88,1.41,4.73,18,6
SB004950,STU00495,2026-05-07,7.04,8.2,3.05,1.67,0.89,50,10
SB004951,STU00496,2026-02-18,2.96,6.94,4.03,5.72,3.44,48,5
SB004952,STU00496,2026-02-16,6.21,8.94,2.95,3.17,0.12,42,2
SB004953,STU00496,2026-03-04,7.47,6.58,3.4,2.89,0.7,15,4
SB004954,STU00496,2026-03-18,2.46,4.98,2.05,3.76,3.79,46,4
SB004955,STU00496,2026-02-21,0.56,7.41,2.87,1.55,0.68,32,1
SB004956,STU00496,2026-03-30,2.71,5.36,0.1,1.31,4.48,8,7
SB004957,STU00496,2026-04-23,5.15,8.97,1.64,4.8,1.54,9,6
SB004958,STU00496,2026-06-12,2.11,6.33,0.88,2.41,1.45,36,3
SB004959,STU00496,2026-06-17,3.19,6.19,2.61,5.02,4.81,49,7
SB004960,STU00496,2026-04-27,5.1,7.7,0.2,5.65,3.8,25,1
SB004961,STU00497,2026-06-17,3.73,7.29,3.92,3.16,3.84,27,6
SB004962,STU00497,2026-02-19,7.26,6.07,0.3,2.59,4.76,14,1
SB004963,STU00497,2026-06-05,3.67,7.38,1.74,1.23,2.32,30,8
SB004964,STU00497,2026-03-22,2.34,8.24,1.15,4.28,0.03,44,4
SB004965,STU00497,2026-06-26,7.1,7.33,4.91,1.35,0.21,7,2
SB004966,STU00497,2026-05-30,0.9,4.74,2.01,0.72,2.78,16,5
SB004967,STU00497,2026-02-05,1.93,5.37,4.9,3.01,3.1,10,5
SB004968,STU00497,2026-05-14,3.86,7.21,1.43,5.86,1.08,9,8
SB004969,STU00497,2026-03-23,2.74,7.45,2.51,3.64,0.48,30,4
SB004970,STU00497,2026-04-28,3.65,8.68,0.92,0.61,2.66,50,7
SB004971,STU00498,2026-01-05,1.05,7.85,2.38,5.32,2.05,6,8
SB004972,STU00498,2026-06-04,4.57,5.61,0.37,0.76,2.11,38,1
SB004973,STU00498,2026-03-14,2.97,6.74,0.66,4.81,0.06,3,8
SB004974,STU00498,2026-05-08,2.04,8.54,0.22,4.57,4.56,12,8
SB004975,STU00498,2026-04-05,0.99,4.84,0.03,4.29,2.16,15,10
SB004976,STU00498,2026-05-27,1.05,5.82,2.83,4.24,1.55,33,1
SB004977,STU00498,2026-01-16,7.67,7.64,2.16,0.88,2.48,25,4
SB004978,STU00498,2026-02-27,1.71,8.61,2.12,4.64,0.16,3,10
SB004979,STU00498,2026-01-01,5.27,8.42,4.97,5.84,2.52,24,7
SB004980,STU00498,2026-05-19,5.02,8.17,4.94,1.83,3.28,25,3
SB004981,STU00499,2026-04-01,6.34,7.3,0.55,5.59,1.08,8,9
SB004982,STU00499,2026-05-23,7.5,6.06,2.14,0.99,1.6,46,6
SB004983,STU00499,2026-01-18,7.42,5.04,1.72,1.94,1.64,32,8
SB004984,STU00499,2026-05-16,3.02,8.18,1.19,4.19,1.5,15,8
SB004985,STU00499,2026-04-19,5.13,6.77,0.33,1.9,1.7,37,7
SB004986,STU00499,2026-03-23,3.9,7.21,2.22,4.08,4.69,11,1
SB004987,STU00499,2026-03-11,6.55,5.78,2.67,2.06,0.35,25,3
SB004988,STU00499,2026-04-08,4.38,6.37,3.38,5.23,0.63,34,1
SB004989,STU00499,2026-02-15,6.01,6.57,1.1,5.27,1.45,42,1
SB004990,STU00499,2026-03-22,5.17,5.01,4.72,5.45,0.46,33,6
SB004991,STU00500,2026-02-12,1.19,5.8,4.28,1.81,3.32,39,6
SB004992,STU00500,2026-04-30,7.39,6.42,2.62,2.72,4.08,33,10
SB004993,STU00500,2026-02-03,4.65,7.74,3.03,3.14,4.67,29,3
SB004994,STU00500,2026-02-11,5.75,5.14,0.37,3.39,4.31,0,6
SB004995,STU00500,2026-01-21,5.78,5.2,2.19,3.64,4.15,4,10
SB004996,STU00500,2026-03-25,0.92,4.57,2.58,4.63,3.38,0,5
SB004997,STU00500,2026-05-10,2.26,6.82,3.53,5.63,2.57,45,3
SB004998,STU00500,2026-04-10,7.7,7.16,2.98,4.3,4.84,50,5
SB004999,STU00500,2026-04-23,2.69,8.85,1.73,2.07,4.31,23,1
SB005000,STU00500,2026-04-19,3.22,5.03,0.87,4.24,1.23,15,7
